userid,checkin_time,lat,lon,speed,direction,acceleration
473,2019-04-24 19:10:00,22.654732,114.127118,0.0,7.014738340863289,1.6710775142648318
473,2019-04-24 19:10:01,22.654747,114.12712,1.6710775142648318,0.0,-0.1109701409237404
473,2019-04-24 19:10:02,22.654762,114.12712,1.5601073733410913,8.080606371680688,-0.1064014207741674
473,2019-04-24 19:10:03,22.654775,114.127122,1.4537059525669238,4.0604938968062925,0.1038683071688357
473,2019-04-24 19:10:04,22.654788,114.127123,1.5575742597357596,0.0,0.1135032519585137
473,2019-04-24 19:10:05,22.654803,114.127123,1.671077511694273,7.014734750368632,0.2775374768176866
473,2019-04-24 19:10:06,22.654818,114.127125,1.94861498851196,0.0,0.4998246733925189
473,2019-04-24 19:10:07,22.654838,114.127125,2.448439661904479,4.397589420552265,0.275836040695498
473,2019-04-24 19:10:08,22.654862,114.127127,2.724275702599977,355.77766557916885,0.1227763826512453
473,2019-04-24 19:10:09,22.654887,114.127125,2.847052085251222,353.9219501001985,0.2125296886233787
473,2019-04-24 19:10:10,22.654913,114.127122,3.059581773874601,1.8226577221253704,0.1098889486431335
473,2019-04-24 19:10:11,22.654942,114.127123,3.1694707225177345,0.0,0.0653705342613988
473,2019-04-24 19:10:12,22.65497,114.127123,3.2348412567791334,8.743960425939349,0.482763936715668
473,2019-04-24 19:10:13,22.655,114.127128,3.717605193494801,17.557501938973246,0.3532052836961945
473,2019-04-24 19:10:14,22.655035,114.12714,4.070810477190996,29.97528444799013,0.0064537925651952
473,2019-04-24 19:10:15,22.65506700000001,114.12716,4.077264269756191,47.91766759340527,0.1743919146188597
473,2019-04-24 19:10:16,22.655092,114.12718999999998,4.251656184375051,59.64095998168682,-0.0352414969685508
473,2019-04-24 19:10:17,22.655112,114.127227,4.2164146874065,72.58455303549931,-0.0165216253147981
473,2019-04-24 19:10:18,22.655123,114.127265,4.199893062091702,82.64935406174362,0.3237223189537115
473,2019-04-24 19:10:19,22.655128,114.127307,4.523615381045413,89.99999113964884,0.2596345755726297
473,2019-04-24 19:10:20,22.655128,114.127353,4.783249956618043,97.87592475218749,-0.0699778974004461
473,2019-04-24 19:10:21,22.655122,114.1274,4.713272059217597,111.15663073489804,-0.3573401848931086
473,2019-04-24 19:10:22,22.655107,114.127442,4.355931874324488,131.14955307389545,0.0345927835616963
473,2019-04-24 19:10:23,22.655082,114.127473,4.390524657886185,151.24571664073477,0.1910868479605945
473,2019-04-24 19:10:24,22.655045,114.127495,4.581611505846779,159.98436541563524,0.2064302666624557
473,2019-04-24 19:10:25,22.655007,114.12751000000002,4.788041772509235,180.0,0.5096423018115441
473,2019-04-24 19:10:26,22.65496,114.12751000000002,5.297684074320779,188.7439660203404,0.1737758741445931
473,2019-04-24 19:10:27,22.654912,114.127502,5.471459948465372,190.66586906499825,-0.1410806321166369
473,2019-04-24 19:10:28,22.654863,114.127492,5.330379316348735,184.58799109691708,-0.0476235759907952
473,2019-04-24 19:10:29,22.654817,114.127488,5.28275574035794,177.8428574624495,0.3995471632607827
473,2019-04-24 19:10:30,22.654768,114.12749,5.682302903618723,175.0243383878053,0.1934118294995421
473,2019-04-24 19:10:31,22.654715,114.127495,5.875714733118265,171.9193870084373,-0.1527885875235162
473,2019-04-24 19:10:32,22.654663,114.127503,5.722926145594749,172.6382749723557,-0.1101649159308628
473,2019-04-24 19:10:33,22.654613,114.12751000000002,5.612761229663886,171.60068066810686,-0.1295331045933929
473,2019-04-24 19:10:34,22.654563,114.127518,5.483228125070493,175.60239948572826,-0.176607046644361
473,2019-04-24 19:10:35,22.654515,114.127522,5.306621078426132,173.28095879079342,-0.4707101433441378
473,2019-04-24 19:10:36,22.654468,114.127528,4.835910935081994,161.2222014106585,-0.4420059837190386
473,2019-04-24 19:10:37,22.65443,114.127542,4.393904951362956,162.035085062682,-0.3584855567581044
473,2019-04-24 19:10:38,22.654393,114.127555,4.035419394604851,144.05440808859237,-0.038225649642507
473,2019-04-24 19:10:39,22.654365,114.127577,3.997193744962344,121.04805802236795,0.3607723242285661
473,2019-04-24 19:10:40,22.654345000000006,114.12761299999998,4.35796606919091,112.11445391445784,0.2853676165861003
473,2019-04-24 19:10:41,22.65433,114.127653,4.64333368577701,100.45037162010328,0.356138136046443
473,2019-04-24 19:10:42,22.654322,114.1277,4.9994718218234535,105.15768430520536,0.054116178155426
473,2019-04-24 19:10:43,22.65431,114.127748,5.05358799997888,105.46489917740472,-0.2291271178244684
473,2019-04-24 19:10:44,22.654298,114.127795,4.824460882154411,112.43091671204088,0.0704707346572268
473,2019-04-24 19:10:45,22.654282,114.127837,4.894931616811638,128.15364315099976,0.2712707735243294
473,2019-04-24 19:10:46,22.654253,114.127877,5.166202390335967,138.97307311802246,0.1289296061557747
473,2019-04-24 19:10:47,22.654218,114.12791,5.295131996491742,154.74782173737344,0.1646501339547201
473,2019-04-24 19:10:48,22.654173,114.127933,5.459782130446462,161.16795107689768,-0.1068549985700562
473,2019-04-24 19:10:49,22.654127,114.12795,5.352927131876406,168.89126959752434,0.0089671586867687
473,2019-04-24 19:10:50,22.65408,114.12796000000002,5.361894290563175,171.25597880686178,0.2318397466621675
473,2019-04-24 19:10:51,22.654032,114.127968,5.593734037225342,175.93948229225362,0.2210901513864485
473,2019-04-24 19:10:52,22.65398,114.127972,5.814824188611791,171.91934432639346,-0.091897489226473
473,2019-04-24 19:10:53,22.653928,114.12798,5.722926699385318,172.63823600331966,-0.4054028087546539
473,2019-04-24 19:10:54,22.653878,114.127987,5.317523890630664,174.14542392216947,-0.8036194995262571
473,2019-04-24 19:10:55,22.653833,114.127992,4.513904391104407,178.5315618396894,-0.5664844953523991
473,2019-04-24 19:10:56,22.653797,114.127993,3.947419895752008,181.51037475720648,-0.3523806689162145
473,2019-04-24 19:10:57,22.653762,114.127992,3.595039226835793,195.98179448743917,-0.491426137411397
473,2019-04-24 19:10:58,22.653733,114.127983,3.103613089424396,207.5470243612856,-0.4896534625158293
473,2019-04-24 19:10:59,22.65371,114.12797,2.6139596269085668,226.28512193636269,-0.0496486276425862
473,2019-04-24 19:11:00,22.65369500000001,114.127953,2.5643109992659805,246.566165504433,0.3118817885367098
473,2019-04-24 19:11:01,22.653685,114.127928,2.8761927878026903,270.0000057792006,0.2777056043720125
473,2019-04-24 19:11:02,22.653685,114.127898,3.153898392174703,283.74921890493266,0.4103257088022789
473,2019-04-24 19:11:03,22.653692000000003,114.127867,3.5642241009769817,291.9238082928636,0.5464325572258426
473,2019-04-24 19:11:04,22.653705,114.127832,4.110656658202824,289.400746183154,0.5994624623611449
473,2019-04-24 19:11:05,22.653718,114.127792,4.710119120563969,294.5850582269909,0.5078661235353685
473,2019-04-24 19:11:06,22.653737,114.127747,5.217985244099338,295.8345079788746,0.3523649535290358
473,2019-04-24 19:11:07,22.653758,114.1277,5.570350197628374,297.48022898318044,0.3296831558970226
473,2019-04-24 19:11:08,22.653782,114.12765,5.900033353525396,297.51780988435985,0.2405151516412944
473,2019-04-24 19:11:09,22.653807,114.127598,6.140548505166691,299.7897885031475,-0.1235056488066463
473,2019-04-24 19:11:10,22.653835,114.127545,6.017042856360044,301.3633922109427,-0.1726582588991254
473,2019-04-24 19:11:11,22.653862,114.127497,5.844384597460919,305.5540049547812,0.0008007212180523
473,2019-04-24 19:11:12,22.653893,114.12745,5.845185318678971,318.03859056198627,0.0151222429752388
473,2019-04-24 19:11:13,22.653932,114.127412,5.86030756165421,315.8306085360916,-0.1242938308987708
473,2019-04-24 19:11:14,22.65397,114.127372,5.736013730755439,314.2001900817111,-0.0796596649323975
473,2019-04-24 19:11:15,22.654005,114.127333,5.656354065823042,312.7696573687716,0.3013448602080721
473,2019-04-24 19:11:16,22.65404,114.127292,5.957698926031114,311.69984731162026,0.3850706504593368
473,2019-04-24 19:11:17,22.654077,114.127247,6.342769576490451,307.9611631988238,0.4022821908057832
473,2019-04-24 19:11:18,22.654113,114.127197,6.745051767296234,306.0909245736819,0.1952947382060115
473,2019-04-24 19:11:19,22.65415,114.127142,6.940346505502245,302.10209833046616,0.0098200636627163
473,2019-04-24 19:11:20,22.654183,114.127085,6.950166569164962,298.44893664780625,-0.1674340528604974
473,2019-04-24 19:11:21,22.654213,114.127025,6.782732516304464,295.0359167670224,-0.2792156599519897
473,2019-04-24 19:11:22,22.654238,114.126967,6.503516856352475,290.1694840418468,-0.1017974347601322
473,2019-04-24 19:11:23,22.654258,114.126908,6.401719421592342,290.48855357372,-0.3077430711496047
473,2019-04-24 19:11:24,22.654278,114.12685,6.0939763504427376,291.2292714424647,-0.31705365373403
473,2019-04-24 19:11:25,22.654297,114.126797,5.776922696708708,298.9364456548747,-0.2812407757620256
473,2019-04-24 19:11:26,22.654322,114.126748,5.495681920946682,309.1009023152609,-0.0541110256897452
473,2019-04-24 19:11:27,22.654352,114.126708,5.441570895256937,323.39586205859814,0.448932305586867
473,2019-04-24 19:11:28,22.654393,114.126675,5.890503200843804,338.67262342715765,0.4417724597775727
473,2019-04-24 19:11:29,22.65444500000001,114.126653,6.332275660621376,350.9593903474737,0.4833310400662789
473,2019-04-24 19:11:30,22.654503,114.126643,6.815606700687655,357.5230260461227,0.5277409015460455
473,2019-04-24 19:11:31,22.654567,114.12664,7.343347602233701,358.445233821803,0.4409736476298995
473,2019-04-24 19:11:32,22.654635,114.126638,7.7843212498636,0.0,0.9566861806291982
473,2019-04-24 19:11:33,22.654707,114.126638,8.741007430492798,5.5808096314395925,0.7218347920260069
473,2019-04-24 19:11:34,22.654792,114.126647,9.462842222518804,0.0,-0.0044521147655842
473,2019-04-24 19:11:35,22.654877,114.126647,9.45839010775322,355.6539506714148,0.1039944650913291
473,2019-04-24 19:11:36,22.654962,114.12664,9.56238457284455,352.0585361938896,0.2454753970639185
473,2019-04-24 19:11:37,22.655048,114.126627,9.807859969908469,0.0,0.1998149512730886
473,2019-04-24 19:11:38,22.655138,114.126627,10.007674921181556,0.5874771908804064,0.0010521222839052
473,2019-04-24 19:11:39,22.655228,114.126628,10.008727043465464,1.174830119202511,-0.1674410385057942
473,2019-04-24 19:11:40,22.655318,114.12663,9.841286004959668,0.0,0.0028082542322351
473,2019-04-24 19:11:41,22.655405,114.12663,9.844094259191904,2.934913544438416,0.0587691261519989
473,2019-04-24 19:11:42,22.655495,114.126635,9.902863385343904,1.2015207597499398,-0.0031904469989818
473,2019-04-24 19:11:43,22.655583,114.12663700000002,9.89967293834492,1.7619320277164547,0.2202360183144449
473,2019-04-24 19:11:44,22.655673,114.12664,10.119908956659366,0.0,0.2768166848676578
473,2019-04-24 19:11:45,22.655765,114.12664,10.396725641527023,0.0,0.0555974630116171
473,2019-04-24 19:11:46,22.65586,114.12664,10.45232310453864,0.0,-0.2747536702142454
473,2019-04-24 19:11:47,22.655953,114.12664,10.177569434324395,2.9349018482755582,-0.439359273411176
473,2019-04-24 19:11:48,22.656043,114.126645,9.73821016091322,1.8654977242739503,-0.605802222917303
473,2019-04-24 19:11:49,22.656128,114.126648,9.132407937995916,4.674675186878346,-1.0341236087464658
473,2019-04-24 19:11:50,22.656207,114.126655,8.09828432924945,6.382486273237532,-1.3271125691226322
473,2019-04-24 19:11:51,22.656273,114.126663,6.771171760126818,6.698775849597098,-1.181363307122611
473,2019-04-24 19:11:52,22.656328,114.12667,5.589808453004207,14.126875729851918,-1.2103216448519625
473,2019-04-24 19:11:53,22.656372,114.126682,4.379486808152245,9.524796201328286,-1.5207155014720062
473,2019-04-24 19:11:54,22.656405,114.126688,2.8587713066802385,20.80625873850613,-1.5349945605648851
473,2019-04-24 19:11:55,22.656422,114.126695,1.3237767461153531,65.08940593213373,-1.0432302860062743
473,2019-04-24 19:11:56,22.656425,114.126702,0.2805464601090788,26.205333852998933,0.0283293587447268
473,2019-04-24 19:12:04,22.65644,114.12671,0.5071813300668935,4.222286083986148,2.8322156622941725
473,2019-04-24 19:12:05,22.656465,114.126712,3.339396992361066,1.510344645376108,1.1157920130714205
473,2019-04-24 19:12:06,22.6565,114.126713,4.455189005432486,4.689437861932049,1.2389146049886328
473,2019-04-24 19:12:07,22.656545,114.126717,5.694103610421119,5.548304866806177,0.8906280190695206
473,2019-04-24 19:12:08,22.656602,114.126723,6.58473162949064,4.32571716026996,0.2693286975276745
473,2019-04-24 19:12:09,22.656663,114.126728,6.854060327018314,3.4072182004226192,0.8125690879736807
473,2019-04-24 19:12:10,22.656725,114.126732,7.666629414991995,9.087874102588728,1.053614329714195
473,2019-04-24 19:12:11,22.6568,114.126745,8.72024374470619,8.528501253658362,0.4553025746363701
473,2019-04-24 19:12:12,22.65688,114.126758,9.17554631934256,9.468422072429236,0.3358819797236023
473,2019-04-24 19:12:13,22.656963,114.126773,9.511428299066162,12.25079380727476,0.314189308835207
473,2019-04-24 19:12:14,22.657048,114.126793,9.82561760790137,14.28256897570435,0.1443584795630474
473,2019-04-24 19:12:15,22.657135,114.126817,9.969976087464415,13.710370028564624,-0.2643368093848561
473,2019-04-24 19:12:16,22.657222,114.12684,9.70563927807956,12.536742967511088,-0.4137792965614029
473,2019-04-24 19:12:17,22.657305,114.12686,9.291859981518158,12.991188582423774,-0.5761975774437769
473,2019-04-24 19:12:18,22.657385,114.12688,8.715662404074381,12.128639260580258,-0.7275594269896288
473,2019-04-24 19:12:19,22.657458,114.126897,7.988102977084752,13.924177089874265,-1.0789654773657409
473,2019-04-24 19:12:20,22.657525,114.126915,6.909137499719011,16.488753997536833,-1.066583655297766
473,2019-04-24 19:12:21,22.657578,114.126932,5.8425538444212455,19.46451145335641,-0.9793183317326052
473,2019-04-24 19:12:22,22.657625,114.12695,4.86323551268864,21.57857747418967,-0.6597395100968866
473,2019-04-24 19:12:23,22.65766,114.12696499999998,4.203496002591754,14.004506962492314,-0.1512931638419292
473,2019-04-24 19:12:24,22.657697,114.126975,4.052202838749825,18.550301886199293,-0.1066724980670752
473,2019-04-24 19:12:25,22.65773,114.126987,3.945530340682749,14.770653023001898,0.0319270514411353
473,2019-04-24 19:12:26,22.657765,114.126997,3.9774573921238847,8.989582706370413,-0.2172598978476618
473,2019-04-24 19:12:27,22.6578,114.127003,3.760197494276223,6.580141833951586,-0.2515501630229457
473,2019-04-24 19:12:28,22.657832,114.127007,3.508647331253277,0.0,-0.1172020684467574
473,2019-04-24 19:12:29,22.657863,114.127007,3.39144526280652,0.0,-0.1111949265537317
473,2019-04-24 19:12:30,22.657893,114.127007,3.280250336252788,0.0,-0.2762342453458961
473,2019-04-24 19:12:31,22.657922,114.127007,3.004016090906892,355.77775934029165,-0.3274583621318983
473,2019-04-24 19:12:32,22.657947,114.127005,2.676557728774993,355.41211389040296,0.3144410352988247
473,2019-04-24 19:12:33,22.65797,114.127003,2.9909987640738183,346.17503994548696,0.3400453122961213
473,2019-04-24 19:12:34,22.658,114.126995,3.33104407636994,337.69938359390864,-0.2084184907540511
473,2019-04-24 19:12:35,22.658027,114.126983,3.1226255856158884,337.9008328934109,-0.4781579628182038
473,2019-04-24 19:12:36,22.658052,114.126972,2.6444676227976847,305.1594325306441,-0.4399691719238947
473,2019-04-24 19:12:37,22.658065,114.126952,2.20449845087379,305.84521903845604,0.3713839119679236
473,2019-04-24 19:12:38,22.658075,114.126937,2.5758823628417136,307.96196592540355,0.8272628829267998
473,2019-04-24 19:12:39,22.658093,114.126912,3.4031452457685134,308.7537572040149,-0.1334104743035009
473,2019-04-24 19:12:40,22.658113,114.12688500000002,3.2697347714650125,301.2508727099233,-0.4002823446542725
473,2019-04-24 19:12:41,22.658127,114.12686,2.86945242681074,281.3470191947576,0.3597680734453123
473,2019-04-24 19:12:42,22.658132,114.126833,3.2292205002560523,278.79983009331863,0.3896671942815652
473,2019-04-24 19:12:43,22.658137,114.126798,3.6188876945376176,275.3065860963754,0.1413085303402965
473,2019-04-24 19:12:44,22.65814,114.12676299999998,3.760196224877914,274.88976383760723,0.1426587503386933
473,2019-04-24 19:12:45,22.658143,114.126725,3.902854975216608,270.00000731690926,0.1005916634242449
473,2019-04-24 19:12:46,22.658143,114.12668700000002,4.0034466386408525,273.1013614977908,0.5682385627951705
473,2019-04-24 19:12:47,22.658145,114.126647,4.571685201436023,272.53255173747766,0.8295299974292805
473,2019-04-24 19:12:48,22.658147,114.126598,5.401215198865303,275.52635638522696,0.8227762303074444
473,2019-04-24 19:12:49,22.658152,114.126542,6.223991429172748,272.8632142933701,0.9292416122624284
473,2019-04-24 19:12:50,22.658155,114.126477,7.153233041435176,275.8527360580383,0.6005526042839522
473,2019-04-24 19:12:51,22.658162,114.126403,7.753785645719128,278.11475739190314,0.0809680271174739
473,2019-04-24 19:12:52,22.658172,114.126327,7.834753672836602,279.03068435132263,-0.0838852737210515
473,2019-04-24 19:12:53,22.658183,114.126252,7.750868399115551,279.9665426341634,-0.0089788700022861
473,2019-04-24 19:12:54,22.658195000000006,114.126178,7.741889529113265,278.2214861698389,-0.2198185329726332
473,2019-04-24 19:12:55,22.658205,114.126103,7.522070996140632,278.79984160247875,-0.6253246291445418
473,2019-04-24 19:12:56,22.658215,114.126033,6.89674636699609,277.8349676229612,-0.6837521637172088
473,2019-04-24 19:12:57,22.658223,114.12597,6.212994203278881,277.5802849811921,-0.4064757897710231
473,2019-04-24 19:12:58,22.65823,114.12591299999998,5.806518413507858,278.9572655247469,-0.0242476360325332
473,2019-04-24 19:12:59,22.658238,114.125858,5.782270777475325,280.9517562844383,0.2218290138348777
473,2019-04-24 19:13:00,22.658248,114.125802,6.004099791310202,280.4073715306219,0.2247931402072547
473,2019-04-24 19:13:01,22.658258,114.125743,6.228892931517457,277.0884512434899,0.282403003663874
473,2019-04-24 19:13:02,22.658265,114.125682,6.511295935181331,276.6562813294122,0.4526750318927632
473,2019-04-24 19:13:03,22.658272,114.125617,6.963970967074094,275.3065980814685,0.3572997178005765
473,2019-04-24 19:13:04,22.658278,114.125547,7.321270684874671,276.014141012658,0.1077373189438581
473,2019-04-24 19:13:05,22.658285,114.125475,7.429008003818529,276.014141329046,0.0570151645701875
473,2019-04-24 19:13:06,22.658292000000007,114.125403,7.486023168388717,276.7724382799742,0.0867891294700591
473,2019-04-24 19:13:07,22.6583,114.12533,7.572812297858776,280.1002861057837,0.2476522304012967
473,2019-04-24 19:13:08,22.658312,114.125257,7.820464528260072,280.367712679394,0.2020403749045138
473,2019-04-24 19:13:09,22.658325,114.12518,8.022504903164586,279.5855933409307,0.1249308058508251
473,2019-04-24 19:13:10,22.658337,114.125103,8.147435709015411,277.7140420499623,0.2751663164064606
473,2019-04-24 19:13:11,22.658347,114.125023,8.422602025421872,275.9627639292072,0.2426474898655293
473,2019-04-24 19:13:12,22.658355,114.12494,8.665249515287401,275.8234404180279,0.4650280161905034
473,2019-04-24 19:13:13,22.658363,114.124855,9.130277531477905,276.05122714737274,0.3243998421097469
473,2019-04-24 19:13:14,22.658372,114.124763,9.454677373587652,277.46265184010934,0.1227472826750712
473,2019-04-24 19:13:15,22.658383,114.124672,9.577424656262725,277.8761368497524,0.2616793586639172
473,2019-04-24 19:13:16,22.658395,114.124578,9.83910401492664,277.71404840387834,0.2617211328566782
473,2019-04-24 19:13:17,22.658407,114.124482,10.100825147783318,278.09860044753634,0.2033108640187624
473,2019-04-24 19:13:18,22.65842,114.124383,10.30413601180208,277.4089876278605,0.1892552026120828
473,2019-04-24 19:13:19,22.658432,114.124283,10.493391214414164,276.6013956537112,0.1527874533436382
473,2019-04-24 19:13:20,22.658443,114.12418,10.646178667757802,277.1954893421296,0.0577242655523608
473,2019-04-24 19:13:21,22.658455,114.124077,10.703902933310165,277.1270178151095,0.146041467673534
473,2019-04-24 19:13:22,22.658467,114.123973,10.849944400983697,276.4161468512258,0.1528602297901997
473,2019-04-24 19:13:23,22.658478,114.123867,11.002804630773896,276.9291674076368,0.0643738872827128
473,2019-04-24 19:13:24,22.65849,114.12376,11.06717851805661,277.50027164362405,0.0509009827430855
473,2019-04-24 19:13:25,22.658503,114.123653,11.118079500799697,276.8656252789288,0.0441220626409659
473,2019-04-24 19:13:26,22.658515,114.123545,11.16220156344066,276.8656258732766,0.1086037157415322
473,2019-04-24 19:13:27,22.658527,114.123437,11.270805279182191,277.2979574899017,0.0578753329439472
473,2019-04-24 19:13:28,22.65854,114.123327,11.32868061212614,277.3641798796976,-0.2106050996520032
473,2019-04-24 19:13:29,22.658553,114.123218,11.118075512474135,276.99389587112904,-0.2614458545499101
473,2019-04-24 19:13:30,22.658565,114.123112,10.856629657924229,277.12702347129147,-0.2679603930724852
473,2019-04-24 19:13:31,22.658577,114.123008,10.588669264851742,276.1239122060037,-0.2612055645321707
473,2019-04-24 19:13:32,22.658587,114.122907,10.327463700319573,276.8656276847806,-0.2696281831830109
473,2019-04-24 19:13:33,22.658598,114.122808,10.05783551713656,279.7093562396514,-0.6228041547719361
473,2019-04-24 19:13:34,22.658613,114.122713,9.435031362364624,280.7030502857424,-0.961191547313959
473,2019-04-24 19:13:35,22.658628,114.122627,8.473839815050665,285.35079606527165,-1.2160325612697376
473,2019-04-24 19:13:36,22.658647,114.122552,7.257807253780927,289.860394858897,-0.8389517447956623
473,2019-04-24 19:13:37,22.658667,114.122492,6.418855508985265,307.1820597246404,0.0667385981622379
473,2019-04-24 19:13:38,22.658702,114.122442,6.485594107147503,319.26185867123763,0.0942398738280143
473,2019-04-24 19:13:39,22.658747,114.1224,6.5798339809755175,329.1579080412054,0.0989951061270693
473,2019-04-24 19:13:40,22.658798,114.122367,6.678829087102587,338.766180277364,0.0682387055250997
473,2019-04-24 19:13:41,22.658855,114.122343,6.747067792627687,344.01877825247647,-0.0854234431320382
473,2019-04-24 19:13:42,22.658913,114.122325,6.661644349495648,351.110437849462,0.029749678580301
473,2019-04-24 19:13:43,22.658972,114.122315,6.691394028075949,0.0,0.3146378338189084
473,2019-04-24 19:13:44,22.659033,114.122315,7.006031861894858,1.6264340657949106,0.4484435134530038
473,2019-04-24 19:13:45,22.659098,114.122317,7.454475375347862,2.297606053903394,0.2797007183009983
473,2019-04-24 19:13:46,22.659167,114.12232,7.73417609364886,2.26481635508452,0.1292056673162829
473,2019-04-24 19:13:47,22.659237,114.122323,7.863381760965143,6.671918952677117,0.2301863878038661
473,2019-04-24 19:13:48,22.659308,114.122332,8.093568148769009,3.5678945973018585,0.2618183581466375
473,2019-04-24 19:13:49,22.659382,114.12233700000002,8.355386506915647,3.47423376462001,0.2719893641066608
473,2019-04-24 19:13:50,22.659458,114.122342,8.627375871022307,2.0070194770936496,0.2776823525848417
473,2019-04-24 19:13:51,22.659537,114.122345,8.90505822360715,3.260248909042673,0.0118159651168561
473,2019-04-24 19:13:52,22.659618,114.12235,8.916874188724005,4.674556841258891,-0.1542121892772296
473,2019-04-24 19:13:53,22.659697,114.122357,8.762661999446776,5.40677047323959,0.443143850299732
473,2019-04-24 19:13:54,22.659775,114.122365,9.205805849746508,4.246358839584161,0.5465845054609897
473,2019-04-24 19:13:55,22.659862,114.122372,9.752390355207496,3.600230205142907,0.1600371523573454
473,2019-04-24 19:13:56,22.65995,114.122378,9.912427507564844,2.9348165298820845,0.1208596562997232
473,2019-04-24 19:13:57,22.66004,114.122383,10.033287163864566,5.272359070909204,0.2891577667079037
473,2019-04-24 19:13:58,22.66013,114.122392,10.32244493057247,4.443522474956183,0.4392195794792748
473,2019-04-24 19:13:59,22.660225,114.1224,10.761664510051745,4.30801332090283,0.229900337217785
473,2019-04-24 19:14:00,22.660323,114.122408,10.99156484726953,5.325299298092716,0.1198114075446881
473,2019-04-24 19:14:01,22.660422,114.122418,11.111376254814218,5.272344103240357,0.0553609965990986
473,2019-04-24 19:14:02,22.660522,114.122428,11.166737251413316,5.27234026988782,0.0507884822397741
473,2019-04-24 19:14:03,22.660622,114.122438,11.21752573365309,4.700850950622794,-0.008450834950743
473,2019-04-24 19:14:04,22.660723,114.122447,11.209074898702347,4.222152481868193,-0.3402895950663005
473,2019-04-24 19:14:05,22.660823,114.122455,10.868785303636049,3.8898889078404864,-0.4658585987722556
473,2019-04-24 19:14:06,22.660918,114.122462,10.402926704863791,0.0,-0.1724788511542314
473,2019-04-24 19:14:07,22.66101,114.122462,10.23044785370956,358.8507511589213,-0.0497755604752008
473,2019-04-24 19:14:08,22.661102,114.12246,10.18067229323436,357.0974030812551,-0.0987158541154169
473,2019-04-24 19:14:09,22.661193,114.122455,10.081956439118942,355.8947365669638,-0.1002992786573404
473,2019-04-24 19:14:10,22.661283,114.122448,9.981657160461602,355.2582767792828,-0.0704095929645518
473,2019-04-24 19:14:11,22.661372,114.12244,9.91124756749705,351.06090189685443,0.0017628387123824
473,2019-04-24 19:14:12,22.66146,114.122425,9.913010406209432,346.8650215345751,-0.1325195453137944
473,2019-04-24 19:14:13,22.661547,114.122403,9.780490860895638,348.94284823239,-0.291301629184014
473,2019-04-24 19:14:14,22.661632,114.122385,9.489189231711624,344.102331520454,-0.0760301361701589
473,2019-04-24 19:14:15,22.661713,114.12236,9.413159095541465,337.7636209345866,-0.0882792413863757
473,2019-04-24 19:14:16,22.661792,114.122325,9.324879854155087,335.52281853319084,-0.0299681918201937
473,2019-04-24 19:14:17,22.661867,114.12228799999998,9.294911662334895,332.1180866666891,0.412575983676124
473,2019-04-24 19:14:18,22.661942,114.122245,9.70748764601102,327.7322960105776,0.3232525042780221
473,2019-04-24 19:14:19,22.662018,114.122193,10.03074015028904,325.9132011819593,0.0793525391142555
473,2019-04-24 19:14:20,22.662093,114.122138,10.110092689403295,321.98133507999046,0.1590065903153803
473,2019-04-24 19:14:21,22.662165,114.122077,10.269099279718676,318.54764700042995,0.0138253444436386
473,2019-04-24 19:14:22,22.662235,114.12201,10.282924624162316,315.1788730500033,0.1669920813218244
473,2019-04-24 19:14:23,22.6623,114.12194,10.44991670548414,314.0707360954418,0.3712326074510219
473,2019-04-24 19:14:24,22.662367,114.121865,10.821149312935162,311.3633181515024,0.3460908553377191
473,2019-04-24 19:14:25,22.662432,114.121785,11.16724016827288,310.0785269188763,0.34573486349346
473,2019-04-24 19:14:26,22.662498,114.1217,11.512975031766342,309.8467157579436,0.2329601005470909
473,2019-04-24 19:14:27,22.662565,114.12161299999998,11.745935132313432,308.8942609472667,0.2050940999650219
473,2019-04-24 19:14:28,22.662632,114.121523,11.951029232278454,307.562346767757,0.3516713294397906
473,2019-04-24 19:14:29,22.662698,114.12143,12.302700561718243,307.62717771123147,0.1897876515449787
473,2019-04-24 19:14:30,22.662767,114.121333,12.492488213263224,307.50989882362586,0.1152385131549564
473,2019-04-24 19:14:31,22.662835,114.121237,12.60772672641818,307.4605504145194,0.1309435945237123
473,2019-04-24 19:14:32,22.662905,114.121138,12.738670320941893,309.7847503572444,0.2545673052326087
473,2019-04-24 19:14:33,22.662978,114.121043,12.9932376261745,308.8239378324469,0.326361573590864
473,2019-04-24 19:14:34,22.663053,114.120942,13.319599199765364,306.8785720633808,0.062177564923175
473,2019-04-24 19:14:35,22.663125,114.120838,13.38177676468854,306.61574030056926,-0.2561022158743657
473,2019-04-24 19:14:36,22.663197,114.120733,13.125674548814176,306.11463091415084,-0.3384060843295327
473,2019-04-24 19:14:37,22.663265,114.120632,12.787268464484642,306.3865073997937,-0.4451948348361743
473,2019-04-24 19:14:38,22.663333,114.120532,12.342073629648468,305.2695524740397,-0.3187646508616897
473,2019-04-24 19:14:39,22.663395,114.120437,12.023308978786778,304.70879565665484,-0.1579041471615241
473,2019-04-24 19:14:40,22.663457,114.12033999999998,11.865404831625254,305.6982173451537,-0.3742606152738794
473,2019-04-24 19:14:41,22.663518,114.120248,11.491144216351374,307.3617633965184,-0.2183685976738445
473,2019-04-24 19:14:42,22.66358,114.12016,11.27277561867753,308.7713401414176,-0.1703553256267529
473,2019-04-24 19:14:43,22.663643,114.120075,11.102420293050775,310.22449613794385,-0.4639221725191387
473,2019-04-24 19:14:44,22.663707,114.119993,10.638498120531638,311.3927272863481,-0.4206374511835662
473,2019-04-24 19:14:45,22.663768,114.119918,10.217860669348072,314.3287336996528,0.2268917976233577
473,2019-04-24 19:14:46,22.663832,114.119847,10.44475246697143,312.45213902026416,0.1878363479690428
473,2019-04-24 19:14:47,22.663897,114.11977,10.632588814940473,313.2038998334897,-0.0752741958777285
473,2019-04-24 19:14:48,22.663962,114.119695,10.557314619062744,311.5617650316932,-0.0746352078954544
473,2019-04-24 19:14:49,22.664025,114.119618,10.48267941116729,312.3113846932684,-0.1893755370982752
473,2019-04-24 19:14:50,22.664088,114.119543,10.293303874069014,312.62610162726105,-0.0374580427258823
473,2019-04-24 19:14:51,22.66415,114.11947,10.255845831343132,311.8554129542975,0.1161051477801855
473,2019-04-24 19:14:52,22.664212,114.119395,10.371950979123318,310.6461849113526,0.1107178622422999
473,2019-04-24 19:14:53,22.664273,114.119318,10.482668841365616,313.2039781866326,0.081871505683333
473,2019-04-24 19:14:54,22.664338,114.119243,10.56454034704895,316.4831211356393,-0.1527091922700467
473,2019-04-24 19:14:55,22.664407,114.119172,10.411831154778904,319.40790533266613,-0.0525086551581761
473,2019-04-24 19:14:56,22.664477,114.119107,10.359322499620728,318.95100688561377,0.0843955848793598
473,2019-04-24 19:14:57,22.664548,114.11903999999998,10.443718084500087,320.2036149898629,0.0084719660874839
473,2019-04-24 19:14:58,22.664620000000006,114.118975,10.452190050587571,322.6626050855733,-0.0567288510415906
473,2019-04-24 19:14:59,22.664695,114.118913,10.39546119954598,326.1340769830168,-0.4177191077838831
473,2019-04-24 19:15:00,22.664772,114.118857,9.977742091762098,324.9377254573336,-0.3103413726480646
473,2019-04-24 19:15:01,22.664843,114.118803,9.667400719114031,328.0566246891138,-0.5308074333897608
473,2019-04-24 19:15:02,22.66491700000001,114.118753,9.136593285724272,327.42779696481216,-1.356802283967916
473,2019-04-24 19:15:03,22.664982,114.118708,7.779791001756356,331.0282792773517,0.2620126387956265
473,2019-04-24 19:15:04,22.665037,114.118675,8.041803640551983,333.1775176699515,0.1949943243265544
473,2019-04-24 19:15:05,22.66511,114.118635,8.236797964878537,329.0787012191522,-0.996688142256862
473,2019-04-24 19:15:06,22.665167,114.118598,7.240109822621675,329.57775138608946,-0.1479148118851778
473,2019-04-24 19:15:07,22.665222,114.118563,7.092195010736497,329.57776144372065,-0.14776870544397
473,2019-04-24 19:15:08,22.665277,114.118528,6.944426305292527,330.1202303906811,-0.6704883602196015
473,2019-04-24 19:15:09,22.66533,114.118495,6.273937945072926,324.0565955486503,-1.507892558073152
473,2019-04-24 19:15:10,22.665372,114.118462,4.766045386999774,307.18340246552924,-0.7911288817788735
473,2019-04-24 19:15:11,22.665393,114.118432,3.9749165052209,327.60875834294694,0.717889931227937
473,2019-04-24 19:15:12,22.665425,114.11841,4.692806436448837,334.2029223136182,0.6487051559951569
473,2019-04-24 19:15:13,22.665467,114.11838799999998,5.341511592443994,351.6013415823247,-0.5138380492754875
473,2019-04-24 19:15:14,22.665517,114.11838,4.8276735431685065,352.6966439166392,-0.2823924945556637
473,2019-04-24 19:15:15,22.665553,114.118375,4.545281048612843,351.8314499570249,0.1386934421407506
473,2019-04-24 19:15:16,22.665598000000006,114.118368,4.683974490753593,18.327479936509462,-0.2087631996786845
473,2019-04-24 19:15:17,22.665637,114.118382,4.475211291074909,34.956146370988165,-0.1337089024694799
473,2019-04-24 19:15:18,22.66567,114.118407,4.341502388605429,37.559350756415085,-0.0531779010348616
473,2019-04-24 19:15:19,22.6657,114.118432,4.288324487570567,27.80251949827391,0.038063859056983
473,2019-04-24 19:15:20,22.665735,114.118452,4.32638834662755,30.422149707219205,-0.266858659595349
473,2019-04-24 19:15:21,22.665768,114.118473,4.059529687032201,30.302864758286603,-0.3991788412609556
473,2019-04-24 19:15:22,22.665798,114.118492,3.6603508457712457,8.204507728158717,-0.3209543368460696
473,2019-04-24 19:15:23,22.66583,114.118497,3.339396508925176,356.2289756670916,-0.3484028004009047
473,2019-04-24 19:15:24,22.665858,114.118495,2.9909937085242717,343.54888486634474,0.0298901573334795
473,2019-04-24 19:15:25,22.665883,114.11848700000002,3.020883865857751,310.923890785586,0.6529784747273748
473,2019-04-24 19:15:26,22.665903,114.118462,3.6738623405851256,304.1101984477055,0.5212044018065662
473,2019-04-24 19:15:27,22.665923,114.11843,4.195066742391692,298.45098441767857,0.3236073364779432
473,2019-04-24 19:15:28,22.665942,114.118392,4.518674078869635,291.15816958156154,0.5124281624750635
473,2019-04-24 19:15:29,22.665957,114.11835,5.031102241344699,297.93790262995407,0.5331144455502139
473,2019-04-24 19:15:30,22.66598,114.118303,5.5642166868949126,305.84679553875566,0.672811476312476
473,2019-04-24 19:15:31,22.66601,114.118258,6.2370281632073885,310.92392395915783,0.8563427605417315
473,2019-04-24 19:15:32,22.66605,114.118208,7.09337092374912,318.46369620686073,0.5759766106081532
473,2019-04-24 19:15:33,22.6661,114.11816,7.669347534357273,324.3996487392528,0.3865237369006919
473,2019-04-24 19:15:34,22.666158,114.118115,8.055871271257965,331.65478814043246,0.743023914603361
473,2019-04-24 19:15:35,22.666223,114.118077,8.798895185861326,331.2477007602439,0.710717672948002
473,2019-04-24 19:15:36,22.666297,114.118033,9.509612858809328,334.12462970323304,-0.0095106732805021
473,2019-04-24 19:15:37,22.666375,114.117992,9.500102185528826,344.8863012130172,0.3144075664178931
473,2019-04-24 19:15:38,22.666457,114.117968,9.81450975194672,337.58241073402974,0.745283922485859
473,2019-04-24 19:15:39,22.666542,114.11793,10.559793674432578,336.70219829723123,0.4218856899188719
473,2019-04-24 19:15:40,22.666632,114.117888,10.98167936435145,342.2273511121212,0.5223789319872338
473,2019-04-24 19:15:41,22.666727,114.117855,11.504058296338684,338.8156739506284,0.2991017633465773
473,2019-04-24 19:15:42,22.666827,114.11781299999998,11.80316005968526,338.8907724496567,0.1926282596094495
473,2019-04-24 19:15:43,22.666925,114.117772,11.99578831929471,338.48620045020886,0.0852584605045319
473,2019-04-24 19:15:44,22.667028,114.117728,12.081046779799244,339.7407089144264,-0.0096947802883509
473,2019-04-24 19:15:45,22.667128,114.117688,12.071351999510892,345.0325027679329,0.2225096681939753
473,2019-04-24 19:15:46,22.667235,114.117657,12.293861667704869,347.94273731415,0.0843374602347228
473,2019-04-24 19:15:47,22.667343,114.117632,12.37819912793959,348.61687819526765,0.3069102281659202
473,2019-04-24 19:15:48,22.667453,114.117608,12.68510935610551,349.4539696942795,0.0355666480745267
473,2019-04-24 19:15:49,22.667567,114.117585,12.720676004180037,349.635802234991,-0.0830337644427636
473,2019-04-24 19:15:50,22.667678,114.117563,12.637642239737271,353.993075180141,0.1749566472367476
473,2019-04-24 19:15:51,22.667792,114.11755,12.81259888697402,353.136937278166,-0.1922893985014973
473,2019-04-24 19:15:52,22.667907,114.117535,12.620309488472524,356.19516157161,-0.6042461562796202
473,2019-04-24 19:15:53,22.668018,114.117527,12.016063332192903,0.0,-0.3957404951391101
473,2019-04-24 19:15:54,22.668123,114.117527,11.620322837053791,358.98337993533,-0.3891665466034801
473,2019-04-24 19:15:55,22.668227,114.117525,11.231156290450311,0.0,-0.2056576029632975
473,2019-04-24 19:15:56,22.668325,114.117525,11.025498687487016,6.318625243638849,0.2869908899594033
473,2019-04-24 19:15:57,22.668425,114.117537,11.31248957744642,1.539522877827551,-0.0262045231358829
473,2019-04-24 19:15:58,22.668528,114.11754,11.286285054310536,358.41431582776136,-0.3305814248625314
473,2019-04-24 19:15:59,22.668628,114.117537,10.955703629448005,358.9100366461659,-0.558471697797799
473,2019-04-24 19:16:00,22.668725,114.117535,10.397231931650206,0.0,-0.277323199190338
473,2019-04-24 19:16:01,22.668815,114.117535,10.119908732459868,1.7234863894607884,0.0020803865639376
473,2019-04-24 19:16:02,22.668907,114.11753799999998,10.121989119023803,1.1747130767394651,-0.503627964257058
473,2019-04-24 19:16:03,22.668997,114.11754,9.618361154766747,358.7262468773223,-0.7190694283948762
473,2019-04-24 19:16:04,22.66908,114.11753799999998,8.899291726371871,357.94103870091215,-0.5495793495567458
473,2019-04-24 19:16:05,22.669157,114.117535,8.349712376815125,356.3836178827236,-0.0696329877226897
473,2019-04-24 19:16:06,22.66923,114.11753,8.280079389092435,350.912940237953,0.3077800708435187
473,2019-04-24 19:16:07,22.669305,114.117517,8.587859459935954,353.2532357313326,0.526797544175766
473,2019-04-24 19:16:08,22.669383,114.117507,9.11465700411172,354.41978343726987,0.4679024310601125
473,2019-04-24 19:16:09,22.669468,114.117498,9.582559435171833,358.1775362400004,-0.0196581320188791
473,2019-04-24 19:16:10,22.669555,114.117495,9.562901303152954,1.2437868737087,-0.5555278362454548
473,2019-04-24 19:16:11,22.66964,114.117497,9.0073734669075,0.0,-1.0569362118613714
473,2019-04-24 19:16:12,22.669717,114.117497,7.950437255046127,0.0,-0.3848325232290071
473,2019-04-24 19:16:13,22.669783,114.117497,7.56560473181712,3.770914832610458,0.3458859914726
473,2019-04-24 19:16:14,22.669853,114.117502,7.91149072328972,3.6664550475035753,0.1867862909335915
473,2019-04-24 19:16:15,22.669925,114.117507,8.098277014223312,7.20413748757926,0.090332130374362
473,2019-04-24 19:16:16,22.669998,114.117517,8.188609144597674,12.99002837298184,-0.3937962772505736
473,2019-04-24 19:16:17,22.67007000000001,114.117535,7.7948128673471,18.61728207993781,-0.4376175255474734
473,2019-04-24 19:16:18,22.670133,114.117558,7.357195341799627,36.93808312247421,0.4740982233161723
473,2019-04-24 19:16:19,22.670187,114.117602,7.831293565115799,30.98533041742104,0.7719992370858533
473,2019-04-24 19:16:20,22.67025,114.117643,8.603292802201652,26.241891638573804,0.2688818883420758
473,2019-04-24 19:16:21,22.670323,114.117682,8.872174690543728,55.81805096155648,-0.1583014941889278
473,2019-04-24 19:16:22,22.67037,114.117757,8.7138731963548,78.6519837519545,-0.6557891974824326
473,2019-04-24 19:16:23,22.670385,114.117838,8.058083998872368,66.26127867126695,-0.0914695440381256
473,2019-04-24 19:16:24,22.670413,114.117907,7.966614454834242,62.57201070535393,-0.8555927122909637
473,2019-04-24 19:16:25,22.670447,114.117978,7.111021742543279,109.58821066271464,1.8504816610702024
473,2019-04-24 19:16:26,22.670425,114.118045,8.96150340361348,140.3719094052753,0.0281706417991252
473,2019-04-24 19:16:27,22.670347,114.118115,8.989674045412606,136.65884385348704,-0.5019324896827531
473,2019-04-24 19:16:28,22.670303,114.11816,8.487741555729853,164.47397388349395,1.9809062927774568
473,2019-04-24 19:16:29,22.67021,114.118188,10.46864784850731,174.2725168615303,-1.128274010036476
473,2019-04-24 19:16:30,22.670118,114.118198,9.340373838470834,186.9225767238217,-0.0550089169853489
473,2019-04-24 19:16:31,22.670042,114.118188,9.285364921485485,190.57103063005337,0.3123476026283249
473,2019-04-24 19:16:32,22.669953,114.11817,9.59771252411381,204.19100459822388,-0.1117557872300238
473,2019-04-24 19:16:33,22.669877,114.118133,9.485956736883786,215.17893524991788,-0.351557770062092
473,2019-04-24 19:16:34,22.669805,114.118078,9.134398966821694,235.13579121082375,-0.1067367791107258
473,2019-04-24 19:16:35,22.66976,114.118008,9.027662187710968,235.8181982960092,0.2721937670981305
473,2019-04-24 19:16:36,22.669713,114.117933,9.299855954809098,245.439942987962,0.277725060070594
473,2019-04-24 19:16:37,22.669678,114.11785,9.577581014879692,253.59080037703583,0.0102529935421653
473,2019-04-24 19:16:38,22.669653,114.117758,9.587834008421858,263.2086046645234,-0.0352763562743998
473,2019-04-24 19:16:39,22.669643,114.117667,9.552557652147458,271.3070111253023,0.1441839480607267
473,2019-04-24 19:16:40,22.669645000000006,114.117572,9.696741600208185,270.0000181144512,-0.0006376421222356
473,2019-04-24 19:16:41,22.669645000000006,114.117478,9.69610395808595,270.0000183062797,0.2052085508589236
473,2019-04-24 19:16:42,22.669645000000006,114.117383,9.901312508944873,270.0000188844734,0.1552897718779391
473,2019-04-24 19:16:43,22.669645000000006,114.117285,10.056602280822812,268.0999118126765,-0.0451179298975006
473,2019-04-24 19:16:44,22.669642,114.11718700000002,10.011484350925311,267.441188177694,0.25632187466495
473,2019-04-24 19:16:45,22.669638,114.11709,10.26780622559026,268.1920883109543,0.5092292211426646
473,2019-04-24 19:16:46,22.669635,114.116987,10.777035446732926,268.8395639158656,0.2021859188480181
473,2019-04-24 19:16:47,22.669633,114.11688,10.979221365580944,270.0000206201646,0.3084823299519623
473,2019-04-24 19:16:48,22.669633,114.116773,11.287703695532906,268.3519917253431,0.3199033078992368
473,2019-04-24 19:16:49,22.66963,114.11666,11.607607003432143,266.15932060361,0.08090063609988
473,2019-04-24 19:16:50,22.669623,114.116547,11.688507639532023,264.0302964910743,0.0759174391360986
473,2019-04-24 19:16:51,22.669612,114.116433,11.764425078668122,259.6729260529225,-0.0536712120271865
473,2019-04-24 19:16:52,22.669593,114.11632,11.710753866640935,255.63244111519467,-0.1205636452155083
473,2019-04-24 19:16:53,22.669567,114.11621,11.590190221425429,252.04226396273657,-0.0970818134398143
473,2019-04-24 19:16:54,22.669535,114.116103,11.493108407985613,247.1755420993076,-0.0270347160756756
473,2019-04-24 19:16:55,22.669495,114.116,11.466073691909935,247.17554807438853,0.1098784956444181
473,2019-04-24 19:16:56,22.669455,114.115897,11.575952187554355,243.4641649979269,-0.0942782580040741
473,2019-04-24 19:16:57,22.669408,114.115795,11.48167392955028,239.8096587270907,-0.3805899101923575
473,2019-04-24 19:16:58,22.669357,114.1157,11.101084019357923,234.6242828179444,-0.6987738829611096
473,2019-04-24 19:16:59,22.6693,114.11561299999998,10.402310136396814,231.68886206240157,-0.2581680871684488
473,2019-04-24 19:17:01,22.669187,114.115458,9.885973962059916,224.98973090826675,-0.7992486882502092
473,2019-04-24 19:17:02,22.669127,114.115393,9.086725273809709,230.6139713057347,-0.1353834963819515
473,2019-04-24 19:17:03,22.669077,114.115327,8.951341777427755,230.76089712700764,-0.1734758470798727
473,2019-04-24 19:17:04,22.669025,114.115258,8.777865930347883,233.53929265737924,-0.2009403236687852
473,2019-04-24 19:17:05,22.66898,114.115192,8.576925606679097,228.6353520169102,-0.0978796767220568
473,2019-04-24 19:17:06,22.668928,114.115128,8.47904592995704,214.49503426930505,-0.0561299179732586
473,2019-04-24 19:17:09,22.66874,114.11498799999998,8.310656176037265,207.8020148857072,-0.6357528505441756
473,2019-04-24 19:17:10,22.668677,114.114952,7.674903325493089,208.00198524924068,-0.5002549622383636
473,2019-04-24 19:17:11,22.668618,114.114918,7.174648363254725,201.68954406578248,-0.7416060600184133
473,2019-04-24 19:17:12,22.66856,114.114893,6.433042303236312,200.2591049422764,-0.9948537931092644
473,2019-04-24 19:17:13,22.66851,114.114873,5.438188510127048,199.36779577512604,-0.6264147238892628
473,2019-04-24 19:17:14,22.668468,114.114857,4.811773786237785,197.8985220947779,-0.4179133883209243
473,2019-04-24 19:17:15,22.668428,114.114843,4.3938603979168604,198.9184347621645,-0.0885370794028164
473,2019-04-24 19:17:16,22.668393,114.11483,4.305323318514044,200.01384232710816,0.1916566714391825
473,2019-04-24 19:17:17,22.668355,114.114815,4.496979989953227,200.0138474168255,0.97690662101245
473,2019-04-24 19:17:18,22.668317,114.1148,5.4738866109656765,201.45601225524084,0.522789817931355
473,2019-04-24 19:17:19,22.668263,114.114777,5.996676428897032,196.0854460985146,1.1159858629657975
473,2019-04-24 19:17:20,22.668215,114.114762,7.112662291862829,186.0774686130058,1.534823630620764
473,2019-04-24 19:17:21,22.668137,114.114753,8.647485922483593,183.4290077807782,0.5312584098564095
473,2019-04-24 19:17:22,22.66806,114.114748,9.178744332340004,180.6007721944681,1.1088333057681383
473,2019-04-24 19:17:23,22.667972,114.114747,10.28757763810814,177.27679839548705,0.50613606182411
473,2019-04-24 19:17:24,22.667875,114.114752,10.793713699932251,178.36529014257212,0.1666736148584782
473,2019-04-24 19:17:25,22.667778,114.114755,10.96038731479073,177.35837314696596,0.50417466695089
473,2019-04-24 19:17:26,22.667678,114.11476,11.46456198174162,177.507703082626,0.5498584894007195
473,2019-04-24 19:17:27,22.667572,114.114765,12.01442047114234,179.03881587661022,0.1618563190661888
473,2019-04-24 19:17:28,22.667462,114.114767,12.176276790208528,180.0,-0.1115181710909123
473,2019-04-24 19:17:29,22.667353,114.114767,12.064758619117615,179.51047329237406,0.0564655542557286
473,2019-04-24 19:17:30,22.667245,114.114768,12.121224173373344,179.03881358599904,-0.1660081859738937
473,2019-04-24 19:17:31,22.667135,114.11477,11.95521598739945,178.9930512245171,-0.3899194692704473
473,2019-04-24 19:17:32,22.66703,114.114772,11.565296518129005,179.48670991880806,-0.3335543605221396
473,2019-04-24 19:17:33,22.666927,114.114773,11.231742157606863,178.93203619120186,-0.2760384496355392
473,2019-04-24 19:17:34,22.666828,114.114775,10.955703707971324,178.38194958878387,-0.6083416760088838
473,2019-04-24 19:17:35,22.66673,114.114778,10.34736203196244,177.5982076714472,-0.6042894163186077
473,2019-04-24 19:17:36,22.666642,114.114782,9.743072615643833,176.35867336492697,-0.1254190271643551
473,2019-04-24 19:17:37,22.666555,114.114788,9.617653588479476,171.35805864185977,-0.1704476393930658
473,2019-04-24 19:17:38,22.66647,114.114802,9.447205949086412,167.31610061190554,-0.1492428144751194
473,2019-04-24 19:17:39,22.666388,114.114822,9.297963134611292,163.91434172770073,-0.1773060762262019
473,2019-04-24 19:17:40,22.666308,114.114847,9.12065705838509,159.9858722067031,0.0831310327473868
473,2019-04-24 19:17:41,22.666232,114.114877,9.203788091132475,158.92038464141604,0.2945348354485908
473,2019-04-24 19:17:42,22.666153,114.11491,9.498322926581068,154.67585160268038,0.2637381513879173
473,2019-04-24 19:17:43,22.666075,114.11495,9.762061077968983,153.6191735316363,0.1127340652721464
473,2019-04-24 19:17:44,22.665995,114.114993,9.874795143241132,150.60971224466255,-0.1632436304679707
473,2019-04-24 19:17:45,22.665918,114.11504,9.71155151277316,147.70576554383211,-0.2576003877596928
473,2019-04-24 19:17:46,22.665845,114.11509,9.453951125013468,144.27568248238362,0.0257292603127083
473,2019-04-24 19:17:47,22.665777,114.115143,9.479680385326176,142.6821809229353,-0.2121959738605578
473,2019-04-24 19:17:48,22.665708,114.1152,9.26748441146562,136.33091150786856,-0.0787906562795974
473,2019-04-24 19:17:49,22.66565,114.11526,9.18869375518602,137.75669718914304,0.1367604832049505
473,2019-04-24 19:17:50,22.665587,114.115322,9.325454238390972,133.5407045080533,-0.1601231067432849
473,2019-04-24 19:17:51,22.66553,114.115387,9.165331131647688,134.93361761382255,0.0053013499749035
473,2019-04-24 19:17:52,22.665472,114.11545,9.17063248162259,135.4233093660053,0.151203028048906
473,2019-04-24 19:17:53,22.665413,114.115513,9.321835509671496,135.00948101408994,0.1118049579023452
473,2019-04-24 19:17:54,22.665353,114.115578,9.43364046757384,135.00946848918454,0.0394034714401723
473,2019-04-24 19:17:55,22.665293,114.115643,9.473043939014014,135.4829625963934,0.3334030243391055
473,2019-04-24 19:17:56,22.665232,114.115708,9.80644696335312,133.02030518885658,0.373808246654761
473,2019-04-24 19:17:57,22.66517,114.11578,10.18025521000788,133.0833722795138,0.2263473504626496
473,2019-04-24 19:17:58,22.665107,114.115853,10.40660256047053,133.2041095383056,0.1902782096401321
473,2019-04-24 19:17:59,22.665042,114.115928,10.596880770110662,134.45567683249442,0.0040717983163531
473,2019-04-24 19:18:00,22.664975,114.116002,10.600952568427015,134.84540424600976,-0.1511365195650356
473,2019-04-24 19:18:01,22.664908,114.116075,10.44981604886198,134.37240537753746,-0.1511317645093264
473,2019-04-24 19:18:02,22.664843,114.116147,10.298684284352651,134.77302048506397,0.1121662112109778
473,2019-04-24 19:18:03,22.664778,114.116218,10.410850495563633,134.0249738971192,0.1848187060747133
473,2019-04-24 19:18:04,22.664712,114.116292,10.595669201638344,132.82549273692769,0.1502042696859593
473,2019-04-24 19:18:05,22.664647,114.116368,10.745873471324304,133.31805155238868,-0.113313210464673
473,2019-04-24 19:18:06,22.66458,114.116445,10.63256026085963,132.31145807160362,-0.2633520708226715
473,2019-04-24 19:18:07,22.664517,114.11652,10.36920819003696,131.85544734303755,0.0049245144328473
473,2019-04-24 19:18:08,22.664455,114.116595,10.374132704469806,129.81469749245093,-0.1931025344823851
473,2019-04-24 19:18:09,22.66439500000001,114.116673,10.18103016998742,125.50067492558486,-0.4565427114848397
473,2019-04-24 19:18:10,22.664343,114.116752,9.724487458502582,122.58245570425989,-0.2563613563765727
473,2019-04-24 19:18:11,22.664297,114.11683,9.468126102126009,119.63700048482212,-0.0239311509232944
473,2019-04-24 19:18:12,22.664255,114.11691,9.444194951202714,119.6369929526993,0.0803597723981486
473,2019-04-24 19:18:13,22.664213,114.11699,9.524554723600865,117.5761075537244,0.0040592668314047
473,2019-04-24 19:18:14,22.664173,114.117073,9.528613990432268,114.300799810839,-0.0878467150311941
473,2019-04-24 19:18:15,22.664138,114.117157,9.440767275401074,110.7080173500052,-0.0531541774173565
473,2019-04-24 19:18:16,22.664108,114.117243,9.387613097983715,107.29672527507682,-0.2873692982370901
473,2019-04-24 19:18:17,22.664083,114.11733,9.100243799746629,100.82639654987992,-0.0534100516570497
473,2019-04-24 19:18:18,22.664068,114.117415,9.046833748089576,93.44529097464886,0.0382674786324646
473,2019-04-24 19:18:19,22.664063,114.117505,9.085101226722042,82.8997256148482,-0.1045280814680786
473,2019-04-24 19:18:20,22.664073,114.117592,8.980573145253963,75.6952909198834,-0.0376563078023579
473,2019-04-24 19:18:21,22.664093,114.117677,8.942916837451605,62.79435333158574,-0.4306231093336219
473,2019-04-24 19:18:22,22.66413,114.117755,8.512293728117983,49.07646185104329,-0.1022546320567343
473,2019-04-24 19:18:23,22.664178,114.117815,8.410039096061249,43.19711421456498,1.0309462481901317
473,2019-04-24 19:18:24,22.664235,114.117873,9.44098534425138,44.82070939770574,0.9931663231167284
473,2019-04-24 19:18:25,22.6643,114.117943,10.43415166736811,41.48724958857457,0.4881355106998928
473,2019-04-24 19:18:26,22.664372,114.118012,10.922287178068002,40.76357845596067,0.3108349941611035
473,2019-04-24 19:18:27,22.664448,114.118083,11.233122172229104,40.7894671377357,0.0254873628951646
473,2019-04-24 19:18:28,22.664525,114.118155,11.25860953512427,41.92919208915959,-0.0067291670967453
473,2019-04-24 19:18:29,22.6646,114.118228,11.251880368027525,46.5222682673982,0.2609877954442208
473,2019-04-24 19:18:30,22.66467,114.118308,11.512868163471746,53.421241026076245,0.352463036290251
473,2019-04-24 19:18:31,22.664733,114.1184,11.865331199761997,56.165158235342005,0.1079859692802287
473,2019-04-24 19:18:32,22.664793,114.118497,11.973317169042224,59.91208452995028,0.0736167766055135
473,2019-04-24 19:18:33,22.664847,114.118598,12.04693394564774,62.7043418985088,-0.0746969280602236
473,2019-04-24 19:18:34,22.664897,114.118703,11.972237017587515,67.94625955737558,-0.2754576172100691
473,2019-04-24 19:18:35,22.664937,114.11881,11.696779400377446,73.24688582751918,0.0403312429506925
473,2019-04-24 19:18:36,22.664967,114.118918,11.73711064332814,78.71059878294534,0.0796107628722193
473,2019-04-24 19:18:37,22.664988,114.119032,11.816721406200358,81.81399077672097,-0.2087278390705158
473,2019-04-24 19:18:38,22.665003,114.119145,11.607993567129842,86.12521936568726,-0.0512412876283345
473,2019-04-24 19:18:39,22.66501,114.119257,11.556752279501508,88.35200364793332,-0.0128459228320707
473,2019-04-24 19:18:40,22.665013,114.11937,11.543906356669437,90.5543435567722,0.1545651134656367
473,2019-04-24 19:18:41,22.665012,114.119482,11.698471470135074,91.07038469178792,0.1202650593968055
473,2019-04-24 19:18:42,22.66501,114.119598,11.81873652953188,95.43022446471235,-0.0176461935749916
473,2019-04-24 19:18:43,22.665,114.119712,11.801090335956888,95.38328295138558,0.0620262093595815
473,2019-04-24 19:18:44,22.66499,114.119827,11.863116545316467,96.45161357014256,0.0693095386682465
473,2019-04-24 19:18:45,22.664978,114.119942,11.932426083984716,96.92451912954108,0.2240748519733237
473,2019-04-24 19:18:46,22.664965,114.120058,12.15650093595804,97.77840760072354,0.3562561175472751
473,2019-04-24 19:18:47,22.66495,114.120177,12.512757053505316,96.5339459620168,0.553644219500665
473,2019-04-24 19:18:48,22.664937,114.1203,13.06640127300598,96.65656398318164,0.4979264358948665
473,2019-04-24 19:18:49,22.664923,114.12043,13.564327708900846,95.12161763958306,0.1933723158962106
473,2019-04-24 19:18:50,22.664912,114.120563,13.757700024797057,95.54298496118976,-0.0912981209451508
473,2019-04-24 19:18:51,22.6649,114.120697,13.666401903851906,96.13806491868684,-0.2368517433136308
473,2019-04-24 19:18:52,22.664887,114.120828,13.429550160538277,97.18197870613142,-0.1393641756302219
473,2019-04-24 19:18:53,22.664872,114.120957,13.290185984908051,97.23749481702224,-0.070872852627458
473,2019-04-24 19:18:54,22.664857,114.121085,13.219313132280597,95.80107962455544,0.3058790708173653
473,2019-04-24 19:18:55,22.664845,114.12121299999998,13.52519220309796,96.91663592047304,0.6306921904304108
473,2019-04-24 19:18:56,22.66483,114.121347,14.155884393528371,96.62289720416165,0.2933239098550722
473,2019-04-24 19:18:57,22.664815,114.12148700000002,14.449208303383443,95.74619841657773,-0.1914225694610891
473,2019-04-24 19:18:58,22.664802,114.121627,14.257785733922354,97.7143587356403,-0.1172752082852337
473,2019-04-24 19:18:59,22.664785,114.121763,14.14051052563712,98.10341252947056,-0.0097371820965577
473,2019-04-24 19:19:00,22.664767,114.1219,14.130773343540564,100.01519538032028,-0.1643396521340996
473,2019-04-24 19:19:01,22.664745,114.122035,13.966433691406465,102.49826184627489,-0.2173962368061506
473,2019-04-24 19:19:02,22.664718,114.122167,13.749037454600312,101.7719990514574,-0.0731853215821267
473,2019-04-24 19:19:03,22.664693,114.122297,13.675852133018186,101.68461402746853,2.3881873740805304e-06
473,2019-04-24 19:19:04,22.664668,114.122428,13.67585452120556,101.77199488098393,0.1288101867985762
473,2019-04-24 19:19:05,22.664643,114.122558,13.804664708004136,100.53690802886427,0.1838958873921115
473,2019-04-24 19:19:06,22.664620000000006,114.122692,13.988560595396248,102.85172575979423,0.1339946868799995
473,2019-04-24 19:19:07,22.66459200000001,114.122825,14.122555282276249,103.54007494682143,0.0524356445523039
473,2019-04-24 19:19:08,22.664562,114.12296,14.174990926828553,104.61370604968704,-0.0497555659092228
473,2019-04-24 19:19:09,22.66453,114.123093,14.125235360919328,103.63735459270372,0.1628390922815139
473,2019-04-24 19:19:10,22.6645,114.123227,14.288074453200842,104.73255942133778,0.3183047315624847
473,2019-04-24 19:19:11,22.664467,114.12336299999998,14.606379184763329,105.26272073018195,0.1281176767629546
473,2019-04-24 19:19:12,22.664432,114.123502,14.73449686152628,105.36810535011624,0.1779686231296313
473,2019-04-24 19:19:13,22.664397,114.12364,14.912465484655913,105.76798009532804,0.1289049264293655
473,2019-04-24 19:19:14,22.66436,114.123782,15.041370411085278,105.98180457393472,-0.0644993468363601
473,2019-04-24 19:19:15,22.664323,114.123922,14.976871064248918,105.4659540844159,0.2431027731827288
473,2019-04-24 19:19:16,22.664287,114.124063,15.219973837431647,106.75298666649502,0.4391827601298228
473,2019-04-24 19:19:17,22.664247,114.124207,15.65915659756147,107.09429563356446,0.1320141743524132
473,2019-04-24 19:19:18,22.664205,114.124355,15.791170771913883,108.58855624975388,0.017123030576883
473,2019-04-24 19:19:19,22.66416,114.1245,15.808293802490766,107.47677374616995,-0.017113958588542
473,2019-04-24 19:19:20,22.664117,114.124648,15.791179843902224,108.2029829264482,-0.111703387885214
473,2019-04-24 19:19:21,22.664073,114.124793,15.67947645601701,108.58853959833948,0.1326299338258696
473,2019-04-24 19:19:22,22.664028,114.124938,15.81210638984288,108.73234601637232,0.1693665274816354
473,2019-04-24 19:19:23,22.663982,114.125085,15.981472917324515,109.86106211120602,0.045890527286966
473,2019-04-24 19:19:24,22.663933,114.125232,16.02736344461148,110.7339321074432,0.0232687603357284
473,2019-04-24 19:19:25,22.663882,114.125378,16.05063220494721,112.34514187188604,0.0274669992754432
473,2019-04-24 19:19:26,22.663827,114.125523,16.078099204222653,110.2337879676789,0.1419108704815848
473,2019-04-24 19:19:27,22.663777,114.12567,16.220010074704238,109.86103411206454,0.1446791139564176
473,2019-04-24 19:19:28,22.663727,114.12582,16.364689188660655,109.86102744390269,-0.1893567966742146
473,2019-04-24 19:19:29,22.663677,114.12597,16.17533239198644,108.23686364279104,-0.0484782347369332
473,2019-04-24 19:19:30,22.663632,114.126118,16.126854157249507,109.98379110801278,0.2714298854260519
473,2019-04-24 19:19:31,22.663582,114.126267,16.39828404267556,113.36464166917835,0.1887431513666513
473,2019-04-24 19:19:32,22.663523,114.126415,16.58702719404221,114.06793912960497,-0.0469525003211614
473,2019-04-24 19:19:33,22.663462,114.126563,16.54007469372105,113.5063709907174,-0.4538773857909959
473,2019-04-24 19:19:34,22.663403,114.12671,16.086197307930053,111.13079384747176,-0.5397053452539495
473,2019-04-24 19:19:35,22.663352,114.126853,15.546491962676104,108.56135372189028,-0.1941222885973843
473,2019-04-24 19:19:36,22.663308,114.126995,15.35236967407872,108.16749953415685,-0.264118878834493
473,2019-04-24 19:19:37,22.663265,114.127137,15.088250795244226,107.4379384175972,-0.0976552219093704
473,2019-04-24 19:19:38,22.663225,114.127275,14.990595573334856,108.4096382279232,0.5607998681330866
473,2019-04-24 19:19:39,22.663182,114.12741499999998,15.551395441467944,109.11020425312176,0.6122699078946958
473,2019-04-24 19:19:40,22.663135,114.127562,16.16366534936264,109.86094845631892,0.2493538043342731
473,2019-04-24 19:19:41,22.663085,114.12771200000002,16.41301915369691,109.73960538743484,0.1534981648413378
473,2019-04-24 19:19:42,22.663035,114.127863,16.56651731853825,110.69953835405472,0.2340539329446365
473,2019-04-24 19:19:43,22.662982,114.128015,16.800571251482886,111.98495415649415,0.1839034523780611
473,2019-04-24 19:19:44,22.662925,114.128168,16.984474703860947,111.0331716679744,-0.0882809873401804
473,2019-04-24 19:19:45,22.66287,114.128323,16.896193716520767,111.41102407310616,-0.4227884570159581
473,2019-04-24 19:19:46,22.662815,114.128475,16.47340525950481,111.34113771466116,-0.6267579634787523
473,2019-04-24 19:19:47,22.662762,114.128622,15.846647296026056,111.02077575464996,-0.462948218983648
473,2019-04-24 19:19:48,22.662712,114.128763,15.383699077042408,110.90750788882684,-0.327229197198438
473,2019-04-24 19:19:49,22.662663,114.128902,15.05646987984397,111.07190464630452,-0.3039098506954687
473,2019-04-24 19:19:50,22.662615,114.129037,14.7525600291485,114.63028995090708,0.1206824479055157
473,2019-04-24 19:19:51,22.66256,114.129167,14.873242477054015,110.25786601865224,0.1531864558411957
473,2019-04-24 19:19:52,22.662513,114.129305,15.026428932895213,109.9943885836028,4.537438593743559e-06
473,2019-04-24 19:19:53,22.662467000000003,114.129442,15.026433470333806,110.25785340770432,0.2707218041613863
473,2019-04-24 19:19:54,22.66242,114.12958,15.297155274495193,108.83010130954824,0.7759769342283711
473,2019-04-24 19:19:55,22.662375,114.129723,16.073132208723564,108.300569559819,0.6854608957145985
473,2019-04-24 19:19:56,22.662328,114.129877,16.758593104438162,108.44022984106364,0.495677883172565
473,2019-04-24 19:19:57,22.66228,114.130033,17.254270987610727,109.5210780374196,0.4197643528817885
473,2019-04-24 19:19:58,22.662227,114.130195,17.674035340492516,110.19912913187336,0.124846380635919
473,2019-04-24 19:19:59,22.662172,114.130357,17.798881721128435,110.75422039025057,0.1069554428876315
473,2019-04-24 19:20:00,22.662115,114.13052,17.905837164016067,111.08656152483309,0.1356821562288708
473,2019-04-24 19:20:01,22.662057,114.130683,18.041519320244937,111.18095172956345,0.0957527321127393
473,2019-04-24 19:20:02,22.661998,114.130848,18.13727205235768,110.85304717750525,-0.0677939825711995
473,2019-04-24 19:20:03,22.66194,114.131013,18.06947806978648,110.96916734552434,-0.0757834514749582
473,2019-04-24 19:20:04,22.661882,114.131177,17.99369461831152,111.41739737188982,-0.0878244373198668
473,2019-04-24 19:20:05,22.661823,114.13134,17.905870180991652,110.4203560897003,-0.0279257045853391
473,2019-04-24 19:20:06,22.661767,114.131503,17.877944476406313,111.8683676123818,0.0201377902235719
473,2019-04-24 19:20:07,22.661707,114.13166499999998,17.898082266629885,110.75415605736782,-0.0029793799277832
473,2019-04-24 19:20:08,22.66165,114.131828,17.8951028867021,109.97230061747206,0.0204840288025671
473,2019-04-24 19:20:09,22.661595,114.131992,17.91558691550467,109.19223208468634,-0.066930653239936
473,2019-04-24 19:20:10,22.661542,114.132157,17.848656262264733,109.74833695911587,-0.1336574961498975
473,2019-04-24 19:20:11,22.661488,114.13232,17.714998766114835,108.72969601664528,-0.0409534235188822
473,2019-04-24 19:20:12,22.661437,114.132483,17.674045342595953,107.94071710933974,-0.1494103401705828
473,2019-04-24 19:20:13,22.661388,114.132647,17.52463500242537,107.9045218089792,-0.0338930931155836
473,2019-04-24 19:20:14,22.66134,114.132808,17.490741909309786,107.25273405177164,-0.1127803437254577
473,2019-04-24 19:20:15,22.661293,114.132972,17.37796156558433,104.38826613314438,-0.0023179271496225
473,2019-04-24 19:20:18,22.661177,114.133462,17.37100778413546,104.28370767369888,0.1023178516194143
473,2019-04-24 19:20:19,22.661138,114.133628,17.473325635754875,102.94549525248408,-0.0010053376096799
473,2019-04-24 19:20:20,22.661103,114.133793,17.472320298145195,102.79558846708244,0.0757600616428391
473,2019-04-24 19:20:21,22.661068,114.13396000000002,17.548080359788035,102.0865259373461,0.1433318872293476
473,2019-04-24 19:20:22,22.661035,114.134127,17.691412247017382,100.76431710851888,0.1893987630878228
473,2019-04-24 19:20:23,22.661005,114.134298,17.880811010105205,99.6540852201797,-0.1155297281155895
473,2019-04-24 19:20:24,22.660978,114.13447,17.765281281989616,98.34081994056532,-0.2445116979781509
473,2019-04-24 19:20:25,22.660955,114.13464,17.520769584011465,98.07674108190788,0.1015682254318832
473,2019-04-24 19:20:26,22.660933,114.134808,17.622337809443348,98.24517136085149,0.2144351755377656
473,2019-04-24 19:20:27,22.66091,114.13498,17.836772984981113,97.16113009775756,-0.0478345059830225
473,2019-04-24 19:20:29,22.660870000000006,114.135325,17.74110397301507,96.18472860348125,-0.3198426926059454
473,2019-04-24 19:20:30,22.660853,114.135495,17.421261280409123,94.79325578016676,-0.0329429645849508
473,2019-04-24 19:20:31,22.66084,114.135663,17.388318315824172,93.64732316200876,0.0329910619762685
473,2019-04-24 19:20:32,22.66083,114.135833,17.42130937780044,92.93651483872692,-0.1055629172703405
473,2019-04-24 19:20:33,22.660822,114.136002,17.3157464605301,93.32243151281818,0.0429516773180331
473,2019-04-24 19:20:34,22.660813,114.13617,17.358698137848133,91.82549431621936,0.3504087736076506
473,2019-04-24 19:20:35,22.660808,114.13634,17.709106911455784,91.77336916580556,0.1538417574292587
473,2019-04-24 19:20:36,22.660803,114.136515,17.862948668885043,91.79385793617496,-0.1617846057826888
473,2019-04-24 19:20:37,22.660798,114.136688,17.701164063102354,89.27804081385483,0.0013970786790906
473,2019-04-24 19:20:38,22.6608,114.13686,17.702561141781445,88.92340677730346,0.4090286663124161
473,2019-04-24 19:20:39,22.660803,114.137033,18.11158980809386,89.99996532519242,0.6152270899286627
473,2019-04-24 19:20:40,22.660803,114.137213,18.726816898022523,89.32876340668724,0.003713176219648
473,2019-04-24 19:20:41,22.660805,114.137398,18.73053007424217,88.27579345296812,-0.2464352663900726
473,2019-04-24 19:20:42,22.66081,114.137578,18.4840948078521,87.24258789903973,0.0129547037024266
473,2019-04-24 19:20:43,22.660818,114.137758,18.497049511554525,86.55473822437625,-0.0448644968853102
473,2019-04-24 19:20:44,22.660828,114.137938,18.45218501466921,86.53553783488644,-0.1899451612735454
473,2019-04-24 19:20:45,22.660838,114.138117,18.26223985339567,85.07325102821198,-0.1023363646025288
473,2019-04-24 19:20:46,22.660852,114.138293,18.15990348879314,86.49648849479314,-0.0551799093841438
473,2019-04-24 19:20:47,22.660862,114.13847,18.104723579409,85.39756820668146,-0.2431544793639268
473,2019-04-24 19:20:48,22.660875,114.138645,17.86156910004507,85.31764784673356,-0.4403131656564802
473,2019-04-24 19:20:49,22.660888,114.138817,17.42125593438859,84.09009650155889,-0.0266082176048083
473,2019-04-24 19:20:51,22.66092,114.139152,17.368039499178973,83.8152029064064,0.5029393254586516
473,2019-04-24 19:20:52,22.660937,114.139322,17.870978824637625,84.69324505727707,0.0750474604068038
473,2019-04-24 19:20:54,22.660967000000007,114.139672,18.021073745451236,86.10324799115313,-0.0104785141721421
473,2019-04-24 19:20:55,22.660978,114.139847,18.01059523127909,85.04523327992672,-0.0933312816911815
473,2019-04-24 19:20:56,22.660992,114.140022,17.91726394958791,85.34458982415651,-0.2647167418035998
473,2019-04-24 19:20:57,22.661005,114.140195,17.65254720778431,85.62573105711095,-0.2642509457107209
473,2019-04-24 19:20:58,22.661017,114.140365,17.388296262073588,85.94141637599853,-0.0590140526205757
473,2019-04-24 19:20:59,22.661028,114.140533,17.329282209453012,86.3310830414182,-0.1572542637895893
473,2019-04-24 19:21:00,22.661038,114.140702,17.172027945663423,86.24239269637246,-0.4607535890761305
473,2019-04-24 19:21:01,22.661048,114.140867,16.711274356587293,86.12532142017074,-0.2047621531949381
473,2019-04-24 19:21:02,22.661058,114.141027,16.506512203392354,86.14931446126911,0.4683762091628054
473,2019-04-24 19:21:03,22.661068,114.141188,16.97488841255516,85.59994753087415,0.779943022200424
473,2019-04-24 19:21:04,22.66108,114.141357,17.754831434755584,85.42359936999031,0.8271277094705454
473,2019-04-24 19:21:05,22.661093,114.141533,18.58195914422613,85.31182319990904,0.6648630411566891
473,2019-04-24 19:21:06,22.661107,114.141718,19.24682218538282,85.73716968982302,0.0428166777599265
473,2019-04-24 19:21:07,22.66112,114.141907,19.289638863142745,86.00072492204919,-0.2558526234255076
473,2019-04-24 19:21:08,22.661132,114.142093,19.03378623971724,85.62177753970843,-0.2427521000325754
473,2019-04-24 19:21:09,22.661145,114.142277,18.791034139684665,84.86822722064454,-0.2688967866941745
473,2019-04-24 19:21:10,22.66116,114.142458,18.522137352990487,86.5355294733771,-0.2325421117068629
473,2019-04-24 19:21:11,22.66117,114.142637,18.289595241283624,82.97972979946286,-0.1643223793709616
473,2019-04-24 19:21:12,22.66119,114.142813,18.125272861912663,83.99058590549049,-0.0749339732894078
473,2019-04-24 19:21:13,22.661207,114.142988,18.05033888862325,84.3417134690643,-0.0109652622861631
473,2019-04-24 19:21:14,22.661223,114.143163,18.03937362633709,84.69326806108154,0.0919157522319586
473,2019-04-24 19:21:15,22.661238,114.143338,18.13128937856905,85.10093532762409,0.1438398936986757
473,2019-04-24 19:21:16,22.661252,114.143515,18.275129272267726,85.474798421593,-0.0044845773104924
473,2019-04-24 19:21:17,22.661265,114.143693,18.270644694957237,85.44933934953326,-0.0043163251283964
473,2019-04-24 19:21:18,22.661278,114.14387,18.26632836982884,85.82160355270565,0.1110613193097798
473,2019-04-24 19:21:19,22.66129,114.144048,18.377389689138617,84.81119556851127,0.1068671903086375
473,2019-04-24 19:21:20,22.661305,114.144227,18.48425687944725,85.52487057719969,-0.0557365006218617
473,2019-04-24 19:21:21,22.661318,114.144407,18.428520378825397,85.12832212115518,0.1116083949942954
473,2019-04-24 19:21:22,22.661332,114.144585,18.54012877381969,84.8962671500006,0.1582128178015267
473,2019-04-24 19:21:23,22.661347,114.144767,18.69834159162121,84.86821970423955,0.0926633101062925
473,2019-04-24 19:21:24,22.661362,114.144948,18.791004901727508,85.62177022891228,0.102257607139272
473,2019-04-24 19:21:25,22.661375,114.145132,18.89326250886678,84.92400833841742,-0.0511320733577242
473,2019-04-24 19:21:26,22.66139,114.145315,18.842130435509056,85.59793874876095,0.0466285715320964
473,2019-04-24 19:21:27,22.661403,114.145498,18.888759007041152,85.28644825888682,0.0938203224097335
473,2019-04-24 19:21:28,22.661417,114.145682,18.98257932945089,86.3132700012601,0.0511659349389503
473,2019-04-24 19:21:29,22.661428,114.145867,19.03374526438984,85.31181180742863,0.0595872334613929
473,2019-04-24 19:21:30,22.661442,114.146052,19.09333249785123,85.66866456724631,-0.0084220926429345
473,2019-04-24 19:21:31,22.661455,114.14623799999998,19.08491040520829,85.97916853651793,-0.051170382686621
473,2019-04-24 19:21:32,22.661467,114.146423,19.033740022521677,85.64534135402118,0.217446018148717
473,2019-04-24 19:21:33,22.66148,114.146608,19.25118604067039,85.08434251026421,0.4047994744484207
473,2019-04-24 19:21:34,22.661495,114.146797,19.65598551511881,86.14531773412807,0.6464392812312454
473,2019-04-24 19:21:35,22.661507,114.14699,20.302424796350056,86.92917949765064,0.9052780147651198
473,2019-04-24 19:21:36,22.661517,114.147192,21.207702811115176,88.23494671150377,0.7628034595145792
473,2019-04-24 19:21:37,22.66152300000001,114.147403,21.970506270629755,87.99789421732322,0.3628195409892747
473,2019-04-24 19:21:38,22.66153,114.14762,22.33332581161903,87.72265306450345,-0.2563459932113865
473,2019-04-24 19:21:39,22.661538,114.147838,22.076979818407644,87.95071625994069,-0.5639447453034769
473,2019-04-24 19:21:40,22.661545,114.14805,21.513035073104167,87.60177644917746,-0.3003832674422355
473,2019-04-24 19:21:41,22.661553,114.148257,21.21265180566193,86.98869372446802,-0.1050592809051345
473,2019-04-24 19:21:42,22.661563,114.148463,21.1075925247568,87.88080582175996,0.0360541679817316
473,2019-04-24 19:21:43,22.66157,114.148668,21.14364669273853,89.40008566002757,-0.1406432085144082
473,2019-04-24 19:21:44,22.661572,114.148875,21.00300348422412,89.08467840510235,0.0506657440752302
473,2019-04-24 19:21:46,22.661578,114.149282,21.10433497237458,93.2487686683636,0.4999909391278159
473,2019-04-24 19:21:47,22.661567,114.149492,21.6043259115024,95.01339945262572,-0.0196937024684444
473,2019-04-24 19:21:48,22.66155,114.149702,21.584632209033952,98.00708593105492,-0.1599218918765643
473,2019-04-24 19:21:49,22.66152300000001,114.14991,21.424710317157388,99.01115075459812,-0.0166322270327583
473,2019-04-24 19:21:50,22.661493,114.150115,21.40807809012463,99.21798265922672,-0.1100827791387324
473,2019-04-24 19:21:51,22.661462,114.150322,21.297995310985897,98.79999335092384,-0.253316894381097
473,2019-04-24 19:21:52,22.661433,114.150525,21.0446784166048,99.44208801102974,0.1469554508086226
473,2019-04-24 19:21:53,22.661402,114.150727,21.191633867413422,100.1888998580048,0.1202213757520951
473,2019-04-24 19:21:54,22.661368,114.150932,21.31185524316552,101.46696864600732,-0.0855184102534352
473,2019-04-24 19:21:55,22.66133,114.151135,21.22633683291208,102.11117698053611,0.2078096400036848
473,2019-04-24 19:21:56,22.66129,114.151337,21.434146472915767,103.95252714446669,0.0146160897198086
473,2019-04-24 19:21:57,22.661243,114.151542,21.448762562635576,103.63702650338864,-0.1627199103880414
473,2019-04-24 19:21:58,22.661198,114.151743,21.28604265224753,103.86210238243012,-0.2441573357578867
473,2019-04-24 19:21:59,22.661152,114.151945,21.041885316489648,105.23250609971252,-0.4673511163760757
473,2019-04-24 19:22:00,22.661103,114.15214,20.57453420011357,105.15836907310307,-0.3012492229485737
473,2019-04-24 19:22:01,22.661055,114.152332,20.273284977165,106.68528750304768,-0.1350469341336975
473,2019-04-24 19:22:02,22.661003,114.15252,20.1382380430313,107.67823126266887,0.066819312563144
473,2019-04-24 19:22:03,22.660948,114.152707,20.205057355594445,107.88960168973205,0.0342471724606383
473,2019-04-24 19:22:04,22.660892,114.152895,20.239304528055083,108.27899748422692,-0.0394609619678654
473,2019-04-24 19:22:05,22.660835,114.153082,20.199843566087218,109.95953204201447,-0.0226312163847914
473,2019-04-24 19:22:06,22.660773,114.153267,20.177212349702423,109.66245990573265,8.069790919051911e-06
473,2019-04-24 19:22:07,22.660712,114.153452,20.177220419493345,109.9595155608896,-0.0774981450752996
473,2019-04-24 19:22:08,22.66065,114.15363700000002,20.099722274418045,110.16016384019464,-0.1826439381707523
473,2019-04-24 19:22:09,22.660588,114.15382,19.917078336247293,109.65916548893472,-0.0746268418732611
473,2019-04-24 19:22:10,22.660528,114.154002,19.842451494374032,108.95515900094972,0.1453330422462322
473,2019-04-24 19:22:11,22.66047,114.154185,19.987784536620264,109.36425175304862,0.193972873792358
473,2019-04-24 19:22:12,22.66041,114.15437,20.181757410412622,108.57778217247323,0.0305725583821647
473,2019-04-24 19:22:13,22.660352,114.154557,20.212329968794787,108.96981918661334,-0.097117380745054
473,2019-04-24 19:22:14,22.660293,114.154743,20.115212588049733,108.76461943884289,-0.2301085768373667
473,2019-04-24 19:22:15,22.660235,114.154928,19.885104011212366,108.74642537164284,-0.3881959909818882
473,2019-04-24 19:22:16,22.660178,114.15511,19.49690802023048,109.54964661804,-0.2662662355798488
473,2019-04-24 19:22:17,22.660120000000006,114.15528700000002,19.23064178465063,107.88278125796592,-0.1150086757245247
473,2019-04-24 19:22:18,22.660067,114.155465,19.115633108926104,109.44097783887167,-0.1696266668124266
473,2019-04-24 19:22:19,22.66001,114.15564,18.94600644211368,109.64859775109454,-0.3086218611596258
473,2019-04-24 19:22:20,22.659953,114.155813,18.63738458095405,109.75211777397324,-0.1823094610935314
473,2019-04-24 19:22:21,22.659897,114.155982,18.45507511986052,109.32023945049696,0.0298981254103622
473,2019-04-24 19:22:22,22.659842,114.156152,18.484973245270883,109.32023228624342,-0.1935333265660297
473,2019-04-24 19:22:23,22.659787,114.156322,18.291439918704853,109.75013594522612,-0.1449800088952777
473,2019-04-24 19:22:24,22.659732,114.15648799999998,18.146459909809572,109.64093761837614,-0.0070640638100982
473,2019-04-24 19:22:25,22.659677,114.156655,18.13939584599948,108.6455488447238,-0.1026134744492885
473,2019-04-24 19:22:26,22.659625,114.156822,18.03678237155019,108.75003684588978,-0.1813469236283715
473,2019-04-24 19:22:27,22.659573,114.15698799999998,17.855435447921817,108.28248902848289,-0.1279932590581793
473,2019-04-24 19:22:28,22.659523,114.157152,17.727442188863638,109.40993516783738,0.1030003175325546
473,2019-04-24 19:22:29,22.65947,114.157315,17.830442506396192,109.1919566459573,0.1337439008470475
473,2019-04-24 19:22:30,22.659417,114.15748,17.96418640724324,109.86044923000452,0.1340206608623688
473,2019-04-24 19:22:31,22.659362,114.157645,18.09820706810561,109.64088871803988,-0.1153482740985722
473,2019-04-24 19:22:32,22.659307,114.157812,17.982858794007036,109.74804022052116,-0.2306500815308183
473,2019-04-24 19:22:33,22.659253,114.157975,17.752208712476218,109.40989983743545,-0.0295654478194684
473,2019-04-24 19:22:34,22.6592,114.158138,17.72264326465675,110.198719608357,0.0379877203836152
473,2019-04-24 19:22:35,22.659145,114.1583,17.760630985040365,110.08472501636862,0.0586018709621996
473,2019-04-24 19:22:36,22.65909,114.15846299999998,17.819232856002564,109.30030100480444,-0.0555035103153542
473,2019-04-24 19:22:37,22.659037,114.158627,17.76372934568721,109.07032668569894,-0.0666856256344665
473,2019-04-24 19:22:38,22.658985,114.15879,17.697043720052744,109.07031998223532,0.0304664938387979
473,2019-04-24 19:22:39,22.658933,114.158953,17.72751021389154,108.62306458453928,0.1331821318542658
473,2019-04-24 19:22:40,22.658882,114.159117,17.860692345745807,109.52682067166349,0.0850554988066605
473,2019-04-24 19:22:41,22.658828,114.159282,17.945747844552468,109.19187344062334,-0.0183473201071464
473,2019-04-24 19:22:42,22.658775,114.159447,17.92740052444532,109.19186656902434,-0.0598110872653308
473,2019-04-24 19:22:43,22.658722,114.159612,17.86758943717999,110.08466806301452,0.0376803218023553
473,2019-04-24 19:22:44,22.658667,114.159775,17.905269758982346,109.86034918186688,0.1930249169240916
473,2019-04-24 19:22:45,22.658612,114.15994,18.09829467590644,109.64078960542912,0.1825216982786131
473,2019-04-24 19:22:46,22.658557,114.160107,18.28081637418505,110.18657439767252,0.0863269440847211
473,2019-04-24 19:22:47,22.6585,114.160275,18.36714331826977,110.1865666901461,-0.0863137558642428
473,2019-04-24 19:22:48,22.658443,114.160443,18.28082956240553,109.64076727054658,-0.0671361962418366
473,2019-04-24 19:22:49,22.658388,114.16061,18.21369336616369,109.96986026821344,0.0482862374755903
473,2019-04-24 19:22:50,22.658332,114.160777,18.261979603639283,109.53271623266512,0.1051902387713887
473,2019-04-24 19:22:51,22.658277,114.160945,18.36716984241067,110.83492361992104,0.1155093422719666
473,2019-04-24 19:22:52,22.658218,114.161113,18.48267918468264,109.644616556926,-0.0459138617032195
473,2019-04-24 19:22:53,22.658162,114.161283,18.43676532297942,109.09839373023158,-0.0546472701367228
473,2019-04-24 19:22:54,22.658108,114.161452,18.382118052842696,108.6669446330398,0.0306891397476967
473,2019-04-24 19:22:55,22.658055,114.161622,18.412807192590392,108.6669379252009,0.0178766129829348
473,2019-04-24 19:22:56,22.658002,114.161792,18.430683805573327,108.99410238005458,-0.0050059537051261
473,2019-04-24 19:22:57,22.657948,114.16196200000002,18.4256778518682,110.51137125935828,0.2114094248924587
473,2019-04-24 19:22:58,22.65789,114.16213,18.63708727676066,110.70713590156583,0.4233733823866288
473,2019-04-24 19:22:59,22.65783,114.162302,19.06046065914729,110.2752131590189,0.3368408777554954
473,2019-04-24 19:23:00,22.657770000000006,114.162478,19.397301536902784,109.96243560517416,0.2309873426083548
473,2019-04-24 19:23:01,22.65771,114.162657,19.62828887951114,110.46809792448435,0.2118124494734665
473,2019-04-24 19:23:02,22.657648,114.162837,19.84010132898461,109.86020940035928,0.3375257473421911
473,2019-04-24 19:23:03,22.657587,114.16302,20.1776270763268,109.76224046443912,0.4238840932459418
473,2019-04-24 19:23:04,22.657525,114.163207,20.60151116957274,109.66826146586529,0.6173600271403181
473,2019-04-24 19:23:05,22.657462,114.163398,21.218871196713057,109.21361142993608,0.4359986175471206
473,2019-04-24 19:23:06,22.657398,114.163597,21.654869814260177,108.84694960811316,0.1762183814138254
473,2019-04-24 19:23:07,22.657335,114.163797,21.831088195674003,108.58767735441388,0.4602591286288024
473,2019-04-24 19:23:08,22.657272,114.164,22.291347324302805,109.2416682607544,0.2667148753011901
473,2019-04-24 19:23:09,22.657205,114.164208,22.558062199603995,109.32773643014887,0.1152351250810568
473,2019-04-24 19:23:10,22.657138,114.164415,22.67329732468505,109.33535762507222,0.2974089070737982
473,2019-04-24 19:23:11,22.65707,114.164625,22.97070623175885,109.68722922995698,0.2199113652865918
473,2019-04-24 19:23:12,22.657,114.164837,23.19061759704544,110.11754364921649,0.1074114779445452
473,2019-04-24 19:23:13,22.656928,114.16505,23.298029074989987,108.91798280022726,0.005739139917626
473,2019-04-24 19:23:14,22.65686,114.165265,23.303768214907613,108.65915339988618,0.0442165543272459
473,2019-04-24 19:23:15,22.656793,114.16548,23.34798476923486,107.9827627062163,0.0776640352911037
473,2019-04-24 19:23:16,22.656728,114.165697,23.425648804525963,107.38828810917336,-0.0338767572214315
473,2019-04-24 19:23:17,22.656665,114.16591499999998,23.39177204730453,106.60690362477987,0.0187414801673391
473,2019-04-24 19:23:18,22.656605,114.166133,23.41051352747187,105.9436638402034,0.0773667213825106
473,2019-04-24 19:23:19,22.656547,114.166353,23.48788024885438,104.24208898045072,0.0285536421704897
473,2019-04-24 19:23:20,22.656495,114.166575,23.51643389102487,104.50452013937132,-0.0176062627384894
473,2019-04-24 19:23:21,22.656442,114.166797,23.49882762828638,102.86489502218848,0.0489880487388489
473,2019-04-24 19:23:22,22.656395,114.16702,23.54781567702523,102.22823058462131,-0.0814543803817038
473,2019-04-24 19:23:23,22.65635,114.167245,23.466361296643527,100.99946868025302,-0.1359439304160332
473,2019-04-24 19:23:24,22.65631,114.167468,23.330417366227493,100.14791825180804,0.0146482881393446
473,2019-04-24 19:23:25,22.656273,114.167692,23.34506565436684,98.4914266096149,-0.0327485604245616
473,2019-04-24 19:23:26,22.656242,114.167917,23.31231709394228,97.4088077309093,-0.0064066609659718
473,2019-04-24 19:23:27,22.656215,114.168142,23.305910432976304,96.29309997207582,-0.0432073938586086
473,2019-04-24 19:23:28,22.656192,114.168368,23.262703039117696,95.50181339069697,-0.1077377088307116
473,2019-04-24 19:23:29,22.656172,114.168593,23.154965330286984,96.07490287119684,-0.0109460254478221
473,2019-04-24 19:23:30,22.65615,114.168817,23.14401930483916,94.95451567518182,-0.0896483478746645
473,2019-04-24 19:23:31,22.656132,114.169042,23.054370956964497,93.89178731567084,0.1338141924109415
473,2019-04-24 19:23:32,22.656118,114.169265,23.18818514937544,93.53549894425804,0.2855559036619617
473,2019-04-24 19:23:33,22.656105,114.169493,23.4737410530374,91.89711207805868,-0.1223447482390902
473,2019-04-24 19:23:34,22.656098,114.169722,23.35139630479831,90.82406068756592,-0.2112466486885758
473,2019-04-24 19:23:35,22.656095,114.169948,23.14014965610973,89.99995666532755,-0.2055602932502083
473,2019-04-24 19:23:36,22.656095,114.170173,22.934589362859526,89.44063448161779,-0.409012047621939
473,2019-04-24 19:23:37,22.656097,114.170395,22.525577315237587,89.14167955336347,-0.0486220175502083
473,2019-04-24 19:23:38,22.6561,114.170612,22.47695529768738,88.59555998737147,-0.2509223218184253
473,2019-04-24 19:23:39,22.656105,114.170833,22.226032975868957,87.95079731686519,-0.6608788344401191
473,2019-04-24 19:23:40,22.656112,114.171045,21.565154141428835,87.61338699818725,-0.3973647881754765
473,2019-04-24 19:23:41,22.65612,114.171253,21.16778935325336,86.35272960130538,-0.4657100545051023
473,2019-04-24 19:23:42,22.656132,114.171457,20.702079298748256,83.75343272736569,-0.3971266098810275
473,2019-04-24 19:23:43,22.656152,114.171655,20.30495268886723,82.71639018011683,-0.1179806002764003
473,2019-04-24 19:23:44,22.656175,114.17185,20.186972088590828,82.09073541774427,0.1525774299015125
473,2019-04-24 19:23:45,22.6562,114.172045,20.33954951849234,82.82558565099384,0.0303681504437669
473,2019-04-24 19:23:46,22.656223,114.172243,20.369917668936107,80.84524106457087,-0.1785478036353325
473,2019-04-24 19:23:47,22.656252,114.172438,20.19136986530077,81.73681080605922,0.0591859849898206
473,2019-04-24 19:23:48,22.656278,114.172632,20.2505558502906,80.58259871505754,0.3354410910114147
473,2019-04-24 19:23:49,22.656308,114.172828,20.58599694130201,79.20956019553864,0.1942762683523646
473,2019-04-24 19:23:50,22.656343,114.173027,20.78027320965437,77.95151214968752,-0.1437579668665414
473,2019-04-24 19:23:51,22.656382,114.173225,20.636515242787837,77.46792759177578,-0.038200707399902
473,2019-04-24 19:23:52,22.656422,114.17342,20.59831453538793,77.59119204928453,0.0618028542693807
473,2019-04-24 19:23:53,22.656462,114.173617,20.660117389657312,75.96012516681668,-0.0924544993353038
473,2019-04-24 19:23:54,22.656507,114.173812,20.56766289032201,74.91698731076275,0.1706228173799999
473,2019-04-24 19:23:55,22.656555,114.174005,20.73828570770201,74.62204949490695,0.3215086919790195
473,2019-04-24 19:23:56,22.656605,114.174202,21.059794399681028,73.82459064845938,0.4359779211866872
473,2019-04-24 19:23:57,22.656658,114.1744,21.495772320867715,72.51840938457576,0.4749406309126627
473,2019-04-24 19:23:58,22.656717,114.174603,21.970712951780374,72.12834118637886,-0.0909456263715391
473,2019-04-24 19:23:59,22.656778,114.174808,21.87976732540884,70.50865809955565,-0.075738733529846
473,2019-04-24 19:24:00,22.656843,114.175007,21.804028591878996,69.22978615263423,-0.0944687712914742
473,2019-04-24 19:24:01,22.656913,114.175207,21.70955982058752,68.74423219405412,-0.1576719482246034
473,2019-04-24 19:24:02,22.656983,114.175402,21.551887872362915,67.64640423757072,-0.1695158026716114
473,2019-04-24 19:24:03,22.657057,114.175597,21.382372069691304,68.05968728886296,-0.3655709044996378
473,2019-04-24 19:24:04,22.657128,114.17578799999998,21.016801165191666,65.16817931285533,-0.2623923518039497
473,2019-04-24 19:24:05,22.657207,114.175973,20.75440881338772,65.08924108017754,-0.1397916668483354
473,2019-04-24 19:24:06,22.657285,114.176155,20.61461714653938,65.4892044622029,0.0472256504068333
473,2019-04-24 19:24:07,22.657362,114.176338,20.66184279694621,65.88734163765571,2.3060672870684265
473,2019-04-24 19:24:08,22.657438,114.176522,22.96791008401464,63.87984287833939,1.1895317153540184
473,2019-04-24 19:24:09,22.657538,114.176743,24.15744179936866,61.186246795350826,-3.585836613619403
473,2019-04-24 19:24:10,22.657638,114.17694,20.571605185749256,63.71949787041672,-1.659483565601061
473,2019-04-24 19:24:11,22.65771,114.177098,18.912121620148195,61.40860794117748,0.7119053715439101
473,2019-04-24 19:24:12,22.657795,114.177267,19.624026991692105,60.257615457736506,-0.1852991229580247
473,2019-04-24 19:24:13,22.657882,114.177432,19.43872786873408,59.67109086771552,-0.1934576518991129
473,2019-04-24 19:24:14,22.65797,114.177595,19.245270216834967,59.20507729529516,0.0127329123018498
473,2019-04-24 19:24:15,22.658058,114.177755,19.258003129136817,58.95121256411437,-0.0594963670493058
473,2019-04-24 19:24:16,22.658148,114.177917,19.19850676208751,57.41865980214641,-0.158025579763823
473,2019-04-24 19:24:17,22.65824,114.178073,19.04048118232369,57.58454094131923,0.0731438801846486
473,2019-04-24 19:24:18,22.658332,114.17823,19.113625062508337,57.30357759725905,0.1081230311765821
473,2019-04-24 19:24:19,22.658425,114.178387,19.22174809368492,56.02786261741858,0.026777301238102
473,2019-04-24 19:24:20,22.658522,114.178543,19.24852539492302,55.410282109620766,0.0640952326476238
473,2019-04-24 19:24:21,22.65862000000001,114.178697,19.312620627570645,53.88888769619223,0.1121558006277894
473,2019-04-24 19:24:22,22.658723,114.17885,19.424776428198435,53.44532659220499,0.0992729692219036
473,2019-04-24 19:24:23,22.658827,114.179002,19.524049397420335,53.10229332658093,0.3779127836417046
473,2019-04-24 19:24:24,22.658933,114.179155,19.901962181062043,51.08188911591685,0.6812913002468193
473,2019-04-24 19:24:25,22.659047,114.179308,20.583253481308866,50.13254479193904,0.0958568213796056
473,2019-04-24 19:24:26,22.659168,114.179465,20.679110302688468,49.07746248477321,-0.2310545262867656
473,2019-04-24 19:24:27,22.659288,114.17961499999998,20.448055776401706,49.45268479489607,-0.0046443874088559
473,2019-04-24 19:24:28,22.659408,114.179767,20.44341138899285,48.22633696270714,-0.1183998373722978
473,2019-04-24 19:24:29,22.65953,114.179915,20.32501155162055,48.03324645317355,-0.2660667141630313
473,2019-04-24 19:24:30,22.659652,114.180062,20.05894483745752,46.40674317261852,-0.3364780029320151
473,2019-04-24 19:24:31,22.659775,114.180202,19.722466834525505,46.228561589986384,-0.188100033177065
473,2019-04-24 19:24:32,22.659897,114.18034,19.53436680134844,46.25594787391174,0.0770589897710607
473,2019-04-24 19:24:33,22.660018,114.180477,19.611425791119498,45.76296760218236,0.2652584663354105
473,2019-04-24 19:24:34,22.660142,114.180615,19.876684257454908,45.94496221942626,0.2232702361082665
473,2019-04-24 19:24:35,22.660267,114.180755,20.09995449356317,46.55174607887693,0.3405521814457621
473,2019-04-24 19:24:36,22.660392,114.180898,20.440506675008937,45.62847525424672,0.2327583298690214
473,2019-04-24 19:24:37,22.660522,114.181042,20.67326500487796,45.20933395470644,0.1146273343538375
473,2019-04-24 19:24:38,22.660653,114.181185,20.7878923392318,45.38933402588936,-0.0390794397473541
473,2019-04-24 19:24:39,22.660785,114.18133,20.74881289948444,45.4287901385332,-0.2656844016288211
473,2019-04-24 19:24:40,22.660915,114.181473,20.48312849785562,45.67184139866026,-0.1487043514275967
473,2019-04-24 19:24:41,22.661043,114.181615,20.334424146428024,45.04257477965877,0.1538623749847687
473,2019-04-24 19:24:42,22.661172,114.181755,20.488286521412792,45.20919826904208,0.1904367817326395
473,2019-04-24 19:24:43,22.661303,114.181898,20.678723303145432,44.79028036874144,0.0393409345094077
473,2019-04-24 19:24:44,22.661435,114.18204,20.71806423765484,44.99128939751756,0.1038855743501692
473,2019-04-24 19:24:45,22.661567,114.182183,20.82194981200501,46.218611178647336,0.222650656963502
473,2019-04-24 19:24:46,22.661697,114.18233,21.04460046896851,45.75949358564952,0.2265774627335517
473,2019-04-24 19:24:47,22.66183,114.182478,21.271177931702063,46.143791606084,0.114220150577637
473,2019-04-24 19:24:48,22.661963,114.182628,21.3853980822797,45.5248247146024,-0.0345872993034035
473,2019-04-24 19:24:49,22.662098,114.182777,21.350810782976296,45.54487396683066,-0.073119487856605
473,2019-04-24 19:24:50,22.662232,114.182925,21.27769129511969,45.137658232293006,0.0391046373195393
473,2019-04-24 19:24:51,22.662367,114.183072,21.31679593243923,45.33184669336077,-0.0456716544009943
473,2019-04-24 19:24:52,22.662502,114.18322,21.27112427803824,46.57722534813325,-0.0386277817029565
473,2019-04-24 19:24:53,22.662633,114.18337,21.23249649633528,45.54476229407754,-0.0328566753211703
473,2019-04-24 19:24:54,22.662767,114.183518,21.19963982101411,45.56509900787785,-0.1487137079583718
473,2019-04-24 19:24:55,22.6629,114.183665,21.050926113055738,45.17266425116407,-0.1120661473480062
473,2019-04-24 19:24:56,22.663033,114.18381,20.93885996570773,45.38883720590769,-0.299553192309574
473,2019-04-24 19:24:57,22.663165,114.183955,20.63930677339816,44.82091253092045,-0.4505495460018416
473,2019-04-24 19:24:58,22.663295,114.184095,20.18875722739632,45.07753057103344,-0.3052964308100883
473,2019-04-24 19:24:59,22.663422,114.184233,19.883460796586228,45.32388639501176,-0.1560814803491652
473,2019-04-24 19:25:00,22.663547,114.18437,19.727379316237062,45.99408960325309,0.0735048299289644
473,2019-04-24 19:25:01,22.66367,114.184508,19.800884146166027,45.738953245441394,0.0775806234410971
473,2019-04-24 19:25:02,22.663795,114.184647,19.878464769607124,45.53213383370644,0.0413963147430536
473,2019-04-24 19:25:03,22.66392,114.184785,19.919861084350178,45.07740007963503,-0.1453602255925545
473,2019-04-24 19:25:04,22.664047,114.184923,19.774500858757623,44.68947293497951,-0.3385853426600427
473,2019-04-24 19:25:05,22.664172,114.185057,19.43591551609758,44.936922022519184,-0.1543218891227589
473,2019-04-24 19:25:06,22.664295000000006,114.18519,19.28159362697482,45.17075700976733,-0.1148260536282066
473,2019-04-24 19:25:07,22.664417,114.185323,19.16676757334661,45.190306364818014,-0.1147307766115517
473,2019-04-24 19:25:08,22.664538,114.185455,19.052036796735063,45.4280098645109,-0.1120260918521793
473,2019-04-24 19:25:09,22.664658,114.185587,18.940010704882884,44.990620264782535,-0.0726902493905647
473,2019-04-24 19:25:10,22.664778,114.185717,18.86732045549232,44.99059520236801,0.0861210525930715
473,2019-04-24 19:25:11,22.664898,114.185847,18.95344150808539,43.60759718748631,0.0132400967466672
473,2019-04-24 19:25:12,22.665022,114.185975,18.966681604832058,43.61484057265261,-0.1462829681733559
473,2019-04-24 19:25:13,22.66514500000001,114.186102,18.8203986366587,43.160801994164274,0.0230523355857243
473,2019-04-24 19:25:14,22.665268,114.186227,18.843450972244423,41.78738272935408,0.1375877957359854
473,2019-04-24 19:25:15,22.665395,114.18635,18.98103876798041,41.5641773518949,0.1512711275620866
473,2019-04-24 19:25:16,22.665523,114.186473,19.132309895542495,41.80167929372328,0.2196692000511788
473,2019-04-24 19:25:17,22.665652,114.186598,19.35197909559368,42.03381875500668,-0.0413422715640905
473,2019-04-24 19:25:18,22.665782,114.186725,19.310636824029583,42.0232734594739,-0.0685528146879441
473,2019-04-24 19:25:19,22.66591,114.18685,19.24208400934164,41.581852524843896,0.1405944097281128
473,2019-04-24 19:25:20,22.66604,114.186975,19.382678419069755,40.47693047342182,0.0684964952891071
473,2019-04-24 19:25:21,22.666173,114.187098,19.451174914358862,40.03458958665499,0.19360930550177
473,2019-04-24 19:25:22,22.666307,114.18722,19.644784219860632,40.30222129408605,0.3117879992876489
473,2019-04-24 19:25:23,22.666443,114.187345,19.95657221914828,39.68665314782066,-0.1413483768799288
473,2019-04-24 19:25:24,22.666582,114.18747,19.815223842268352,39.82483670880907,-0.1736050239828941
473,2019-04-24 19:25:25,22.666717,114.187592,19.64161881828546,38.97588654718498,0.1291648249337633
473,2019-04-24 19:25:26,22.666855,114.187713,19.77078364321922,39.20664644193732,-0.0852960738105714
473,2019-04-24 19:25:27,22.666993,114.187835,19.68548756940865,37.83687462888781,-0.3723864680112356
473,2019-04-24 19:25:28,22.667132,114.187952,19.31310110139741,37.477506772648496,-0.3326669472100114
473,2019-04-24 19:25:29,22.667268,114.188065,18.980434154187403,37.43574440378734,-0.3324200246743665
473,2019-04-24 19:25:30,22.667403,114.188177,18.64801412951304,37.05216476444025,-0.3765143311852661
473,2019-04-24 19:25:31,22.667535,114.188285,18.27149979832777,37.21662462470948,-0.0617636279721587
473,2019-04-24 19:25:32,22.667665,114.188392,18.20973617035561,36.5384422303718,0.3593576712339903
473,2019-04-24 19:25:33,22.667797,114.188498,18.5690938415896,36.73563170182536,0.4348624570086734
473,2019-04-24 19:25:34,22.667933,114.188608,19.00395629859828,36.13826359014121,0.2243519749504692
473,2019-04-24 19:25:35,22.668072,114.188718,19.228308273548745,35.74925657165545,0.4362610671029046
473,2019-04-24 19:25:36,22.668213,114.188828,19.66456934065165,36.860180038845215,0.6158630303201278
473,2019-04-24 19:25:37,22.668357,114.188945,20.280432370971777,35.744258087965704,0.4050436045215662
473,2019-04-24 19:25:38,22.668507,114.189062,20.685475975493343,36.25297902798405,0.3934571381905378
473,2019-04-24 19:25:39,22.668658,114.189182,21.07893311368388,33.55332983065159,0.4123517068832179
473,2019-04-24 19:25:40,22.668818,114.189297,21.4912848205671,34.68555803829389,0.415383465614024
473,2019-04-24 19:25:41,22.668978,114.189417,21.906668286181123,34.68552579442547,0.2247497422516993
473,2019-04-24 19:25:42,22.669142,114.18954,22.131418028432822,34.84965210300993,0.332782021166345
473,2019-04-24 19:25:43,22.669305,114.189663,22.464200049599167,34.156410186781045,0.632615844786713
473,2019-04-24 19:25:44,22.669475,114.189788,23.09681589438588,34.53015943099285,0.5579513143314294
473,2019-04-24 19:25:45,22.669648,114.189917,23.65476720871731,33.827899193448275,0.28771824295589
473,2019-04-24 19:25:46,22.669827,114.190047,23.9424854516732,34.180228291793355,-0.0343555420922783
473,2019-04-24 19:25:47,22.670005,114.190178,23.90812990958092,34.533570351494234,-0.0626220524546283
473,2019-04-24 19:25:48,22.670182,114.19031,23.845507857126293,34.68528756341681,0.2670881202982151
473,2019-04-24 19:25:49,22.670358,114.190442,24.112595977424508,35.427405608062486,0.3591617864002288
473,2019-04-24 19:25:50,22.670537,114.19058,24.471757763824737,35.27673719257115,0.1644384359998483
473,2019-04-24 19:25:51,22.670717,114.190718,24.636196199824585,36.0521591406598,0.4811588777425726
473,2019-04-24 19:25:52,22.670897,114.19086,25.11735507756716,34.87485659477551,0.3602942543462006
473,2019-04-24 19:25:53,22.671085,114.191002,25.47764933191336,37.43631930472503,-0.4851667254503695
473,2019-04-24 19:25:54,22.671267,114.191153,24.99248260646299,39.52362492957241,-0.7852372628479607
473,2019-04-24 19:25:55,22.671437,114.191305,24.20724534361503,40.71063900145026,-0.7669539021220686
473,2019-04-24 19:25:56,22.6716,114.191457,23.44029144149296,41.38186537773112,-0.9728808472745136
473,2019-04-24 19:25:57,22.671755,114.191605,22.46741059421845,41.91174017396333,-0.9564534986454588
473,2019-04-24 19:25:58,22.671902,114.191748,21.510957095572987,41.877791803053015,-0.3973318831918284
473,2019-04-24 19:25:59,22.672043,114.191885,21.11362521238116,40.861596098044345,-0.0844020491585268
473,2019-04-24 19:26:00,22.672187,114.19202,21.029223163222632,40.422538460619535,-0.1755132450640495
473,2019-04-24 19:26:01,22.67233,114.192152,20.853709918158582,40.207560631631566,-0.1020088857202736
473,2019-04-24 19:26:02,22.672473,114.192283,20.75170103243831,41.65407305607948,-0.2924584536646222
473,2019-04-24 19:26:03,22.672612,114.192417,20.459242578773686,41.63061742849038,-0.2891891699118147
473,2019-04-24 19:26:04,22.672748,114.192548,20.17005340886187,43.12801113116899,0.0114456645514877
473,2019-04-24 19:26:05,22.67288,114.192682,20.18149907341336,43.55168784372813,0.3517607288177622
473,2019-04-24 19:26:06,22.673012,114.192818,20.53325980223112,45.60457619547168,0.2838615121539689
473,2019-04-24 19:26:07,22.673143,114.192963,20.81712131438509,46.4371787337173,-0.4199356313432858
473,2019-04-24 19:26:08,22.673272,114.19311,20.397185683041805,48.11101483893174,-1.0521206048954923
473,2019-04-24 19:26:09,22.673392,114.193255,19.345065078146312,48.71426026291573,-1.1216043287388189
473,2019-04-24 19:26:10,22.673503,114.193392,18.223460749407494,50.2682436746054,-0.6688497016518475
473,2019-04-24 19:26:11,22.673605,114.193525,17.554611047755646,50.18336633651296,-0.1603514826469911
473,2019-04-24 19:26:12,22.673705,114.193655,17.394259565108655,48.90871703088578,0.1064267650426238
473,2019-04-24 19:26:13,22.673808,114.193783,17.50068633015128,48.85533764558102,0.1890669910212778
473,2019-04-24 19:26:14,22.673912,114.193912,17.689753321172557,49.02034483172815,0.0862708770284577
473,2019-04-24 19:26:15,22.674017000000006,114.194043,17.776024198201014,50.75580305918635,-0.0279489906384249
473,2019-04-24 19:26:16,22.674118,114.194177,17.74807520756259,50.2681173849345,-0.2644396463294676
473,2019-04-24 19:26:17,22.67422,114.19431000000002,17.483635561233122,50.75148688704752,-0.7491704128967847
473,2019-04-24 19:26:18,22.674318,114.19444,16.734465148336337,50.97106916704877,-0.8232847923582245
473,2019-04-24 19:26:19,22.67441,114.194563,15.911180355978113,51.60907572284151,-0.7819882618784035
473,2019-04-24 19:26:20,22.674497,114.194682,15.129192094099707,52.15784864864446,-1.0106576735773167
473,2019-04-24 19:26:21,22.674578,114.194795,14.118534420522392,52.62751453227389,-1.1171665873176018
473,2019-04-24 19:26:22,22.674652,114.1949,13.00136783320479,53.87490482842753,-0.7514079770545994
473,2019-04-24 19:26:23,22.674718,114.194998,12.249959856150191,53.151617424122094,-0.3206026145159164
473,2019-04-24 19:26:24,22.674783,114.195092,11.929357241634277,52.255839647625976,0.2574609426761025
473,2019-04-24 19:26:25,22.674848,114.195183,12.186818184310376,52.370368482252445,0.6915902896422512
473,2019-04-24 19:26:26,22.674917,114.19528,12.878408473952629,53.237918211644114,0.8661989088159459
473,2019-04-24 19:26:27,22.674988,114.195383,13.744607382768574,54.87363383192081,0.630164742951953
473,2019-04-24 19:26:28,22.675062,114.195497,14.374772125720527,54.74707972080353,0.1588087372333699
473,2019-04-24 19:26:29,22.675137,114.195612,14.533580862953896,57.33074869526115,0.0169523441951202
473,2019-04-24 19:26:30,22.675208,114.195732,14.550533207149018,59.03183018720529,-0.1731092805762806
473,2019-04-24 19:26:31,22.675275,114.195853,14.377423926572735,59.58523098657798,-0.100708493507124
473,2019-04-24 19:26:32,22.67534,114.195973,14.276715433065611,59.58521912905405,0.1427204985856409
473,2019-04-24 19:26:33,22.675405,114.196093,14.419435931651254,57.69889249607763,-0.2619123174612614
473,2019-04-24 19:26:34,22.675475,114.196213,14.157523614189993,58.28638410811072,-0.9613732392678572
473,2019-04-24 19:26:35,22.67554,114.196327,13.196150374922135,59.33170814807022,-0.6687152281833253
473,2019-04-24 19:26:36,22.675598,114.196433,12.52743514673881,59.29004296568581,-0.2198846175510596
473,2019-04-24 19:26:37,22.675655,114.196537,12.30755052918775,58.10328590887758,-0.1453660972776198
473,2019-04-24 19:26:38,22.675713,114.196638,12.16218443191013,59.6984750010368,-0.0690104955116037
473,2019-04-24 19:26:39,22.675768,114.19674,12.093173936398529,60.154368976003184,-0.0886810212555797
473,2019-04-24 19:26:40,22.675822,114.196842,12.004492915142947,59.20181295162888,-0.0723330375172146
473,2019-04-24 19:26:41,22.675877,114.196942,11.932159877625732,60.37248964418558,0.177760972036026
473,2019-04-24 19:26:42,22.67593,114.197043,12.10992084966176,60.18076963185774,0.2333301298195849
473,2019-04-24 19:26:43,22.675985,114.197147,12.343250979481343,60.41673215923362,0.3131684409063524
473,2019-04-24 19:26:44,22.67604,114.197252,12.656419420387696,61.76388979751448,0.6204128857224571
473,2019-04-24 19:26:45,22.676095,114.197363,13.276832306110151,61.75274645463759,0.4216041931256331
473,2019-04-24 19:26:46,22.676153,114.19748,13.698436499235786,61.54720669356345,0.0836933542705917
473,2019-04-24 19:26:47,22.676212,114.197598,13.782129853506378,63.171371843422776,0.1315405272457237
473,2019-04-24 19:26:48,22.676268,114.197718,13.913670380752102,63.14434792959281,-0.0745168726377585
473,2019-04-24 19:26:49,22.676325,114.19784,13.839153508114345,64.42097973533009,-0.4582709955402091
473,2019-04-24 19:26:50,22.676378,114.19796,13.380882512574134,61.12032802038982,-0.6345685386349835
473,2019-04-24 19:26:51,22.676435,114.198072,12.74631397393915,61.54716017487357,-0.6281350281623173
473,2019-04-24 19:26:52,22.676488,114.198178,12.118178945776831,65.08618225302178,-0.2155312543075744
473,2019-04-24 19:26:53,22.676533,114.198283,11.90264769146926,66.95463034944754,0.2217350128491144
473,2019-04-24 19:26:54,22.676575,114.19839,12.124382704318371,68.84032002342838,0.09019543314818
473,2019-04-24 19:26:55,22.676615,114.198502,12.214578137466551,70.13719625799371,-0.4702987166788759
473,2019-04-24 19:26:56,22.676652,114.198613,11.744279420787676,71.19026097736321,-0.4300214537702747
473,2019-04-24 19:26:57,22.676685,114.198718,11.314257967017404,71.55791551631023,-0.2298964016537041
473,2019-04-24 19:26:58,22.676717,114.198822,11.084361565363698,71.60048314666915,-0.0346360493232698
473,2019-04-24 19:26:59,22.676748,114.198923,11.049725516040429,72.63919525551376,0.1788252742803546
473,2019-04-24 19:27:00,22.676778,114.199027,11.228550790320783,72.79472799407665,0.2290546602145902
473,2019-04-24 19:27:01,22.676808,114.199132,11.457605450535372,72.19707302407909,-2.279211621214472e-06
473,2019-04-24 19:27:02,22.67684,114.19924,11.457603171323752,72.79472067956482,-0.1141267565939454
473,2019-04-24 19:27:03,22.67687,114.199345,11.343476414729809,74.16628044341627,-0.0462850569526942
473,2019-04-24 19:27:04,22.676898,114.199452,11.297191357777113,74.42750758166,0.0345340333777812
473,2019-04-24 19:27:05,22.676925,114.199557,11.331725391154894,74.83990117554106,-0.0289537594558044
473,2019-04-24 19:27:06,22.676952,114.199665,11.30277163169909,75.53079925037821,0.006801184628566
473,2019-04-24 19:27:07,22.676977,114.19977,11.309572816327655,78.8525687689687,0.3443497317060391
473,2019-04-24 19:27:08,22.676997,114.19988,11.653922548033696,79.14138767532768,0.4841120032488426
473,2019-04-24 19:27:09,22.677017000000006,114.199993,12.138034551282535,80.76631387169954,0.6900162832942467
473,2019-04-24 19:27:10,22.677035,114.200113,12.828050834576784,81.2671850802493,0.7525175506858517
473,2019-04-24 19:27:11,22.677053,114.20024,13.580568385262636,82.22845455617744,0.8053880120712513
473,2019-04-24 19:27:12,22.67707,114.200375,14.385956397333889,82.65834115771497,0.4821090954988918
473,2019-04-24 19:27:13,22.677087,114.200518,14.86806549283278,84.45013972430706,0.0277516668309942
473,2019-04-24 19:27:14,22.6771,114.200663,14.895817159663771,84.4118419943515,-0.243869796710813
473,2019-04-24 19:27:15,22.677113,114.200807,14.65194736295296,83.37646028307842,-0.2801853220358872
473,2019-04-24 19:27:16,22.677128,114.200947,14.371762040917073,82.39539728146673,-0.2325016359272336
473,2019-04-24 19:27:17,22.677145,114.201085,14.13926040498984,81.77738180933568,-0.7364726795226453
473,2019-04-24 19:27:18,22.677163,114.20122,13.402787725467194,80.00562700511301,-0.8167043203703503
473,2019-04-24 19:27:19,22.677183,114.201343,12.586083405096844,75.95810427736171,-0.4382062245453255
473,2019-04-24 19:27:20,22.67721,114.20146,12.147877180551518,76.5163997465869,0.1627176324970829
473,2019-04-24 19:27:21,22.677235,114.201573,12.3105948130486,75.80834870217359,0.4451494345003564
473,2019-04-24 19:27:22,22.677263,114.201693,12.755744247548956,73.88016988757977,0.2378910552264397
473,2019-04-24 19:27:23,22.677295,114.201813,12.993635302775395,71.80483051788832,0.1381907879501298
473,2019-04-24 19:27:24,22.677332,114.201935,13.131826090725529,70.13709858788451,0.0163801271649148
473,2019-04-24 19:27:25,22.677372,114.202055,13.148206217890442,68.77594206161439,0.0048270533539334
473,2019-04-24 19:27:26,22.677415,114.202175,13.153033271244375,67.54423656888741,0.1026009848763571
473,2019-04-24 19:27:27,22.67746,114.202293,13.255634256120732,65.51673316335774,0.044348454866494
473,2019-04-24 19:27:28,22.67751,114.202412,13.299982710987226,63.4585328398839,-0.243711834880699
473,2019-04-24 19:27:29,22.677563,114.202527,13.056270876106527,61.76362455663906,-0.0316219238812252
473,2019-04-24 19:27:30,22.677618,114.202638,13.024648952225302,61.12010889907174,0.2600519682418589
473,2019-04-24 19:27:31,22.677675,114.20275,13.28470092046716,61.33865274868083,0.0986768841844263
473,2019-04-24 19:27:32,22.677733,114.202865,13.383377804651587,60.49563875765267,0.0929400318580047
473,2019-04-24 19:27:33,22.677792,114.202978,13.476317836509592,59.08102754376881,0.3165297590722531
473,2019-04-24 19:27:34,22.677855,114.203092,13.792847595581843,57.73059098785996,0.2509281115445017
473,2019-04-24 19:27:35,22.677922,114.203207,14.043775707126349,56.58716850284259,0.1836803156422295
473,2019-04-24 19:27:36,22.677992,114.203322,14.227456022768576,55.47307520328974,-0.0378185874197356
473,2019-04-24 19:27:37,22.678065,114.203437,14.18963743534884,51.94829541082305,0.2044655528786574
473,2019-04-24 19:27:38,22.678143,114.203545,14.394102988227498,50.05458492198744,0.5795018073352249
473,2019-04-24 19:27:39,22.678228,114.203655,14.973604795562723,47.80936693716819,0.2203142516735656
473,2019-04-24 19:27:40,22.678320000000006,114.203765,15.193919047236289,46.97691684946801,-0.1100049678497416
473,2019-04-24 19:27:41,22.678413,114.203873,15.083914079386547,45.28773075959265,0.0916696093011708
473,2019-04-24 19:27:42,22.678508,114.203977,15.175583688687718,43.5421070853904,0.2423346181689503
473,2019-04-24 19:27:43,22.678608,114.20408,15.417918306856668,39.91077118590567,-0.0247889690137395
473,2019-04-24 19:27:44,22.678715,114.204177,15.393129337842929,40.15076252995596,-0.0342612058168878
473,2019-04-24 19:27:45,22.67882,114.204273,15.35886813202604,37.65721697564487,-0.0967584373587442
473,2019-04-24 19:27:46,22.67893,114.204365,15.262109694667297,34.363190311628614,-0.1581455980350341
473,2019-04-24 19:27:47,22.67904200000001,114.204448,15.103964096632264,33.804450058594455,-0.1793256803426803
473,2019-04-24 19:27:48,22.679155,114.20453,14.924638416289582,31.48316044452781,-0.4132235057106381
473,2019-04-24 19:27:49,22.679268,114.204605,14.511414910578944,31.12920116027982,-0.3229169041104001
473,2019-04-24 19:27:50,22.679378,114.204677,14.188498006468544,30.648618421488152,-0.348054152950457
473,2019-04-24 19:27:51,22.679487,114.204747,13.840443853518089,29.877194348614807,-0.3346995420865148
473,2019-04-24 19:27:52,22.679593,114.204813,13.505744311431572,32.342321877837094,-0.2485117038928805
473,2019-04-24 19:27:53,22.679695,114.204883,13.257232607538691,29.04761766433876,-0.3941311128529943
473,2019-04-24 19:27:54,22.679798,114.204945,12.863101494685695,23.921736288870022,-0.6175481678201127
473,2019-04-24 19:27:55,22.679902,114.204995,12.245553326865585,20.25754399131398,-0.1543215976703962
473,2019-04-24 19:27:56,22.680002,114.205035,12.091231729195188,24.54941808438633,0.039544113107599
473,2019-04-24 19:27:57,22.680103,114.205085,12.130775842302787,21.1824432377486,-0.5219923543637215
473,2019-04-24 19:27:58,22.680203,114.205127,11.608783487939066,17.4269831487361,-0.6616241052626162
473,2019-04-24 19:27:59,22.6803,114.20516,10.94715938267645,12.85407948274218,-1.0242493655976883
473,2019-04-24 19:28:00,22.680393,114.205183,9.92291001707876,9.5801505980059,-1.5623679209670964
473,2019-04-24 19:28:01,22.680475,114.205198,8.360542096111665,5.50620001879895,-0.9959052056134708
473,2019-04-24 19:28:02,22.68054200000001,114.205205,7.364636890498194,4.059732293021,-0.4028477601227838
473,2019-04-24 19:28:03,22.680607,114.20521,6.9617891303754105,2.6413770315368765,-0.5580052153315922
473,2019-04-24 19:28:04,22.680667,114.205213,6.403783915043818,3.838970315865822,-0.3815349025368988
473,2019-04-24 19:28:05,22.680722,114.205217,6.02224901250692,4.974721229678096,-0.4226508326151261
473,2019-04-24 19:28:06,22.680775,114.205222,5.599598179891793,8.925383195779887,-1.08573266691391
473,2019-04-24 19:28:07,22.680822,114.20523,4.513865512977883,11.073793002176783,-0.7843272824220691
473,2019-04-24 19:28:08,22.680855,114.205237,3.7295382305558142,9.523127575360943,0.2029788575038908
473,2019-04-24 19:28:09,22.680888,114.205243,3.932517088059705,7.10722618384591,0.1032350866153306
473,2019-04-24 19:28:10,22.680925,114.205248,4.035752174675036,7.508840336948481,-0.2822207306164204
473,2019-04-24 19:28:11,22.68096,114.205253,3.753531444058616,6.579040751468938,-0.2878358755307166
473,2019-04-24 19:28:12,22.680992,114.205257,3.4656955685278987,5.271560611993607,-0.049511262169156
473,2019-04-24 19:28:13,22.681022,114.20526,3.4161843063587427,8.464466998322166,0.1238206990768775
473,2019-04-24 19:28:14,22.681053,114.205265,3.54000500543562,8.203607655725534,0.0710871984107939
473,2019-04-24 19:28:15,22.681085,114.20527,3.611092203846414,11.410881467527416,-0.1260885514531393
473,2019-04-24 19:28:16,22.681117,114.205277,3.485003652393275,5.271555877121159,0.1419147481402163
473,2019-04-24 19:28:17,22.681147,114.20528,3.626918400533491,4.5218567200076905,-0.0039926614002636
473,2019-04-24 19:28:18,22.681182,114.205283,3.622925739133228,3.519884306538472,0.0554600596179546
473,2019-04-24 19:28:19,22.681212,114.205285,3.678385798751182,4.396746980429896,0.2903088894874726
473,2019-04-24 19:28:20,22.681248,114.205288,3.968694688238655,7.5088228851164445,1.0613030693705872
473,2019-04-24 19:28:21,22.681283,114.205293,5.029997757609242,4.794661823107617,1.503967045568701
473,2019-04-24 19:28:22,22.681338,114.205298,6.533964803177943,5.94714634709959,0.8306717637879073
473,2019-04-24 19:28:23,22.6814,114.205305,7.36463656696585,3.7705963027291887,0.9764027253255696
473,2019-04-24 19:28:24,22.68147,114.20531,8.34103929229142,358.6786179111189,-0.160327579736462
473,2019-04-24 19:28:25,22.68155,114.205308,8.180711712554958,7.065189776394163,-0.4466027523246048
473,2019-04-24 19:28:26,22.681617000000006,114.205317,7.734108960230353,7.404224878344451,0.6564716021290966
473,2019-04-24 19:28:27,22.681688,114.205327,8.39058056235945,5.337877348378015,0.5382306601727151
473,2019-04-24 19:28:28,22.681767,114.205335,8.928811222532165,4.558895345467874,0.875685569650388
473,2019-04-24 19:28:29,22.681848,114.205342,9.804496792182553,2.780158351061573,1.4272451344557489
473,2019-04-24 19:28:30,22.681943,114.205347,11.231741926638302,359.0119771311709,1.1195264567023262
473,2019-04-24 19:28:31,22.68205,114.205345,12.351268383340628,356.7855425819329,1.190431783184145
473,2019-04-24 19:28:32,22.682165,114.20533799999998,13.541700166524771,355.4664532402708,1.528748508766112
473,2019-04-24 19:28:33,22.682293,114.205327,15.070448675290884,354.43332325637124,1.126092010443097
473,2019-04-24 19:28:34,22.682435,114.205312,16.196540685733982,354.6576720207259,0.6896119774343994
473,2019-04-24 19:28:35,22.682583,114.205297,16.88615266316838,353.16709791447084,0.2206275106924309
473,2019-04-24 19:28:36,22.682737,114.205277,17.106780173860813,351.6572181897819,0.3513100048890685
473,2019-04-24 19:28:37,22.682888,114.205253,17.45809017874988,352.4448836831933,0.7229914759958334
473,2019-04-24 19:28:38,22.683048,114.20523,18.181081654745714,351.99397691943983,0.3039566362813382
473,2019-04-24 19:28:39,22.683212,114.205205,18.485038291027053,351.4143789387361,0.1566772580574529
473,2019-04-24 19:28:40,22.683377,114.205178,18.641715549084505,350.22381906898727,-0.0751323925509162
473,2019-04-24 19:28:41,22.683543,114.205147,18.56658315653359,348.1002663929177,-0.3082385991345475
473,2019-04-24 19:28:42,22.683705,114.20511,18.25834455739904,345.90445104573155,0.1881845293828483
473,2019-04-24 19:28:43,22.683863,114.205067,18.44652908678189,343.5029312052424,0.5612274051102766
473,2019-04-24 19:28:44,22.684025,114.205015,19.007756491892167,340.3735153709795,0.4988295956558559
473,2019-04-24 19:28:45,22.684188,114.204952,19.506586087548023,338.06988933511263,0.0650620682274052
473,2019-04-24 19:28:46,22.684353,114.20488,19.571648155775428,332.62170860164605,-0.4806458184731319
473,2019-04-24 19:28:47,22.684508,114.204793,19.091002337302296,328.4045698397341,-0.6059299032761167
473,2019-04-24 19:28:48,22.684652,114.204697,18.48507243402618,325.6498433976754,-0.5733018636608627
473,2019-04-24 19:28:49,22.684787,114.204597,17.911770570365317,325.6600573729004,-0.5118967898355393
473,2019-04-24 19:28:50,22.684918,114.2045,17.399873780529777,325.3880089130366,-0.4779152905062283
473,2019-04-24 19:28:51,22.685045,114.204405,16.92195849002355,326.40394434445125,-0.4660625975415797
473,2019-04-24 19:28:52,22.68517,114.204315,16.45589589248197,325.31762942825617,-0.6953322840919771
473,2019-04-24 19:28:53,22.68529,114.204225,15.760563608389992,325.2386414541889,-0.6907041006809305
473,2019-04-24 19:28:54,22.685403,114.20414,15.069859507709062,325.48047583993514,-0.9940055424593606
473,2019-04-24 19:28:55,22.685513,114.204058,14.0758539652497,328.40474799543745,-1.6030004217549791
473,2019-04-24 19:28:56,22.685615,114.20399,12.472853543494722,326.252542860548,-1.3329391372064734
473,2019-04-24 19:28:57,22.685702,114.203927,11.139914406288248,326.68002016242167,-0.7364835373536174
473,2019-04-24 19:28:58,22.685782,114.20387,10.403430868934633,326.26915856031377,-0.5689552499590835
473,2019-04-24 19:28:59,22.685858,114.203815,9.834475618975548,327.3516156284782,-1.1743834452332909
473,2019-04-24 19:29:00,22.68593,114.203765,8.660092173742257,325.62707064132053,-1.2025666637741423
473,2019-04-24 19:29:01,22.685988,114.203722,7.457525509968114,327.6999991355283,-0.8290859696952912
473,2019-04-24 19:29:02,22.686042,114.203685,6.628439540272823,324.3366863819163,-0.8859447872071824
473,2019-04-24 19:29:03,22.686087,114.20365,5.742494753065641,328.71769682569266,-0.7455918750275865
473,2019-04-24 19:29:04,22.686128,114.203623,4.996902878038054,326.6142273901323,-0.3359512577037931
473,2019-04-24 19:29:05,22.686163,114.203598,4.660951620334261,326.6142340991913,0.02842203949141
473,2019-04-24 19:29:06,22.686198,114.203573,4.689373659825671,325.57392993354216,0.5777410824827616
473,2019-04-24 19:29:07,22.686233,114.203547,5.267114742308433,329.2649584135092,1.0897916793815705
473,2019-04-24 19:29:08,22.686278,114.203518,6.356906421690003,330.58441436853747,0.8212537627402599
473,2019-04-24 19:29:09,22.686332,114.203485,7.178160184430263,324.8332536710288,0.1699819119648076
473,2019-04-24 19:29:10,22.686387,114.203443,7.348142096395071,320.2949000704121,-0.3012371991440945
473,2019-04-24 19:29:11,22.686437,114.203398,7.046904897250976,325.49345927361765,-0.2603416021960747
473,2019-04-24 19:29:12,22.686488,114.20336,6.7865632950549015,329.65041495083847,-0.4803604778815744
473,2019-04-24 19:29:13,22.68654,114.203327,6.306202817173327,332.0754911747696,-1.0514821609579563
473,2019-04-24 19:29:14,22.686587,114.2033,5.254720656215371,330.58446591980487,-1.0011714994758751
473,2019-04-24 19:29:15,22.686623,114.203278,4.253549156739496,335.2354643394875,-0.5141198622855283
473,2019-04-24 19:29:16,22.686655,114.203262,3.7394292944539673,327.0060875162497,-0.373147626125855
473,2019-04-24 19:29:17,22.686682,114.203243,3.3662816683281123,317.30451455320684,-0.1943277494924484
473,2019-04-24 19:29:18,22.686703,114.203222,3.171953918835664,314.5765883610545,-0.0634707799672575
473,2019-04-24 19:29:19,22.686723,114.2032,3.108483138868406,322.9516887779203,0.2413238972938374
473,2019-04-24 19:29:20,22.686745,114.203182,3.349807036162244,325.65022503144354,0.5408247541848681
473,2019-04-24 19:29:21,22.686772,114.203162,3.890631790347112,323.5689087792565,0.4535870002432749
473,2019-04-24 19:29:22,22.686802,114.203138,4.344218790590387,328.7716701448589,0.5462274495185202
473,2019-04-24 19:29:23,22.686837,114.203115,4.890446240108907,330.63889195075905,0.5361486366812489
473,2019-04-24 19:29:24,22.686878,114.20309,5.426594876790156,330.4833296853524,0.0971048262561868
473,2019-04-24 19:29:25,22.686922,114.203063,5.523699703046343,331.79043019519713,-0.2642978237475502
473,2019-04-24 19:29:26,22.686965,114.203038,5.259401879298792,336.28193070728224,-0.7195135480070327
473,2019-04-24 19:29:27,22.687007,114.203018,4.53988833129176,337.24803380862744,-0.7542071843914253
473,2019-04-24 19:29:28,22.68704,114.203003,3.7856811469003344,338.20826101602125,-0.2961102975408178
473,2019-04-24 19:29:29,22.68707,114.20299,3.489570849359517,336.8115678202636,0.5010711706526125
473,2019-04-24 19:29:30,22.687098,114.202977,3.990642020012129,333.4938311570399,0.7028446424788672
473,2019-04-24 19:29:31,22.687135,114.202957,4.693486662490996,331.8910522087331,0.6117408578106911
473,2019-04-24 19:29:32,22.687173,114.202935,5.305227520301687,333.8601579047029,0.7113172224711688
473,2019-04-24 19:29:33,22.68722,114.20291,6.016544742772856,333.5167414492098,0.367241334280834
473,2019-04-24 19:29:34,22.68727,114.202883,6.38378607705369,334.0142993066926,-4.557855639575337e-07
473,2019-04-24 19:29:35,22.687323000000006,114.202855,6.383785621268126,333.5167586408335,-0.3114115527429133
473,2019-04-24 19:29:36,22.687373,114.202828,6.072374068525213,336.5841160660413,-0.3591438740441761
473,2019-04-24 19:29:37,22.687422,114.202805,5.713230194481037,335.7217751019945,-0.4038193481312975
473,2019-04-24 19:29:38,22.687467,114.202783,5.309410846349739,332.6353380563873,-0.0272988546110095
473,2019-04-24 19:29:39,22.687508,114.20276,5.28211199173873,334.2529342013953,0.0231125470140804
473,2019-04-24 19:29:40,22.687552,114.202737,5.30522453875281,331.62779640249045,0.0041853558269613
473,2019-04-24 19:29:41,22.687593,114.202713,5.309409894579772,336.7053858763292,0.6190198843530785
473,2019-04-24 19:29:42,22.687638,114.202692,5.92842977893285,334.40310081920086,0.7562188199087618
473,2019-04-24 19:29:43,22.68769,114.202665,6.684648598841612,335.61915275844194,-0.0503621264832405
473,2019-04-24 19:29:44,22.687747,114.202637,6.634286472358371,333.96698908035927,-1.0732234410088832
473,2019-04-24 19:29:45,22.687798,114.20261,5.561063031349488,337.4528022308771,-1.3679721699379987
473,2019-04-24 19:29:46,22.687838,114.202592,4.1930908614114895,334.4887245894711,-0.5913010664771923
473,2019-04-24 19:29:47,22.687867,114.202577,3.601789794934297,336.70542498762256,-0.2345764276017115
473,2019-04-24 19:29:48,22.687897,114.20256299999998,3.3672133673325857,338.6773604996936,-0.2960893764326875
473,2019-04-24 19:29:49,22.687923,114.202552,3.071123990899898,336.1134959444999,-0.0816000836063448
473,2019-04-24 19:29:50,22.687948,114.20253999999998,2.9895239072935533,335.2356736446803,-0.2449043635596623
473,2019-04-24 19:29:51,22.687972,114.202528,2.744619543733891,336.2820822101638,-0.4389684489804715
473,2019-04-24 19:29:52,22.687993,114.202518,2.3056510947534195,336.5307889552984,-0.264742702610854
473,2019-04-24 19:29:53,22.68801,114.20251,2.040908392142565,339.19812466868404,-0.2446223418372037
473,2019-04-24 19:29:54,22.688027,114.202503,1.7962860503053617,336.93453218899543,-0.1587301283018807
473,2019-04-24 19:29:55,22.68804,114.202497,1.637555922003481,327.4321682413258,0.1992866741017016
473,2019-04-24 19:29:56,22.688053,114.202488,1.8368425961051824,341.9631950224389,0.7136754337578786
473,2019-04-24 19:29:57,22.68807,114.202482,2.550518029863061,332.67612937240176,1.018412056634241
473,2019-04-24 19:29:58,22.688095,114.202468,3.568930086497302,332.5719228409906,0.9292992875654388
473,2019-04-24 19:29:59,22.688127,114.20245,4.498229374062741,333.0949514125492,0.8798644343666009
473,2019-04-24 19:30:00,22.688167,114.202428,5.378093808429342,332.45888656643905,0.711055821051735
473,2019-04-24 19:30:01,22.688213,114.202402,6.089149629481077,334.4031944713575,0.134800984928372
473,2019-04-24 19:30:02,22.688265,114.202375,6.223950614409449,337.0034525925698,-0.6025799243345888
473,2019-04-24 19:30:03,22.688315,114.202352,5.62137069007486,336.77467080324084,-0.8876386751717869
473,2019-04-24 19:30:04,22.688358,114.202332,4.733732014903073,335.8615184288952,-1.0188644650049996
473,2019-04-24 19:30:05,22.688393,114.20231499999998,3.7148675498980737,341.1342071880026,-1.0108134986361552
473,2019-04-24 19:30:06,22.68842,114.202305,2.7040540512619184,332.86193797936886,-0.4053237838953216
473,2019-04-24 19:30:07,22.688438,114.202295,2.298730267366597,334.0993808500758,0.1951059871203342
473,2019-04-24 19:30:08,22.688457,114.202285,2.493836254486931,332.2014007330725,0.9137662833112224
473,2019-04-24 19:30:09,22.688478,114.202273,3.4076025377981534,338.4258302026232,1.3158990629146643
473,2019-04-24 19:30:10,22.688513,114.202258,4.723501600712818,341.8383921439983,1.2730810194035325
473,2019-04-24 19:30:11,22.688558,114.202242,5.99658262011635,340.39934252939787,1.4112541010657598
473,2019-04-24 19:30:12,22.688615,114.20222,7.40783672118211,339.19821626514255,1.1175192646470853
473,2019-04-24 19:30:13,22.688683,114.202192,8.525355985829195,338.51299338354613,0.4371519634269827
473,2019-04-24 19:30:14,22.688758,114.20216,8.962507949256178,338.5130040543391,-0.2899479318733657
473,2019-04-24 19:30:15,22.688833,114.202128,8.672560017382812,336.1905497844717,-0.7129173563183233
473,2019-04-24 19:30:16,22.688902,114.202095,7.959642661064489,334.17332563925294,-0.4514367643095811
473,2019-04-24 19:30:17,22.688963,114.202063,7.508205896754908,333.09509626992025,-0.0780997908557825
473,2019-04-24 19:30:18,22.689023,114.20203,7.430106105899125,329.0831056848528,-0.0685086042664515
473,2019-04-24 19:30:19,22.68908,114.201993,7.361597501632674,329.770568041838,-0.0478138348583572
473,2019-04-24 19:30:20,22.689137,114.201957,7.313783666774317,328.6342614828253,-0.0261295989164187
473,2019-04-24 19:30:21,22.689193,114.20192,7.287654067857898,330.4677885830082,0.0479825954683468
473,2019-04-24 19:30:22,22.68925,114.201885,7.335636663326245,329.08314750697946,-0.0695576454898114
473,2019-04-24 19:30:23,22.689307,114.201848,7.266079017836433,328.8726437223813,-0.0475900925233006
473,2019-04-24 19:30:24,22.689362,114.20181200000002,7.218488925313133,328.6343032747886,-0.0205571325258686
473,2019-04-24 19:30:25,22.689418,114.201775,7.197931792787264,327.70064681065526,-0.0535693268424868
473,2019-04-24 19:30:26,22.689472,114.201738,7.144362465944777,330.03094632015285,-0.0524897365618617
473,2019-04-24 19:30:27,22.689528,114.201703,7.091872729382915,329.121134173829,3.809616046077874
473,2019-04-24 19:30:28,22.689582,114.201668,10.90148877546079,336.81105702002844,0.0064972560059165
473,2019-04-24 19:30:55,22.692048,114.200523,11.076914687620537,345.09718724496463,0.94361516602652
473,2019-04-24 19:30:56,22.692152,114.200493,12.020529853647057,345.2328994551782,0.5921589773646829
473,2019-04-24 19:30:57,22.692257,114.20046299999998,12.612688831011738,346.4676766655973,0.5310912423213061
473,2019-04-24 19:30:58,22.692372,114.200433,13.143780073333044,332.03511023422067,0.4567704497888325
473,2019-04-24 19:30:59,22.692478,114.200372,13.600550523121877,322.8916907100739,0.4312881640942212
473,2019-04-24 19:31:00,22.692578,114.20029,14.031838687216098,323.436124999864,-0.1808937709997362
473,2019-04-24 19:31:01,22.69268,114.200208,13.850944916216362,326.56391433421857,-0.2413979675855468
473,2019-04-24 19:31:02,22.692782,114.200135,13.609546948630816,327.1814481408189,-0.2605175999688569
473,2019-04-24 19:31:03,22.692885,114.200063,13.349029348661958,332.9957678575031,0.1030589341076417
473,2019-04-24 19:31:04,22.69299,114.200005,13.4520882827696,334.46307065060927,0.3349045490919593
473,2019-04-24 19:31:05,22.693102,114.199947,13.78699283186156,335.8177661091356,0.1302595766495269
473,2019-04-24 19:31:06,22.693215,114.199892,13.917252408511086,335.4263184974539,0.10780927686171
473,2019-04-24 19:31:07,22.69333,114.199835,14.025061685372796,333.90130828914414,0.022022666588775
473,2019-04-24 19:31:08,22.693443,114.199775,14.047084351961573,335.0473507812169,0.1363227773863826
473,2019-04-24 19:31:09,22.693558,114.199717,14.183407129347954,335.79787754754835,0.0892197068677251
473,2019-04-24 19:31:10,22.693675,114.19966,14.27262683621568,336.7315207270996,0.3582174293113471
473,2019-04-24 19:31:11,22.693793,114.199605,14.630844265527026,334.88039215260136,0.3763974668690029
473,2019-04-24 19:31:12,22.693915,114.199543,15.007241732396029,337.5439574977324,0.1549053370513
473,2019-04-24 19:31:13,22.69404,114.199487,15.162147069447329,337.5070151028233,0.2733470447160346
473,2019-04-24 19:31:14,22.694167,114.19943,15.435494114163363,335.9214238862129,0.112371857295157
473,2019-04-24 19:31:15,22.694295,114.199368,15.54786597145852,336.6135787386784,-0.0715227419695683
473,2019-04-24 19:31:16,22.694423,114.199308,15.476343229488952,336.10060192711256,-0.2547165256298083
473,2019-04-24 19:31:17,22.69455,114.199247,15.221626703859144,337.90616741278524,-0.4742186467016331
473,2019-04-24 19:31:18,22.694675,114.199192,14.74740805715751,340.58102290162986,-0.3650370240571874
473,2019-04-24 19:31:19,22.694798,114.199145,14.382371033100323,341.9870855321634,-0.2390184514547666
473,2019-04-24 19:31:20,22.69492,114.199102,14.143352581645557,342.1047314262172,-0.2273584953417842
473,2019-04-24 19:31:21,22.69504,114.19906,13.915994086303773,341.82123658236486,-0.2477828574087723
473,2019-04-24 19:31:22,22.695158,114.199018,13.668211228895,340.96756708515755,-0.2647026758938331
473,2019-04-24 19:31:23,22.695273,114.198975,13.403508553001169,339.66151149348525,0.1925958025315619
473,2019-04-24 19:31:24,22.695385,114.19893,13.596104355532727,339.2688684209503,0.7668065496825403
473,2019-04-24 19:31:25,22.695502,114.198882,14.36291090521527,339.74457794734315,0.6810533777361858
473,2019-04-24 19:31:26,22.695627,114.198832,15.043964282951457,342.41595647510144,0.6915870205585186
473,2019-04-24 19:31:27,22.695758,114.198787,15.735551303509974,342.6748629123215,0.4872684190653356
473,2019-04-24 19:31:28,22.695897,114.19874,16.22281972257531,344.63405558530235,-0.2046733833928016
473,2019-04-24 19:31:29,22.696038,114.198698,16.018146339182508,344.92451739753534,-0.0670776477148518
473,2019-04-24 19:31:30,22.696175,114.198658,15.951068691467656,344.8808594379482,0.2152127804082848
473,2019-04-24 19:31:31,22.696315,114.198617,16.16628147187594,343.8305875056467,0.1202582810523047
473,2019-04-24 19:31:32,22.696455,114.198573,16.286539752928245,346.2252642246961,0.5231519805727771
473,2019-04-24 19:31:33,22.696598,114.198535,16.809691733501023,343.774536899694,1.13515308355052
473,2019-04-24 19:31:34,22.696747,114.19848799999998,17.944844817051543,340.39523018346614,0.5350190215607356
473,2019-04-24 19:31:35,22.696905,114.198427,18.47986383861228,342.39509651924374,-0.3919322730229844
473,2019-04-24 19:31:36,22.697062,114.198373,18.08793156558929,342.27723810535025,-0.1369665031960956
473,2019-04-24 19:31:37,22.697215,114.19832,17.9509650623932,342.8025690687681,0.1369627350083107
473,2019-04-24 19:31:38,22.697370000000006,114.198268,18.08792779740151,341.8737205418802,0.4421441354011755
473,2019-04-24 19:31:39,22.697525,114.198213,18.530071932802684,345.5763298268338,0.4480368011821909
473,2019-04-24 19:31:40,22.69769,114.198167,18.978108733984875,347.5395451927536,-0.5341735300555825
473,2019-04-24 19:31:41,22.697857,114.198127,18.443935203929293,346.05119034518293,-0.4085457083376234
473,2019-04-24 19:31:42,22.698013,114.198085,18.03538949559167,346.30439004836524,-0.0479100197879773
473,2019-04-24 19:31:43,22.698172,114.198043,17.987479475803692,347.33469340831243,-0.371733887056326
473,2019-04-24 19:31:44,22.698328,114.198005,17.615745588747366,348.81744617032973,-0.0896110380515793
473,2019-04-24 19:31:45,22.698482,114.197972,17.526134550695787,350.26849209926235,0.2047314432865121
473,2019-04-24 19:31:46,22.698638,114.197943,17.7308659939823,351.746558357868,0.3767349786018279
473,2019-04-24 19:31:47,22.698797,114.197918,18.107600972584127,350.9949941644454,0.4630351003156079
473,2019-04-24 19:31:48,22.69896,114.19789,18.57063607289973,351.20728269366737,0.1418302026476432
473,2019-04-24 19:31:49,22.699127,114.197862,18.712466275547374,352.0901230962199,-0.1939655891619196
473,2019-04-24 19:31:50,22.699293,114.197837,18.518500686385455,352.3112085369316,-0.357655571849655
473,2019-04-24 19:31:51,22.699457,114.19781299999998,18.160845114535803,353.0960379066976,-0.3562257811973737
473,2019-04-24 19:31:52,22.699617,114.197792,17.80461933333843,353.33932899819376,-0.1223103173385169
473,2019-04-24 19:31:53,22.699775,114.197772,17.682309015999913,353.66959593942875,0.0332771798665945
473,2019-04-24 19:31:54,22.699933,114.197753,17.715586195866507,354.696207391796,-0.0196128864655804
473,2019-04-24 19:31:55,22.700092,114.19773700000002,17.695973309400927,354.99466047992314,-0.0506750842734256
473,2019-04-24 19:31:56,22.70025,114.197722,17.6452982251275,354.3313815727638,-0.1798392855187103
473,2019-04-24 19:31:57,22.700408,114.197705,17.46545893960879,355.91475725994604,-0.3563194021844182
473,2019-04-24 19:31:58,22.700563,114.197693,17.109139537424372,356.18047141388627,-0.2841932586108697
473,2019-04-24 19:31:59,22.700715,114.197682,16.824946278813503,356.48061923732496,-0.0118874643474242
473,2019-04-24 19:32:00,22.700865,114.197672,16.81305881446608,357.5672522866668,-0.1160853730334601
473,2019-04-24 19:32:01,22.701017,114.197665,16.69697344143262,357.1452247699965,-3.9281996322415587e-08
473,2019-04-24 19:32:02,22.701165,114.197657,16.696973402150622,357.5672576000335,0.0972986960861987
473,2019-04-24 19:32:03,22.701317,114.19765,16.79427209823682,0.0,-0.2259104695244431
473,2019-04-24 19:32:04,22.701467,114.19765,16.568361628712378,0.7142456473145558,-0.3891746051843014
473,2019-04-24 19:32:05,22.701615,114.197652,16.179187023528076,0.0,-0.4450213053741141
473,2019-04-24 19:32:06,22.701758,114.197652,15.734165718153962,0.3775431548706933,-0.2217103027166675
473,2019-04-24 19:32:07,22.701898,114.197653,15.512455415437294,0.760484154357016,-0.1105916004729969
473,2019-04-24 19:32:08,22.702037,114.197655,15.401863814964296,0.7659934928169605,-0.1104108165462403
473,2019-04-24 19:32:09,22.702175,114.197657,15.291452998418055,1.15728739960673,0.0009461552572869
473,2019-04-24 19:32:10,22.702312,114.19766,15.292399153675344,1.148902372270868,0.1678650233155743
473,2019-04-24 19:32:11,22.70245,114.197663,15.460264176990918,1.5098372578537465,0.1111651445075274
473,2019-04-24 19:32:12,22.70259,114.197667,15.571429321498446,1.1324914719697858,0.1124235859197622
473,2019-04-24 19:32:13,22.70273,114.19767,15.683852907418208,1.860487738808331,-1.0477462453195583e-08
473,2019-04-24 19:32:14,22.702872,114.197675,15.683852896940746,1.132489130946567,-0.1144510057365852
473,2019-04-24 19:32:15,22.703012,114.197678,15.56940189120416,0.755046618909148,2.21893806334994
473,2019-04-24 19:32:16,22.703152,114.19768,17.7883399545541,10.87470298091165,0.007227243639063
473,2019-04-24 19:32:39,22.706787,114.198437,17.95456655825255,357.92234958314737,1.1217223872121629
473,2019-04-24 19:32:40,22.706965,114.19843,19.076288945464714,17.982384452831866,0.5005687037362883
473,2019-04-24 19:32:41,22.707127,114.198487,19.576857649201003,14.685289864841934,0.7475787373551697
473,2019-04-24 19:32:42,22.707303,114.19853700000002,20.32443638655617,15.441489629988723,0.1638865340354982
473,2019-04-24 19:32:43,22.70748,114.19859,20.48832292059167,16.819211033714737,0.0579305925549853
473,2019-04-24 19:32:44,22.707657,114.198648,20.546253513146656,18.64264794640252,-0.0582639192471816
473,2019-04-24 19:32:45,22.707832,114.198712,20.487989593899474,17.82527746505258,0.0688753746557182
473,2019-04-24 19:32:46,22.708007,114.198773,20.556864968555196,18.81344817906489,0.0988000040079946
473,2019-04-24 19:32:47,22.708183,114.198838,20.655664972563187,19.452136197180835,-0.0538243301775622
473,2019-04-24 19:32:48,22.708358,114.198905,20.601840642385625,19.824721967643825,-0.1742653883178171
473,2019-04-24 19:32:49,22.708532,114.198973,20.427575254067808,20.416701898970643,-0.0143000639146784
473,2019-04-24 19:32:50,22.708703,114.199042,20.41327519015313,21.38118352914006,0.0223434125364363
473,2019-04-24 19:32:51,22.708875,114.199115,20.43561860268957,21.609633024327596,0.0760550499885006
473,2019-04-24 19:32:52,22.709045,114.199188,20.511673652678063,22.439101131602683,0.2515309097892739
473,2019-04-24 19:32:53,22.709217,114.199265,20.76320456246734,22.583083645463432,0.1933746812707255
473,2019-04-24 19:32:54,22.70939,114.199343,20.956579243738062,22.6083546843376,0.3043830183276661
473,2019-04-24 19:32:55,22.709565,114.199422,21.26096226206573,23.391946924721537,0.4178861853954245
473,2019-04-24 19:32:56,22.709742,114.199505,21.67884844746116,24.03023046997265,0.113100452244943
473,2019-04-24 19:32:57,22.709922,114.199592,21.7919488997061,24.021945884273407,-0.0593581811236632
473,2019-04-24 19:32:58,22.7101,114.199678,21.73259071858244,24.760774980029623,0.0931049976293394
473,2019-04-24 19:32:59,22.710278,114.199767,21.825695716211776,24.39446231935227,0.029295121662674
473,2019-04-24 19:33:00,22.710457,114.199855,21.85499083787445,26.469730681842407,0.102714206344622
473,2019-04-24 19:33:01,22.710633,114.19995,21.95770504421907,26.818045457790102,0.1656297381687501
473,2019-04-24 19:33:02,22.71081,114.200047,22.123334782387825,27.52699608005105,-0.1023294056650847
473,2019-04-24 19:33:03,22.710987,114.200147,22.021005376722737,28.30457866858705,-0.1965189981898412
473,2019-04-24 19:33:04,22.71116,114.200248,21.824486378532896,28.68047473405801,-0.1217732286883084
473,2019-04-24 19:33:05,22.711332,114.20035,21.702713149844588,28.96348652532532,-0.0224360157638976
473,2019-04-24 19:33:06,22.711502,114.200452,21.68027713408069,29.672511714897155,0.1011826564108488
473,2019-04-24 19:33:07,22.711672,114.200557,21.78145979049154,29.90664197056321,-0.045068995752576
473,2019-04-24 19:33:08,22.711842,114.200663,21.736390794738963,30.43497027591673,-0.1875776464956473
473,2019-04-24 19:33:09,22.71201,114.20077,21.548813148243315,31.123129730451296,-0.3273103457005462
473,2019-04-24 19:33:10,22.712175,114.200878,21.22150280254277,32.146170766362104,-0.4713463470994341
473,2019-04-24 19:33:11,22.712335,114.200987,20.75015645544333,32.730556028849094,-0.1128467156378114
473,2019-04-24 19:33:12,22.71249,114.201095,20.637309739805524,32.87476446610873,-0.0373806830750105
473,2019-04-24 19:33:13,22.712647,114.201205,20.599929056730517,33.55235810426092,-0.1288393041167168
473,2019-04-24 19:33:14,22.7128,114.201315,20.4710897526138,34.029501982513295,-0.0175561270032176
473,2019-04-24 19:33:15,22.712953,114.201427,20.45353362561058,33.96542707254986,0.0922742884711596
473,2019-04-24 19:33:16,22.713105,114.201538,20.54580791408174,33.685179630314394,0.103347864359673
473,2019-04-24 19:33:17,22.71326,114.20165,20.64915577844141,34.266007374570336,-0.0460899661572611
473,2019-04-24 19:33:18,22.713413,114.201763,20.60306581228415,33.85648074658815,-0.0857829842791453
473,2019-04-24 19:33:19,22.713567,114.201875,20.517282828005005,33.55218071994091,-0.103104873206469
473,2019-04-24 19:33:20,22.71372,114.201985,20.414177954798536,33.55215123023862,-0.1387992795953607
473,2019-04-24 19:33:21,22.713873,114.202095,20.27537867520317,34.07671930326899,-0.2763081761513852
473,2019-04-24 19:33:22,22.714023,114.202205,19.99907049905179,34.61588317997263,-0.224494093602761
473,2019-04-24 19:33:23,22.714170000000006,114.20231499999998,19.77457640544903,33.87887042124987,-0.2356639799689226
473,2019-04-24 19:33:24,22.714317,114.202422,19.538912425480103,33.74189763025987,-0.1555335278320271
473,2019-04-24 19:33:25,22.714462,114.202527,19.38337889764808,34.86367540066658,-0.0917597601640061
473,2019-04-24 19:33:26,22.714605,114.202635,19.291619137484076,34.110373842813146,-0.1327146778485186
473,2019-04-24 19:33:27,22.714748,114.20274,19.158904459635558,34.29727661903269,-0.3386592408196094
473,2019-04-24 19:33:28,22.71489,114.202845,18.820245218815945,32.85055880591898,-0.3727094374135262
473,2019-04-24 19:33:29,22.71503,114.202943,18.44753578140242,32.04403483618637,-0.1127584659373859
473,2019-04-24 19:33:30,22.71517,114.203038,18.334777315465036,33.686508201410504,-5.52251386665148e-06
473,2019-04-24 19:33:31,22.715307,114.203137,18.33477179295117,32.04398268517713,0.102438499584565
473,2019-04-24 19:33:32,22.715447,114.203232,18.43721029253573,34.02383361485158,0.1638057334316336
473,2019-04-24 19:33:33,22.715585,114.203333,18.601016025967365,34.80571689070496,-0.0458444785047298
473,2019-04-24 19:33:34,22.715723,114.203437,18.555171547462635,34.21728438523144,-0.2575757196148167
473,2019-04-24 19:33:35,22.71586,114.203538,18.297595827847815,32.41580203724459,0.2239216560405239
473,2019-04-24 19:33:36,22.71599800000001,114.203633,18.521517483888346,34.42023161343553,0.4706207886759088
473,2019-04-24 19:33:37,22.716138,114.20373700000002,18.99213827256425,34.29700572765711,0.0521392105007443
473,2019-04-24 19:33:38,22.71628,114.203842,19.044277483064995,33.08442646728736,-0.0010226591016149
473,2019-04-24 19:33:39,22.716423,114.203943,19.04325482396338,32.46272560109105,-0.1510361236374144
473,2019-04-24 19:33:40,22.716568,114.204043,18.89221870032597,30.338857789428403,-0.3102541046150442
473,2019-04-24 19:33:41,22.716713,114.204135,18.58196459571092,29.96410339868441,-0.1987939050904508
473,2019-04-24 19:33:42,22.716857,114.204225,18.38317069062047,29.58120131522088,-0.2230829088717456
473,2019-04-24 19:33:43,22.717,114.20431299999998,18.160087781748725,28.90547235878984,-0.1483346745034914
473,2019-04-24 19:33:44,22.71714200000001,114.204398,18.011753107245234,27.87619876741473,0.0748438635227586
473,2019-04-24 19:33:45,22.717285,114.20448,18.086596970767992,27.548558880327107,-0.0968036276703507
473,2019-04-24 19:33:46,22.71743,114.204562,17.98979334309764,27.459681480062898,-0.3385415015485122
473,2019-04-24 19:33:47,22.717572,114.204642,17.65125184154913,26.436113853352595,-0.2371475689083695
473,2019-04-24 19:33:48,22.717713,114.204718,17.41410427264076,25.99217938092937,-0.1839739965403737
473,2019-04-24 19:33:49,22.717853,114.204792,17.230130276100386,24.75954739313522,-0.1296265126711979
473,2019-04-24 19:33:50,22.717993,114.204862,17.100503763429188,24.133836880047056,-0.1138853332027238
473,2019-04-24 19:33:51,22.718133,114.20493,16.986618430226464,23.97075608712601,-0.0415481959992369
473,2019-04-24 19:33:52,22.718272,114.204997,16.945070234227227,23.50192315413142,0.0509064351954329
473,2019-04-24 19:33:53,22.718412,114.205063,16.99597666942266,23.81860558622708,-0.2242262066825837
473,2019-04-24 19:33:54,22.718552,114.20513,16.771750462740076,23.790701928655608,-0.336964289591517
473,2019-04-24 19:33:55,22.718688,114.205195,16.43478617314856,23.289874227078883,0.2448455492964001
473,2019-04-24 19:33:56,22.718823,114.205258,16.67963172244496,23.818542019766937,0.5110651754433668
473,2019-04-24 19:33:57,22.718963,114.205325,17.190696897888326,21.83947735348403,0.2635738734706301
473,2019-04-24 19:33:58,22.719108,114.205388,17.454270771358956,21.258172341592054,0.099818082525573
473,2019-04-24 19:33:59,22.719255,114.20545,17.55408885388453,20.50322810618951,-0.0720651433114127
473,2019-04-24 19:34:00,22.719403,114.20551,17.482023710573117,19.998602864062093,0.1567718577346717
473,2019-04-24 19:34:01,22.71955,114.205568,17.63879556830779,19.080604138110346,0.2647816792431996
473,2019-04-24 19:34:02,22.719702,114.205625,17.903577247550988,18.344655112870896,0.1580532590554142
473,2019-04-24 19:34:03,22.719855,114.20568,18.0616305066064,18.7372618942062,0.7871556483573272
473,2019-04-24 19:34:04,22.72001,114.205737,18.84878615496373,17.763131390549404,1.105274043672214
473,2019-04-24 19:34:05,22.720177,114.205795,19.954060198635943,17.549649100638987,0.7201881414528266
473,2019-04-24 19:34:06,22.720352,114.205855,20.67424834008877,17.090912531221647,0.2449657873515072
473,2019-04-24 19:34:07,22.720532,114.205915,20.91921412744028,15.65748462920385,0.0362294882792681
473,2019-04-24 19:34:08,22.720713,114.20597,20.955443615719545,15.575621668349015,0.0664271477866016
473,2019-04-24 19:34:09,22.720895,114.206025,21.021870763506147,14.68694669799038,0.0550161866952301
473,2019-04-24 19:34:10,22.721078,114.206077,21.076886950201377,14.341255415989169,-0.0380309107486525
473,2019-04-24 19:34:11,22.721262,114.206128,21.038856039452725,13.873256700081868,-0.1269836668231789
473,2019-04-24 19:34:12,22.721445000000006,114.206177,20.911872372629546,12.779477554235882,-0.2646118398188974
473,2019-04-24 19:34:13,22.721628,114.206222,20.647260532810648,11.58379574149319,-0.0967854070686691
473,2019-04-24 19:34:14,22.721808,114.206262,20.55047512574198,11.73851190040591,-0.0103054878318076
473,2019-04-24 19:34:15,22.72199,114.206303,20.54016963791017,11.30171686622947,-0.0592393882339052
473,2019-04-24 19:34:16,22.72217,114.206342,20.480930249676263,10.058626057505537,-0.0370154512024214
473,2019-04-24 19:34:17,22.722352,114.206377,20.443914798473845,10.168056014095557,-0.1094587780501932
473,2019-04-24 19:34:18,22.722532,114.206412,20.33445602042365,10.168042912350812,-0.0352092888013118
473,2019-04-24 19:34:19,22.722712,114.206447,20.29924673162234,9.0262988515787,0.0137562737697152
473,2019-04-24 19:34:20,22.722892,114.206478,20.31300300539205,8.692139011055872,0.189515444598129
473,2019-04-24 19:34:21,22.723073,114.206508,20.502518449990184,7.708109851433619,0.0622285795584893
473,2019-04-24 19:34:22,22.723257,114.206535,20.564747029548677,6.612642299040829,0.1530647909980658
473,2019-04-24 19:34:23,22.72344,114.206558,20.71781182054674,7.029807823030865,0.4538713488010337
473,2019-04-24 19:34:24,22.723627,114.206583,21.171683169347773,6.88400481582363,0.2759670866778627
473,2019-04-24 19:34:25,22.723818,114.206608,21.44765025602564,6.84848251031616,0.3312284070267139
473,2019-04-24 19:34:26,22.72401,114.206633,21.77887866305235,6.676242853411736,0.2330478979958492
473,2019-04-24 19:34:27,22.724207,114.206658,22.0119265610482,7.241294588556741,0.0325315800326535
473,2019-04-24 19:34:28,22.724403,114.206685,22.04445814108085,7.995614769234351,0.0619485174446694
473,2019-04-24 19:34:29,22.7246,114.206715,22.10640665852552,7.468791921924435,-0.041023310865448
473,2019-04-24 19:34:30,22.724797,114.206743,22.065383347660077,8.56387735595689,0.1944924105824874
473,2019-04-24 19:34:31,22.724993,114.206775,22.25987575824256,8.395052933607303,0.1909518649985315
473,2019-04-24 19:34:32,22.725193,114.206807,22.450827623241093,7.357965219844857,-0.0271923041742212
473,2019-04-24 19:34:33,22.725393,114.206835,22.42363531906687,7.357954567169031,0.0133649741850909
473,2019-04-24 19:34:34,22.725593,114.20686299999998,22.437000293251963,7.877129549697031,0.01382548039523
473,2019-04-24 19:34:35,22.725793,114.206893,22.450825773647196,7.877118171219024,-0.2608691802710616
473,2019-04-24 19:34:36,22.725993,114.206923,22.18995659337613,8.607064515222419,-0.1796305310837169
473,2019-04-24 19:34:37,22.726188,114.206955,22.01032606229241,7.468706194085144,0.089234239918948
473,2019-04-24 19:34:38,22.726385,114.206983,22.09956030221136,7.732262413716057,0.041811461409523
473,2019-04-24 19:34:39,22.726582,114.207012,22.141371763620885,6.905893506397774,0.061719497955309
473,2019-04-24 19:34:40,22.72678,114.20703799999998,22.203091261576198,7.9556146993102175,0.1305855125980493
473,2019-04-24 19:34:41,22.726978,114.207068,22.333676774174243,7.61761782272805,-0.0550842497624159
473,2019-04-24 19:34:42,22.727178,114.207097,22.278592524411827,7.995454668001969,-0.1306321864568218
473,2019-04-24 19:34:43,22.727375,114.207127,22.14796033795501,6.905853860905552,0.2564867905210768
473,2019-04-24 19:34:44,22.727573,114.207153,22.40444712847608,7.028218716512015,0.2463187254633609
473,2019-04-24 19:34:45,22.727775,114.20718,22.650765853939443,7.799979936316504,-0.2137724262371918
473,2019-04-24 19:34:46,22.727977,114.20721,22.43699342770225,7.431311970489446,-0.3925459679021976
473,2019-04-24 19:34:47,22.728175,114.207238,22.04444745980005,7.810492843837324,-0.5294786380880403
473,2019-04-24 19:34:48,22.72837,114.207267,21.514968821712014,8.647781319160003,-0.2364389345945561
473,2019-04-24 19:34:49,22.728558,114.207298,21.278529887117458,9.372234752033762,0.2524284451887979
473,2019-04-24 19:34:50,22.728748,114.207332,21.530958332306252,9.544183210557604,0.1729634501734587
473,2019-04-24 19:34:51,22.72894,114.207367,21.703921782479718,9.4956211517366,-0.0835518073579919
473,2019-04-24 19:34:52,22.729133,114.207402,21.62036997512172,10.451747642091163,-0.1368805005856259
473,2019-04-24 19:34:53,22.729323,114.20744,21.483489474536096,10.451733435998335,0.0579391615844109
473,2019-04-24 19:34:54,22.729513,114.207478,21.541428636120507,12.056861253444596,-0.056811602602341
473,2019-04-24 19:34:55,22.729703,114.207522,21.48461703351817,13.319507310645577,-0.1129766111933214
473,2019-04-24 19:34:56,22.72989,114.20757,21.371640422324845,15.86403639768082,0.0688224959402035
473,2019-04-24 19:34:57,22.730075,114.207627,21.440462918265048,18.91788140038756,0.0510841845705059
473,2019-04-24 19:34:58,22.730258,114.207695,21.491547102835558,19.53180499518703,-0.0641139120397156
473,2019-04-24 19:34:59,22.73044,114.207765,21.42743319079584,23.13677060939426,-0.0415181188109876
473,2019-04-24 19:35:00,22.730617,114.207847,21.38591507198485,25.880642772063368,0.3990806721589948
473,2019-04-24 19:35:01,22.73079,114.20793799999998,21.78499574414385,27.52356728028576,0.3329481217685739
473,2019-04-24 19:35:02,22.730967,114.208038,22.11794386591242,30.451981373382974,-0.2950105309768709
473,2019-04-24 19:35:03,22.731138,114.208147,21.82293333493555,31.818545040216748,-0.4409460822499618
473,2019-04-24 19:35:04,22.731303,114.208258,21.381987252685587,34.50223290540657,-0.2038430123027694
473,2019-04-24 19:35:05,22.73146,114.208375,21.178144240382817,36.5560753791471,-0.0531772887106001
473,2019-04-24 19:35:06,22.731613,114.208498,21.124966951672217,38.17236440597901,-0.0850422259613594
473,2019-04-24 19:35:07,22.731762,114.208625,21.039924725710858,39.394422342922326,0.2965143917668804
473,2019-04-24 19:35:08,22.731908,114.208755,21.336439117477735,43.2834562357217,0.2507935674803043
473,2019-04-24 19:35:09,22.73205,114.2089,21.58723268495804,45.7017520798633,-0.1393339912373754
473,2019-04-24 19:35:10,22.732185,114.20905,21.447898693720667,48.747735804166666,-0.1428407475052573
473,2019-04-24 19:35:11,22.732312,114.209207,21.30505794621541,49.01690154318891,-0.2471157626014672
473,2019-04-24 19:35:12,22.732437,114.20936299999998,21.057942183613942,51.17828860347527,-0.1736335579522254
473,2019-04-24 19:35:13,22.732555,114.209522,20.88430862566172,53.3142798646486,-0.3334790777360226
473,2019-04-24 19:35:14,22.732667000000006,114.209685,20.55082954792569,55.58399234871763,-0.4492604616868512
473,2019-04-24 19:35:15,22.73277,114.209848,20.101569086238843,58.025440545796414,-0.2087756471223052
473,2019-04-24 19:35:16,22.732865,114.210013,19.892793439116534,60.83179904616839,-0.2889917632653649
473,2019-04-24 19:35:17,22.732952,114.210182,19.603801675851173,64.13987600976066,-0.253170842137532
473,2019-04-24 19:35:18,22.733028,114.210352,19.35063083371364,64.43650414649903,-0.3984454224916938
473,2019-04-24 19:35:19,22.733103,114.210522,18.952185411221947,66.36528476350912,-0.6162867181294374
473,2019-04-24 19:35:20,22.73317,114.210688,18.33589869309251,68.36326683758818,-0.4322003593701389
473,2019-04-24 19:35:21,22.73323,114.210852,17.90369833372237,67.87399450593159,-0.4220518139612501
473,2019-04-24 19:35:22,22.73329,114.211012,17.48164651976112,68.04505620273426,-0.2457608705663645
473,2019-04-24 19:35:23,22.733348,114.211168,17.235885649194756,69.20189277319753,-0.12777795560282
473,2019-04-24 19:35:24,22.733403,114.211325,17.108107693591936,71.30463736922002,-0.5574170802633276
473,2019-04-24 19:35:25,22.733452,114.211482,16.55069061332861,73.97518696088468,-0.4490803681578299
473,2019-04-24 19:35:26,22.733492,114.211633,16.10161024517078,75.59807225337039,-0.1204038640615152
473,2019-04-24 19:35:27,22.733528,114.211785,15.981206381109264,75.80274306684481,-0.2261232801336881
473,2019-04-24 19:35:28,22.733563,114.211935,15.755083100975575,76.01333153322457,-0.0765235388
473,2019-04-24 19:35:29,22.733597,114.212083,15.678559562175575,76.49708717381759,0.0866016755016225
473,2019-04-24 19:35:30,22.73363,114.212232,15.765161237677198,76.58383825622832,-0.1364140451101718
473,2019-04-24 19:35:31,22.733663,114.212382,15.628747192567026,75.82939346582174,-0.0389159220752706
473,2019-04-24 19:35:32,22.733697,114.212528,15.589831270491755,77.7650001280831,0.3287557884465961
473,2019-04-24 19:35:33,22.733727,114.212678,15.918587058938352,78.8480548823809,0.2736966380312662
473,2019-04-24 19:35:34,22.733755,114.212832,16.192283696969618,77.3827659354697,0.1095410366663394
473,2019-04-24 19:35:35,22.733787,114.212987,16.301824733635957,77.00167298081516,0.1136778289898075
473,2019-04-24 19:35:36,22.73382,114.213142,16.415502562625765,75.57837777161387,-0.2576484739970297
473,2019-04-24 19:35:37,22.733857,114.213298,16.157854088628735,75.32047270838484,-0.8217633016434345
473,2019-04-24 19:35:38,22.733893,114.213447,15.3360907869853,74.83387671704622,-0.729242432168153
473,2019-04-24 19:35:39,22.733928,114.21358700000002,14.606848354817147,76.54924273583958,-0.5779993125399319
473,2019-04-24 19:35:40,22.733958,114.213723,14.028849042277216,76.40309320071862,-0.0498543537315931
473,2019-04-24 19:35:41,22.733987,114.213853,13.978994688545622,76.45326139774369,0.3365427074962532
473,2019-04-24 19:35:42,22.734017,114.213988,14.315537396041876,77.50538311347992,0.1499190047416014
473,2019-04-24 19:35:43,22.734045,114.214125,14.465456400783475,76.73723252070056,-0.0999599738809156
473,2019-04-24 19:35:44,22.734075,114.214263,14.365496426902562,77.32621099568468,-0.2996498992528167
473,2019-04-24 19:35:45,22.734103,114.214398,14.065846527649745,76.15708914732613,0.012847179573372
473,2019-04-24 19:35:46,22.734133,114.21453,14.078693707223117,76.88895219858824,0.5008620571269784
473,2019-04-24 19:35:47,22.734162,114.214665,14.579555764350095,78.8480225054742,0.4078856342860071
473,2019-04-24 19:35:48,22.734188,114.214808,14.987441398636102,79.33960745377851,0.2527302178905586
473,2019-04-24 19:35:49,22.734213,114.214952,15.24017161652666,75.43005518288703,0.3656783298112582
473,2019-04-24 19:35:50,22.734248,114.215098,15.60584994633792,76.10348476473871,0.2486439984595794
473,2019-04-24 19:35:51,22.734282,114.215247,15.8544939447975,75.89292388198453,0.0632572463679181
473,2019-04-24 19:35:52,22.734317,114.215398,15.917751191165417,75.80266445965344,0.334011770969143
473,2019-04-24 19:35:53,22.734352,114.215548,16.25176296213456,78.4383088572738,0.0124492914107143
473,2019-04-24 19:35:54,22.734382,114.215707,16.264212253545274,75.41409553083247,-0.453600237438188
473,2019-04-24 19:35:55,22.734418,114.215857,15.810612016107086,74.8338195178705,0.1346754310219307
473,2019-04-24 19:35:56,22.734455,114.216005,15.945287447129015,76.07008662021991,0.972356923488002
473,2019-04-24 19:35:57,22.73449,114.216158,16.91764437061702,80.22930449655075,0.5113309593353463
473,2019-04-24 19:35:58,22.734517,114.216328,17.428975329952365,80.30460272076692,-0.2836803702098187
473,2019-04-24 19:35:59,22.734543,114.216493,17.145294959742547,79.1466212907817,0.2244125553372491
473,2019-04-24 19:36:00,22.734572,114.216657,17.369707515079796,77.97699108657332,0.7190167354111523
473,2019-04-24 19:36:01,22.734605,114.216825,18.088724250490948,75.08210020516464,0.7465625629452077
473,2019-04-24 19:36:02,22.734648,114.217,18.83528681343616,75.1557775689842,0.3690832303470799
473,2019-04-24 19:36:03,22.73469200000001,114.21718,19.20437004378324,76.34628553148173,-0.1033538733447976
473,2019-04-24 19:36:04,22.734733,114.217363,19.10101617043844,76.38031234413461,-0.2010782658807279
473,2019-04-24 19:36:05,22.734773,114.217542,18.89993790455771,77.43569014278341,-0.0243827618298979
473,2019-04-24 19:36:06,22.73481,114.217722,18.87555514272781,75.64964250265047,0.2022076525307525
473,2019-04-24 19:36:07,22.734852,114.2179,19.077762795258565,76.34627015078945,0.8364526786776771
473,2019-04-24 19:36:08,22.734893,114.218083,19.91421547393624,75.88288161755418,0.6373785143614796
473,2019-04-24 19:36:09,22.734938,114.218277,20.55159398829772,76.25259689474842,-0.3253654126973977
473,2019-04-24 19:36:10,22.734982,114.218472,20.226228575600324,76.07206245493796,0.0543264053518512
473,2019-04-24 19:36:11,22.735025,114.21866,20.28055498095217,75.05655837368016,0.5951307579341538
473,2019-04-24 19:36:12,22.735073,114.218855,20.87568573888633,74.6877032154095,-0.0427808777637217
473,2019-04-24 19:36:13,22.735123,114.219053,20.832904861122607,72.7456450015668,-0.4254813363423295
473,2019-04-24 19:36:14,22.735178,114.219245,20.40742352478028,71.71166756272572,-0.5012913313935634
473,2019-04-24 19:36:15,22.735235,114.219432,19.906132193386718,71.14762511141384,-0.6004850291530488
473,2019-04-24 19:36:16,22.735292,114.219613,19.305647164233665,70.86530497042799,-0.4759868085954224
473,2019-04-24 19:36:17,22.735348,114.219788,18.829660355638243,69.05935915405905,-0.3059483057624206
473,2019-04-24 19:36:18,22.735408,114.219958,18.523712049875822,68.71657895757801,-0.0199589022326094
473,2019-04-24 19:36:19,22.735468,114.220125,18.503753147643213,69.37876940432398,0.2441676539454782
473,2019-04-24 19:36:20,22.735527,114.220295,18.74792080158869,67.48276621003697,-0.0018122559592086
473,2019-04-24 19:36:21,22.735592,114.220465,18.74610854562948,65.2982881991241,-0.2133374175176321
473,2019-04-24 19:36:22,22.735662,114.22063,18.53277112811185,65.03194672605696,-0.5587609791099162
473,2019-04-24 19:36:23,22.735732,114.220793,17.974010149001934,65.21812580586948,-0.6486462677694682
473,2019-04-24 19:36:24,22.73579800000001,114.220948,17.325363881232466,63.00662534549525,-0.4818548472975763
473,2019-04-24 19:36:25,22.735868,114.221097,16.84350903393489,60.18278506823032,-0.1267508603325886
473,2019-04-24 19:36:26,22.735942,114.22123700000002,16.7167581736023,58.218773947028126,0.1156876377626829
473,2019-04-24 19:36:27,22.736022,114.221377,16.832445811364984,57.52694550301362,-0.0270691962550699
473,2019-04-24 19:36:28,22.736103,114.221515,16.805376615109914,57.207669521066975,-0.4102276254089929
473,2019-04-24 19:36:29,22.736185,114.221653,16.39514898970092,54.67834745924159,-1.41725043778421
473,2019-04-24 19:36:30,22.736268,114.22178,14.977898551916711,52.29478197778985,-1.714682721990192
473,2019-04-24 19:36:31,22.736345,114.221888,13.26321582992652,50.29059958803879,-1.8322872717682144
473,2019-04-24 19:36:32,22.736417000000007,114.221982,11.430928558158303,48.968330904848926,-1.507591919799227
473,2019-04-24 19:36:33,22.736478,114.222058,9.923336638359078,50.88227147503153,-0.5907517715546078
473,2019-04-24 19:36:34,22.736532,114.22213,9.33258486680447,51.6927425072476,-0.1591318492227564
473,2019-04-24 19:36:35,22.736583,114.2222,9.173453017581714,49.27065045660629,-0.0460550671559207
473,2019-04-24 19:36:36,22.736637,114.222268,9.127397950425792,49.38044503813131,-0.4471606929120995
473,2019-04-24 19:36:37,22.73669,114.22233500000002,8.680237257513694,51.03093541189844,-0.2954015258868327
473,2019-04-24 19:36:38,22.736737,114.222398,8.384835731626861,50.88222050635267,-0.2937103437069179
473,2019-04-24 19:36:39,22.736785,114.222462,8.091125387919943,52.80220403041324,-0.10886916354898
473,2019-04-24 19:36:40,22.736827,114.222522,7.982256224370963,51.63201681244129,0.6555079120005365
473,2019-04-24 19:36:41,22.736873000000006,114.222585,8.6377641363715,47.46517915605142,0.6350453811609249
473,2019-04-24 19:36:42,22.736928,114.22265,9.272809517532425,46.32472294005038,0.4526381699450823
473,2019-04-24 19:36:43,22.736987,114.222717,9.725447687477509,47.02967622676783,0.6036761639682613
473,2019-04-24 19:36:44,22.737048,114.222788,10.329123851445768,45.91363829134394,0.9799718602268044
473,2019-04-24 19:36:45,22.737115,114.222863,11.309095711672573,47.04067007478676,0.7547526905378348
473,2019-04-24 19:36:46,22.737188,114.222948,12.063848402210407,45.51410498204996,0.6794363730747683
473,2019-04-24 19:36:47,22.737265,114.223033,12.743284775285176,46.594167076407246,0.7534041117640626
473,2019-04-24 19:36:48,22.737347,114.223127,13.496688887049238,45.83354749934665,0.7896772313141298
473,2019-04-24 19:36:49,22.737433,114.223223,14.286366118363368,47.635260531456254,0.979620006471876
473,2019-04-24 19:36:50,22.737523,114.22333,15.265986124835244,47.64926816332115,0.301295851896306
473,2019-04-24 19:36:51,22.737618,114.223443,15.56728197673155,46.88083865458657,-0.1505950177269071
473,2019-04-24 19:36:52,22.737713,114.223553,15.416686959004643,47.18321028062985,-0.111998223795096
473,2019-04-24 19:36:53,22.737807,114.223663,15.304688735209549,48.93482497617976,0.2283945172741521
473,2019-04-24 19:36:54,22.737897,114.223775,15.5330832524837,48.14921908596722,0.3357614639681081
473,2019-04-24 19:36:55,22.737992,114.22389,15.868844716451807,46.761163703022646,0.4585255219941224
473,2019-04-24 19:36:56,22.73809,114.224003,16.32737023844593,44.7478205381916,0.5082351418137847
473,2019-04-24 19:36:57,22.738197,114.224118,16.835605380259715,43.705875558056505,-0.5156296993218703
473,2019-04-24 19:36:58,22.738307,114.224232,16.319975680937844,43.23422397730559,-1.1933825764316168
473,2019-04-24 19:36:59,22.73841,114.224337,15.126593104506227,42.09031082562189,-1.1484540967338894
473,2019-04-24 19:37:00,22.738507,114.224432,13.978139007772338,41.07550693354506,-0.7901393464963515
473,2019-04-24 19:37:01,22.738598,114.224518,13.187999661275986,41.68424725944613,-0.3651154571688337
473,2019-04-24 19:37:02,22.738685,114.224602,12.822884204107153,43.36510665746823,0.1294698519074888
473,2019-04-24 19:37:03,22.738768,114.22468700000002,12.952354056014642,44.31960702297175,0.0804102453307518
473,2019-04-24 19:37:04,22.738853,114.224777,13.032764301345392,42.68458323036941,-0.2716774913108359
473,2019-04-24 19:37:05,22.738938,114.22486200000002,12.761086810034556,45.4124616783198,-0.2057913085290614
473,2019-04-24 19:37:06,22.739018,114.22495,12.555295501505496,46.50672142666394,-0.1159761099329106
473,2019-04-24 19:37:07,22.739095,114.22503799999998,12.439319391572583,49.29294130131956,0.118254002829051
473,2019-04-24 19:37:08,22.739168,114.22513,12.557573394401636,48.83299117535808,0.2307188821907377
473,2019-04-24 19:37:09,22.739243,114.225223,12.788292276592374,50.403088287696846,0.3549667658874664
473,2019-04-24 19:37:10,22.739317,114.22532,13.14325904247984,51.43591577982306,0.25980507863067
473,2019-04-24 19:37:11,22.739392,114.225422,13.40306412111051,49.77753630888225,-0.039590329659342
473,2019-04-24 19:37:12,22.73947,114.225522,13.363473791451169,51.16043190308801,-0.0143127088906904
473,2019-04-24 19:37:13,22.739545,114.225623,13.349161082560478,52.72590889869071,0.2706000950590681
473,2019-04-24 19:37:14,22.739618,114.225727,13.619761177619546,51.7746832029988,0.5163593237373245
473,2019-04-24 19:37:15,22.739695,114.225833,14.13612050135687,54.73433067250983,0.3283825155614828
473,2019-04-24 19:37:16,22.73977,114.225948,14.464503016918352,55.92093840960456,0.057538232659299
473,2019-04-24 19:37:17,22.739843,114.226065,14.522041249577653,57.68671171633946,0.1258992007245289
473,2019-04-24 19:37:18,22.739913,114.22618500000002,14.647940450302182,58.11302074319974,0.2325656071249593
473,2019-04-24 19:37:19,22.739983,114.226307,14.88050605742714,59.299232283344224,0.1942934539815297
473,2019-04-24 19:37:20,22.740052,114.226433,15.07479951140867,63.385877364206806,-0.0320261050907131
473,2019-04-24 19:37:21,22.740113,114.226565,15.042773406317956,64.91034195037355,-0.3949772433269665
473,2019-04-24 19:37:22,22.74017000000001,114.226697,14.647796162990993,68.18122005858908,-0.58727237371202
473,2019-04-24 19:37:23,22.740218,114.226827,14.060523789278973,68.6771578701663,-0.5905023218432195
473,2019-04-24 19:37:24,22.740263,114.226952,13.470021467435751,70.28019499183722,-0.2399718985386396
473,2019-04-24 19:37:25,22.740303,114.227073,13.230049568897112,70.42950039924625,0.1341458837451874
473,2019-04-24 19:37:26,22.740343,114.227195,13.3641954526423,69.6832087517032,0.2789387990264167
473,2019-04-24 19:37:27,22.740385,114.227318,13.643134251668716,70.27301282176035,0.3273635893613846
473,2019-04-24 19:37:28,22.740427,114.227445,13.9704978410301,73.52626176197163,0.0053055393760548
473,2019-04-24 19:37:29,22.740463,114.227577,13.975803380406155,76.05490399958092,-0.4721247958253691
473,2019-04-24 19:37:30,22.740493,114.227708,13.503678584580786,76.81854452428843,-0.6873244596546737
473,2019-04-24 19:37:31,22.74052,114.227833,12.816354124926113,78.16389986525735,-0.7143292942602191
473,2019-04-24 19:37:32,22.740543,114.227952,12.102024830665894,80.73532517527224,-0.4450762168130762
473,2019-04-24 19:37:33,22.74056,114.228065,11.656948613852816,82.82674425448579,-0.2910152451603895
473,2019-04-24 19:37:34,22.740573,114.228177,11.365933368692428,83.13029907050196,0.1461099111513686
473,2019-04-24 19:37:35,22.740585,114.228285,11.512043279843796,83.54480935752952,0.7704394425057668
473,2019-04-24 19:37:36,22.740597,114.2284,12.282482722349563,83.46242706761853,0.7020776788271021
473,2019-04-24 19:37:37,22.74061,114.228523,12.984560401176664,85.19536791815534,0.3334611429592584
473,2019-04-24 19:37:38,22.74062,114.228652,13.318021544135924,86.18254908321319,0.0470834356531408
473,2019-04-24 19:37:39,22.740628,114.228782,13.365104979789065,85.70705588338791,0.2484833133385144
473,2019-04-24 19:37:40,22.740637,114.228912,13.61358829312758,87.24099143929732,0.5056979649432325
473,2019-04-24 19:37:41,22.740643,114.229047,14.119286258070812,86.89675422569042,0.6685689741518637
473,2019-04-24 19:37:42,22.74065,114.229187,14.787855232222675,87.06419228019104,0.6117773537374518
473,2019-04-24 19:37:43,22.740657,114.229335,15.399632585960129,87.54915831377843,0.1468000723979496
473,2019-04-24 19:37:44,22.740663,114.229487,15.546432658358077,88.35472404086431,-0.00507147169413
473,2019-04-24 19:37:45,22.740667,114.229638,15.541361186663949,88.77400360726853,-0.1561889889132022
473,2019-04-24 19:37:46,22.74067,114.22979,15.385172197750745,89.16050249017167,-0.5143317783022621
473,2019-04-24 19:37:47,22.740672,114.229938,14.870840419448482,89.5624800344707,-0.666538260915809
473,2019-04-24 19:37:48,22.740673,114.23008,14.204302158532672,89.07968052906494,-0.5119286585464629
473,2019-04-24 19:37:49,22.740675,114.230215,13.69237349998621,89.05876905494313,-0.0013546779363213
473,2019-04-24 19:37:50,22.740677,114.230347,13.69101882204989,89.99997390755402,0.0518359160549799
473,2019-04-24 19:37:51,22.740677,114.230482,13.74285473810487,88.59893448287971,0.1043294028944608
473,2019-04-24 19:37:52,22.74068,114.230615,13.84718414099933,89.09311277568372,0.1007575327785836
473,2019-04-24 19:37:53,22.740682,114.230752,13.947941673777914,89.53979750696976,-0.1025438756254306
473,2019-04-24 19:37:54,22.740683,114.230887,13.845397798152485,89.07968046330109,0.0017857359548969
473,2019-04-24 19:37:55,22.740685,114.231022,13.84718353410738,88.61968206963576,-0.1025304392538739
473,2019-04-24 19:37:56,22.740688,114.231157,13.744653094853506,89.06584424555643,-0.1025302210461127
473,2019-04-24 19:37:57,22.74069,114.23129,13.642122873807391,88.59893434672097,-0.0512650395937939
473,2019-04-24 19:37:58,22.740693,114.231423,13.5908578342136,89.05876893102612,0.1025294584723592
473,2019-04-24 19:37:59,22.740695,114.231555,13.69338729268596,88.6196819686985,0.4127516228674608
473,2019-04-24 19:38:00,22.740698,114.23169,14.10613891555342,88.22553596022664,0.6150815325494516
473,2019-04-24 19:38:01,22.740702,114.23183,14.721220448102873,88.73231807615957,0.4051609804612113
473,2019-04-24 19:38:02,22.740705,114.231977,15.126381428564082,90.83944050031404,0.2611979333371756
473,2019-04-24 19:38:03,22.740703,114.232125,15.387579361901258,92.04269540748174,0.4150654934860043
473,2019-04-24 19:38:04,22.740698,114.232277,15.802644855387262,91.9903596859399,0.5124483731392306
473,2019-04-24 19:38:05,22.740693,114.232433,16.315093228526493,91.916696359983,0.6081141315906784
473,2019-04-24 19:38:06,22.740688,114.232595,16.92320736011717,89.9999675289751,0.4079212154873204
473,2019-04-24 19:38:07,22.740688,114.232763,17.33112857560449,89.99996714270128,0.3590161319080422
473,2019-04-24 19:38:08,22.740688,114.232933,17.690144707512534,90.3549624990726,0.3591836519694134
473,2019-04-24 19:38:09,22.740687,114.233108,18.049328359481947,88.94711562652805,0.2590742486309665
473,2019-04-24 19:38:10,22.74069,114.233285,18.308402608112917,88.96465867245405,0.1548890341880273
473,2019-04-24 19:38:11,22.740693,114.233465,18.46329164230094,88.61967328657431,0.0026779455807179
473,2019-04-24 19:38:12,22.740697,114.233645,18.46596958788166,88.27478793831125,-0.1521666999864521
473,2019-04-24 19:38:13,22.740702,114.233825,18.313802887895207,88.2455662829135,-0.1079362120585933
473,2019-04-24 19:38:14,22.740707,114.234002,18.205866675836614,89.65095215472013,0.0489806710822122
473,2019-04-24 19:38:15,22.740708,114.23418,18.254847346918822,89.30196460494233,0.1031359147928085
473,2019-04-24 19:38:16,22.74071,114.234358,18.357983261711635,89.30971902066432,0.050683875072643
473,2019-04-24 19:38:17,22.740712,114.234538,18.40866713678428,89.65290169468375,-0.1011964181492892
473,2019-04-24 19:38:18,22.740713,114.234717,18.30747071863499,88.60417067174495,-0.1025392794219079
473,2019-04-24 19:38:19,22.740717,114.234895,18.20493143921308,89.6489805438963,-0.1538089956937085
473,2019-04-24 19:38:20,22.740718,114.235072,18.05112244351937,88.58025299489452,0.051269320282568
473,2019-04-24 19:38:21,22.740722,114.235247,18.10239176380194,89.65095211641949,0.1524535801484674
473,2019-04-24 19:38:22,22.740723000000006,114.235425,18.254845343950407,89.30196452835327,-0.2055216056536082
473,2019-04-24 19:38:23,22.740725,114.235603,18.0493237382968,89.99996636952989,-0.4105467664384505
473,2019-04-24 19:38:24,22.740725,114.235777,17.63877697185835,89.99996714269236,-0.3072965094417768
473,2019-04-24 19:38:25,22.740725,114.235947,17.33148046241657,89.26042325199114,-0.6152930375323464
473,2019-04-24 19:38:26,22.740727,114.23611499999998,16.716187424884225,89.9999694619541,-0.1533568338020323
473,2019-04-24 19:38:27,22.740727,114.236273,16.562830591082193,88.87056585407521,0.3603719427535345
473,2019-04-24 19:38:28,22.74073,114.236438,16.923202533835727,89.24697907891527,0.1025368979833061
473,2019-04-24 19:38:29,22.740732,114.236603,17.025739431819034,88.88408776078296,0.1538059611357525
473,2019-04-24 19:38:30,22.740735,114.23677,17.179545392954786,89.26042319789372,0.2584712333021706
473,2019-04-24 19:38:31,22.740737,114.236938,17.438016626256957,88.19460007522713,0.2576244401846779
473,2019-04-24 19:38:32,22.740742,114.23711000000002,17.695641066441635,88.92277827819026,0.1000866791272123
473,2019-04-24 19:38:33,22.740745,114.237283,17.795727745568847,88.92896735419396,0.1036551728639842
473,2019-04-24 19:38:34,22.740748,114.237457,17.89938291843283,88.58025268467077,0.2050536889181877
473,2019-04-24 19:38:35,22.740752,114.237632,18.10443660735102,88.95302850312339,0.257581102926256
473,2019-04-24 19:38:36,22.740755,114.23781,18.362017710277275,88.27478720675236,0.1025206768135191
473,2019-04-24 19:38:37,22.74076,114.23799,18.464538387090798,88.96465814341423,0.15253640976292
473,2019-04-24 19:38:38,22.740763,114.23817,18.617074796853714,88.64229120871249,0.2563218225422652
473,2019-04-24 19:38:39,22.740767,114.238353,18.87339661939598,88.99263254987164,0.3087966046170756
473,2019-04-24 19:38:40,22.74077,114.238538,19.18219322401305,88.35689046528876,0.1621755936330018
473,2019-04-24 19:38:41,22.740775,114.238727,19.344368817646057,87.3582120158037,-0.2146501661008102
473,2019-04-24 19:38:42,22.740783,114.238915,19.129718651545247,90.33577226383534,-0.1570529790316008
473,2019-04-24 19:38:43,22.740782,114.2391,18.97266567251365,90.67155720695854,-0.0006518388254797
473,2019-04-24 19:38:44,22.74078,114.239285,18.97201383368817,88.9926324563636,0.0019550381923174
473,2019-04-24 19:38:45,22.740783,114.23947,18.973968871880484,89.32837126469644,-4.169709093559959e-07
473,2019-04-24 19:38:46,22.740785,114.239655,18.97396845490957,88.9926324194551,0.1008385129641631
473,2019-04-24 19:38:47,22.740788,114.23984,19.074806967873737,90.33218044048198,0.4101966821785794
473,2019-04-24 19:38:48,22.740787,114.240027,19.48500365005232,89.03437746981348,0.51738307904807
473,2019-04-24 19:38:49,22.74079,114.24022,20.002386729100387,88.42357808637115,0.1025253109361088
473,2019-04-24 19:38:50,22.740795,114.240417,20.104912040036496,89.04427861628022,-0.0997451828980757
473,2019-04-24 19:38:51,22.740798,114.240612,20.00516685713842,87.77095199937412,-0.2602689753721776
473,2019-04-24 19:38:52,22.740805,114.240807,19.74489788176624,89.99996327585302,-0.6075100211351518
473,2019-04-24 19:38:53,22.740805,114.240997,19.13738786063109,85.93302453911082,-0.5004063653718234
473,2019-04-24 19:38:54,22.740817,114.24118,18.636981495259267,88.2747864248604,-0.5849305212968794
473,2019-04-24 19:38:55,22.740822,114.24136,18.052050973962388,89.6387784410988,-0.3158552023983318
473,2019-04-24 19:38:56,22.740823,114.241532,17.736195771564056,82.14915501238431,-0.0938707794037654
473,2019-04-24 19:38:57,22.740845,114.241705,17.64232499216029,88.90377342712469,-0.0973038826067131
473,2019-04-24 19:38:58,22.740848,114.241875,17.545021109553577,87.47325374413879,0.3300811489659594
473,2019-04-24 19:38:59,22.740855,114.242047,17.875102258519536,85.77184649077549,0.2527804645437044
473,2019-04-24 19:39:00,22.740867,114.242223,18.12788272306324,87.8949732120414,-0.0685628102251705
473,2019-04-24 19:39:01,22.740873,114.2424,18.05931991283807,88.22552691733694,-0.1107567496626487
473,2019-04-24 19:39:02,22.740878,114.242575,17.94856316317542,89.99996617551398,-0.1556322393360325
473,2019-04-24 19:39:03,22.740878,114.24275,17.79293092383939,89.27761852969866,-0.2553147742684025
473,2019-04-24 19:39:04,22.74088,114.242922,17.537616149570987,89.26912160871973,-0.4628891954131688
473,2019-04-24 19:39:05,22.740882,114.243092,17.074726954157818,90.76219640710896,-0.4098328011098218
473,2019-04-24 19:39:06,22.74088,114.243255,16.664894153047996,89.99996868887195,0.0004640080077109
473,2019-04-24 19:39:07,22.74088,114.243417,16.665358161055707,91.143226043786,0.3090946139584538
473,2019-04-24 19:39:08,22.740877,114.24358,16.97445277501416,90.73951261845366,0.2028254672013361
473,2019-04-24 19:39:09,22.740875,114.243748,17.177278242215497,89.25599471559758,0.1029088051751259
473,2019-04-24 19:39:10,22.740877,114.243915,17.280187047390623,89.9999671426558,0.2561074668170668
473,2019-04-24 19:39:11,22.740877,114.244085,17.53629451420769,89.6387782945888,0.310682136888623
473,2019-04-24 19:39:12,22.740878,114.244257,17.846976651096313,88.23560231059378,0.1675313617344045
473,2019-04-24 19:39:13,22.740883,114.244433,18.01450801283072,86.80825922316194,0.0512270441620898
473,2019-04-24 19:39:14,22.740892,114.244608,18.065735056992807,88.24556384587657,0.6171507509284417
473,2019-04-24 19:39:15,22.740897,114.244785,18.68288580792125,86.68147368395739,0.7343664774935057
473,2019-04-24 19:39:16,22.740907,114.244972,19.417252285414754,86.42670868691965,0.3582890098887112
473,2019-04-24 19:39:17,22.740918,114.245163,19.775541295303466,86.80095784722869,-0.0062547560940089
473,2019-04-24 19:39:18,22.740928,114.245357,19.769286539209457,87.0751378902525,0.0206265668205603
473,2019-04-24 19:39:19,22.740937,114.245548,19.789913106030017,84.88982200577715,0.1658279953887529
473,2019-04-24 19:39:20,22.740953,114.245742,19.95574110141877,82.95405861152011,-0.0276151439602365
473,2019-04-24 19:39:21,22.740975,114.245935,19.928125957458533,81.33037095785244,0.0605157384232875
473,2019-04-24 19:39:22,22.741002,114.246127,19.98864169588182,77.20637895142431,0.1238914288446508
473,2019-04-24 19:39:23,22.741042,114.246318,20.112533124726472,75.29098048708693,-0.1458669026477004
473,2019-04-24 19:39:24,22.741088,114.246508,19.96666622207877,72.34805745538313,-0.2611168336507212
473,2019-04-24 19:39:25,22.741142,114.246692,19.70554938842805,68.39890408977556,-0.0463671187205889
473,2019-04-24 19:39:26,22.741207,114.24687,19.65918226970746,65.66248778067177,0.1104230772580052
473,2019-04-24 19:39:27,22.74128,114.247045,19.769605346965463,62.66414027351516,-0.0177129298224443
473,2019-04-24 19:39:28,22.741362,114.247217,19.751892417143026,61.25074204287864,-0.0166047858407196
473,2019-04-24 19:39:29,22.741447,114.247385,19.735287631302302,58.56886354613829,0.0166414158090582
473,2019-04-24 19:39:30,22.74154,114.24755,19.75192904711136,54.83730993999387,-0.0456756354309177
473,2019-04-24 19:39:31,22.741642,114.247707,19.706253411680443,51.6952982680549,-0.0025857860184608
473,2019-04-24 19:39:32,22.741752,114.247858,19.703667625661986,49.06036444454065,0.047320742698858
473,2019-04-24 19:39:33,22.741868,114.248003,19.75098836836084,45.95260664462575,0.2446426883860049
473,2019-04-24 19:39:34,22.741992,114.248142,19.995631056746845,43.75485807269462,0.3277097690817925
473,2019-04-24 19:39:35,22.742123,114.248278,20.32334082582864,40.57601028169478,0.2236498254725276
473,2019-04-24 19:39:36,22.742263,114.248408,20.546990651301165,39.95696114686746,-0.1980229755621678
473,2019-04-24 19:39:37,22.742405,114.248537,20.348967675739,37.73689341960636,-0.4114748762313382
473,2019-04-24 19:39:38,22.742548,114.248657,19.93749279950766,36.99390752012562,-0.1852184649530777
473,2019-04-24 19:39:39,22.74269,114.248773,19.75227433455458,36.32405250230005,-0.0017363383000734
473,2019-04-24 19:39:40,22.742833,114.248887,19.750537996254508,35.89358230270233,-0.3437348682545043
473,2019-04-24 19:39:41,22.742977,114.249,19.406803128000004,37.46218438653062,-0.5366831929113616
473,2019-04-24 19:39:42,22.743113,114.249113,18.87011993508864,37.12819255668285,-0.3454250238164071
473,2019-04-24 19:39:43,22.743247,114.249223,18.524694911272235,37.50135249126873,-6.673457892958368e-06
473,2019-04-24 19:39:44,22.743378,114.249332,18.524688237814345,37.12813909719296,0.2081848364846266
473,2019-04-24 19:39:45,22.743512,114.249442,18.73287307429897,36.923314486468485,0.0563963729053789
473,2019-04-24 19:39:46,22.743647,114.249552,18.789269447204347,35.313348869108154,0.1050228535951269
473,2019-04-24 19:39:47,22.743785,114.249658,18.894292300799474,36.07099151450046,0.1050472967979381
473,2019-04-24 19:39:48,22.743923,114.249767,18.99933959759741,35.62391478881591,0.0306481273466019
473,2019-04-24 19:39:49,22.744062,114.249875,19.02998772494401,35.17827722967337,-0.1046609406970873
473,2019-04-24 19:39:50,22.744202,114.249982,18.925326784246927,35.313239128458804,-0.0907087386595897
473,2019-04-24 19:39:51,22.74434,114.250088,18.834618045587337,35.56736853433222,-0.2703859731729174
473,2019-04-24 19:39:52,22.744478,114.250195,18.56423207241442,35.33220788073356,-0.4059775537752657
473,2019-04-24 19:39:53,22.744612,114.250298,18.158254518639158,36.209984101599446,-6.0820128133798335e-06
473,2019-04-24 19:39:54,22.744743,114.250402,18.15824843662634,35.332155472990166,-0.0299284488542248
473,2019-04-24 19:39:55,22.744877,114.250505,18.12831998777212,35.94645379371059,0.0299164188234648
473,2019-04-24 19:39:56,22.745008,114.250608,18.15823640659558,35.59369813690273,-0.1347909388563266
473,2019-04-24 19:39:57,22.745142,114.250712,18.02344546773925,35.35226067760266,-0.3608046268933229
473,2019-04-24 19:39:58,22.745272,114.250812,17.66264084084593,36.04332651955389,-0.0298508274063316
473,2019-04-24 19:39:59,22.7454,114.25091299999998,17.6327900134396,36.312269096357454,0.0751405069325734
473,2019-04-24 19:40:00,22.745528,114.251015,17.707930520372173,36.099723712002856,-0.1647842838108779
473,2019-04-24 19:40:01,22.745657,114.251117,17.543146236561295,36.69204961747465,-0.2054213503638919
473,2019-04-24 19:40:02,22.745782,114.251218,17.337724886197403,37.9460480026122,0.0374329020538297
473,2019-04-24 19:40:03,22.745905,114.251322,17.375157788251233,38.21220522905793,-0.0459965402343804
473,2019-04-24 19:40:04,22.746028,114.251427,17.329161248016852,39.92861936911163,-0.1100670569202257
473,2019-04-24 19:40:05,22.746147,114.251535,17.219094191096627,41.929161714066254,-0.161214136240531
473,2019-04-24 19:40:06,22.746262,114.251647,17.057880054856096,43.19327915115088,-0.147160566910049
473,2019-04-24 19:40:07,22.746373,114.25176,16.910719487946047,45.24001941694587,0.0523127636730897
473,2019-04-24 19:40:08,22.74648,114.251877,16.963032251619136,47.7598930913988,0.2279310804918601
473,2019-04-24 19:40:09,22.746583,114.252,17.190963332110996,49.17033693807855,0.1687625046044516
473,2019-04-24 19:40:10,22.746685,114.252128,17.359725836715448,51.16460079807871,-0.0680282732120574
473,2019-04-24 19:40:11,22.746783,114.25226,17.29169756350339,53.53721442019935,-0.1810928792421364
473,2019-04-24 19:40:12,22.746875,114.252395,17.110604684261254,56.26143696259868,-0.1598085938366189
473,2019-04-24 19:40:13,22.74696,114.252533,16.950796090424635,58.21670624076529,-0.1489949219008082
473,2019-04-24 19:40:14,22.74704,114.252673,16.801801168523827,59.18869172892971,0.0233080364353917
473,2019-04-24 19:40:15,22.747117000000006,114.252813,16.82510920495922,61.36944942702013,0.1154457408927349
473,2019-04-24 19:40:16,22.74719,114.252958,16.940554945851954,61.36943654917542,0.1614959994770792
473,2019-04-24 19:40:17,22.747263,114.253103,17.102050945329033,64.45375458944648,0.1256855583142879
473,2019-04-24 19:40:18,22.74733,114.253255,17.22773650364332,65.93951831836716,-0.1596265089283228
473,2019-04-24 19:40:19,22.747393,114.253408,17.068109994714998,66.82760803886816,-0.1782313753159243
473,2019-04-24 19:40:20,22.747453,114.25356,16.889878619399074,67.87191620474238,-0.2953901762254673
473,2019-04-24 19:40:21,22.74751,114.253712,16.594488443173606,68.05225058585222,-0.1366565222624203
473,2019-04-24 19:40:22,22.747565,114.25386,16.457831920911186,68.31757268822844,0.0904772083460194
473,2019-04-24 19:40:23,22.74762,114.25401,16.548309129257206,70.36906038209827,-0.288893115885255
473,2019-04-24 19:40:24,22.74767,114.254162,16.25941601337195,69.6274574474428,-0.0376906170691029
473,2019-04-24 19:40:25,22.74772,114.254308,16.221725396302848,71.09750736204603,0.4353633260320499
473,2019-04-24 19:40:26,22.747768,114.25446,16.657088722334898,70.72071235224053,0.3529456252375347
473,2019-04-24 19:40:27,22.747818,114.254615,17.010034347572432,69.5464909752219,0.2979299828722404
473,2019-04-24 19:40:28,22.747872,114.254772,17.307964330444673,70.24221367491731,0.1635505077777423
473,2019-04-24 19:40:29,22.747925,114.254932,17.471514838222415,69.55733264317485,0.1827332240077623
473,2019-04-24 19:40:30,22.74798,114.255092,17.654248062230177,69.90321437456117,0.2030083973069558
473,2019-04-24 19:40:31,22.748035,114.255255,17.857256459537133,70.79646580878409,0.134094581601353
473,2019-04-24 19:40:32,22.748088,114.25542,17.991351041138486,69.46438334805634,0.2209238213768181
473,2019-04-24 19:40:33,22.748145,114.255585,18.212274862515304,69.80121038583434,0.2215247558655413
473,2019-04-24 19:40:34,22.748202,114.255753,18.43379961838085,70.34338763573237,0.048204476069646
473,2019-04-24 19:40:35,22.748258,114.255923,18.48200409445049,69.91113221013148,0.0862152259022401
473,2019-04-24 19:40:36,22.748315,114.256092,18.56821932035273,69.80690132767711,0.0580839089093743
473,2019-04-24 19:40:37,22.748373,114.256263,18.626303229262103,68.94444877544794,-0.1592010258414973
473,2019-04-24 19:40:38,22.748433,114.256432,18.46710220342061,67.9521066986382,-0.1754903863040908
473,2019-04-24 19:40:39,22.748495,114.256598,18.29161181711652,67.38583186033713,-0.4215975546394901
473,2019-04-24 19:40:40,22.748558,114.256762,17.870014262477028,67.61913853385391,-0.3954150915960248
473,2019-04-24 19:40:41,22.748618,114.25692,17.474599170881003,67.49076019110737,-0.0947394653326902
473,2019-04-24 19:40:42,22.748678,114.257077,17.379859705548313,67.36097854522063,-0.2580055492857838
473,2019-04-24 19:40:43,22.748738,114.257233,17.12185415626253,67.17374482559603,-0.2614039731697524
473,2019-04-24 19:40:44,22.748797,114.257385,16.860450183092777,66.20391957756533,0.2750147293885874
473,2019-04-24 19:40:45,22.748858,114.257535,17.135464912481364,65.5473049629988,0.279215543524451
473,2019-04-24 19:40:46,22.748923,114.25769,17.414680456005815,63.79172959659997,0.07199734654397
473,2019-04-24 19:40:47,22.748992,114.257842,17.486677802549785,64.5587493296689,0.441889520158206
473,2019-04-24 19:40:48,22.74906,114.257997,17.92856732270799,63.98945239704375,0.398182348320514
473,2019-04-24 19:40:49,22.749132,114.258157,18.326749671028505,63.81826580868727,0.2547816542493102
473,2019-04-24 19:40:50,22.749205,114.258318,18.581531325277812,64.3708136765452,0.2359744792961571
473,2019-04-24 19:40:51,22.749278,114.258483,18.81750580457397,63.01846874918857,-0.0830482190640538
473,2019-04-24 19:40:52,22.749355,114.258647,18.73445758550992,62.588453628474326,0.1026665368041257
473,2019-04-24 19:40:53,22.749432,114.258808,18.837124122314044,61.827929616908136,0.3645136003812297
473,2019-04-24 19:40:54,22.749513,114.258972,19.201637722695278,61.09963646868488,0.2866507123347048
473,2019-04-24 19:40:55,22.749597,114.259137,19.48828843502998,61.249286147771386,0.2423396100913208
473,2019-04-24 19:40:56,22.749682,114.259305,19.7306280451213,60.4034713238737,0.0990946590372345
473,2019-04-24 19:40:57,22.74977,114.259473,19.82972270415853,60.828783384749386,-0.0342563291036839
473,2019-04-24 19:40:58,22.749857,114.259642,19.79546637505485,59.54840499320659,0.1114803596548164
473,2019-04-24 19:40:59,22.749947,114.259808,19.906946734709667,59.71985084112731,0.2298700669032705
473,2019-04-24 19:41:00,22.750038,114.259977,20.136816801612937,58.48411351294675,0.0861507261778378
473,2019-04-24 19:41:01,22.750133,114.260145,20.22296752779077,57.79560153050426,-0.0278636780605658
473,2019-04-24 19:41:02,22.75023,114.260312,20.19510384973021,57.64020206904405,-0.2760857032074106
473,2019-04-24 19:41:03,22.750327,114.260478,19.9190181465228,57.547963907528754,-0.3511770392023656
473,2019-04-24 19:41:04,22.750422,114.26064,19.567841107320437,58.65357227691305,-0.140467350337321
473,2019-04-24 19:41:05,22.750513,114.260802,19.427373756983112,55.46593773240039,-0.2189562437623884
473,2019-04-24 19:41:06,22.750612,114.260958,19.208417513220724,56.22029570008021,-0.2208729246161951
473,2019-04-24 19:41:07,22.750707,114.261112,18.98754458860453,55.76907062014647,-0.2542406447780969
473,2019-04-24 19:41:08,22.750803,114.261265,18.73330394382643,55.16021255181562,-0.2206142170994596
473,2019-04-24 19:41:09,22.750898,114.261413,18.51268972672697,54.4148656556896,-0.2680725267278596
473,2019-04-24 19:41:10,22.750995,114.26156,18.244617199999112,53.0819248443745,-0.8498036582989918
473,2019-04-24 19:41:11,22.751092,114.2617,17.39481354170012,53.52282359071592,-0.7923144156277502
473,2019-04-24 19:41:12,22.751182,114.261832,16.60249912607237,53.29523275431836,-0.1642219539191067
473,2019-04-24 19:41:13,22.75127,114.26196000000002,16.438277172153263,52.67628063734946,0.0819864215669525
473,2019-04-24 19:41:14,22.75136,114.262088,16.520263593720216,53.71991205072737,0.1646610853527725
473,2019-04-24 19:41:15,22.751448,114.262218,16.68492467907299,53.52275222948333,0.3383153872463396
473,2019-04-24 19:41:16,22.751538,114.26235,17.023240066319328,53.53626141662221,-7.251906094296601e-06
473,2019-04-24 19:41:17,22.75163,114.262485,17.023232814413234,53.522715743360095,-0.5029971286510069
473,2019-04-24 19:41:18,22.75172,114.262617,16.520235685762227,52.86179202370397,-0.494947140706742
473,2019-04-24 19:41:19,22.751808,114.262743,16.025288545055485,53.37570651400114,-0.3795395917024908
473,2019-04-24 19:41:20,22.751893,114.262867,15.645748953352994,52.79913807668294,-0.6846588194937162
473,2019-04-24 19:41:21,22.751977,114.262987,14.961090133859278,53.18479576909738,-0.7103434829485007
473,2019-04-24 19:41:22,22.752055,114.2631,14.250746650910775,53.52263629847545,-0.7424993724747111
473,2019-04-24 19:41:23,22.75213,114.26321000000002,13.508247278436066,54.401065227204526,-0.7523900906032441
473,2019-04-24 19:41:24,22.752198,114.26331299999998,12.755857187832822,56.609787150169154,-0.6124163998074472
473,2019-04-24 19:41:25,22.75226,114.263415,12.143440788025377,58.676086278615855,-0.5107412607755979
473,2019-04-24 19:41:26,22.752315,114.263513,11.632699527249777,57.87940066749201,-0.2605355177438699
473,2019-04-24 19:41:27,22.75237000000001,114.263608,11.372164009505909,57.04579186513541,-0.5559993160220333
473,2019-04-24 19:41:28,22.752425,114.2637,10.816164693483874,53.97049240173635,-0.517141976914326
473,2019-04-24 19:41:29,22.75248,114.263782,10.299022716569548,51.60551200936988,-0.1283492035525402
473,2019-04-24 19:41:30,22.752537,114.26386,10.170673513017007,52.0981154050728,-0.2919042347050844
473,2019-04-24 19:41:31,22.752593,114.26393799999998,9.878769278311925,53.06271380776474,-0.3378260165897231
473,2019-04-24 19:41:32,22.752645,114.264013,9.5409432617222,56.49955201700516,-0.1931944447503024
473,2019-04-24 19:41:33,22.752692,114.26409,9.347748816971896,58.802353967898966,0.7562558144161198
473,2019-04-24 19:41:34,22.752735,114.264167,10.104004631388015,40.37529486834552,1.874602954374046
473,2019-04-24 19:41:35,22.752812,114.264238,11.978607585762065,45.73319572980176,-0.0304827917122718
473,2019-04-24 19:41:36,22.752892000000006,114.264327,11.948124794049791,49.661482600732654,-0.9601874949113772
473,2019-04-24 19:41:37,22.752957,114.26441,10.987937299138414,51.90731629836182,0.4359105898353608
473,2019-04-24 19:41:38,22.753017,114.264493,11.423847888973777,40.54752534348143,0.1368361171918977
473,2019-04-24 19:41:39,22.7531,114.26457,11.560684006165673,35.98776247738499,-2.0066224636580205
473,2019-04-24 19:41:40,22.75318,114.264633,9.554061542507652,43.740624192047335,-2.041876841192256
473,2019-04-24 19:41:41,22.753233,114.264688,7.512184701315396,44.56862837564052,-0.8744196636646704
473,2019-04-24 19:41:42,22.753277,114.26473500000002,6.637765037650726,46.053045236815365,-0.7513610698387136
473,2019-04-24 19:41:43,22.753317000000006,114.26478,5.886403967812012,54.7735557207514,-0.4993725408300884
473,2019-04-24 19:41:44,22.753345,114.264823,5.387031426981924,63.08826432968033,0.3631263602937968
473,2019-04-24 19:41:45,22.753367,114.26487,5.750157787275721,67.50850284901657,0.4472257055853674
473,2019-04-24 19:41:46,22.753388,114.264925,6.197383492861088,83.01994301196498,-0.1451346293693181
473,2019-04-24 19:41:47,22.753395,114.264987,6.05224886349177,100.95916292163172,-0.0531517618349646
473,2019-04-24 19:41:48,22.753385,114.265043,5.9990971016568055,108.90317608962982,1.2872917724747257
473,2019-04-24 19:41:49,22.753367,114.2651,7.286388874131531,137.80616263881524,1.8452655770909516
473,2019-04-24 19:41:50,22.753308,114.265158,9.131654451222484,133.18968662970724,1.0186296243206012
473,2019-04-24 19:41:51,22.75325,114.265225,10.150284075543084,137.31837815084327,1.008144785901722
473,2019-04-24 19:41:52,22.753178,114.265297,11.158428861444806,137.69635468413668,0.8123856923819766
473,2019-04-24 19:41:53,22.753102,114.265372,11.970814553826784,142.14855398335538,0.1733171757079166
473,2019-04-24 19:41:54,22.753013,114.265447,12.1441317295347,141.73171814699833,-0.3642643060714778
473,2019-04-24 19:41:55,22.75293,114.265518,11.77986742346322,143.181666922057,0.0854074081409717
473,2019-04-24 19:41:56,22.752845,114.265587,11.865274831604191,144.2164522567594,-0.1202420250914304
473,2019-04-24 19:41:57,22.752758,114.265655,11.745032806512762,144.80855462926263,-0.3590244434177965
473,2019-04-24 19:41:58,22.752673,114.26572,11.386008363094966,145.43859571285304,-0.6174369139494349
473,2019-04-24 19:41:59,22.75259,114.265782,10.768571449145533,151.63915669714004,-0.9689991234994187
473,2019-04-24 19:42:00,22.752508,114.26583,9.799572325646112,151.48898571040297,-0.6581838585411166
473,2019-04-24 19:42:01,22.752435,114.265873,9.141388467104996,153.77172056968686,-0.1308373137874419
473,2019-04-24 19:42:02,22.752362,114.265912,9.010551153317554,156.4346695655097,-0.2675152789539492
473,2019-04-24 19:42:03,22.752288,114.265947,8.743035874363605,158.06808466381403,-0.1143995932374792
473,2019-04-24 19:42:04,22.752217,114.265978,8.628636281126125,160.13027464825927,0.1904147944981176
473,2019-04-24 19:42:05,22.752143,114.266007,8.819051075624243,159.75225221736366,-0.005992757378836
473,2019-04-24 19:42:06,22.752068,114.266037,8.813058318245407,176.04349174576942,0.2863816760641633
473,2019-04-24 19:42:07,22.751988,114.266043,9.09943999430957,173.66004080559514,-0.0774587778652264
473,2019-04-24 19:42:08,22.751905,114.266053,9.021981216444344,171.92504250557226,0.1103331194882475
473,2019-04-24 19:42:09,22.751827,114.266065,9.132314335932591,173.80803643518573,0.7180735083461425
473,2019-04-24 19:42:10,22.751742,114.266075,9.850387844278734,168.41866370967182,0.4740917115329672
473,2019-04-24 19:42:11,22.751652,114.266095,10.3244795558117,168.66383585317783,-0.1933393304250028
473,2019-04-24 19:42:12,22.75156,114.266115,10.131140225386698,169.78502430900505,-0.3905673643489287
473,2019-04-24 19:42:13,22.751473,114.266132,9.74057286103777,172.06404951998502,-0.3055513630020972
473,2019-04-24 19:42:14,22.751387,114.266145,9.435021498035672,171.68221796429566,-0.922220966866476
473,2019-04-24 19:42:15,22.751305,114.266158,8.512800531169196,174.731127856355,-1.1039539170917738
473,2019-04-24 19:42:16,22.751235,114.266165,7.408846614077422,178.32308945494003,-0.7371510151949456
473,2019-04-24 19:42:17,22.751172,114.266167,6.671695598882477,181.85331097373776,-0.0524195811961742
473,2019-04-24 19:42:18,22.751115,114.266165,6.619276017686302,181.70394317597007,0.4507173464459724
473,2019-04-24 19:42:19,22.751053,114.266163,7.069993364132275,184.0576521431365,0.7197282995083034
473,2019-04-24 19:42:20,22.750988,114.266158,7.789721663640578,180.7044694319001,0.8284952262986218
473,2019-04-24 19:42:21,22.750913,114.266157,8.6182168899392,178.01936803282968,0.181132423301074
473,2019-04-24 19:42:22,22.750833,114.26616,8.799349313240274,175.26891638894404,-0.2668637938210398
473,2019-04-24 19:42:23,22.750755,114.266167,8.532485519419234,175.78060724272302,-0.562069170941025
473,2019-04-24 19:42:24,22.75068,114.266173,7.970416348478209,176.12079217297023,-0.9004229261295214
473,2019-04-24 19:42:25,22.750612,114.266178,7.069993422348688,178.20946412122998,-1.1175307387833433
473,2019-04-24 19:42:26,22.750553,114.26618,5.9524626835653445,177.79949807598905,-1.042722283194422
473,2019-04-24 19:42:27,22.750505,114.266182,4.909740400370922,172.1242738807548,-1.0945045388447152
473,2019-04-24 19:42:28,22.750465,114.266188,3.815235861526207,172.49492693467073,-1.0235670176302736
473,2019-04-24 19:42:29,22.750437,114.266192,2.7916688438959336,177.5996751157645,-0.728820101636591
473,2019-04-24 19:42:30,22.750415,114.266193,2.0628487422593427,172.99011060126327,-0.5027460790532001
473,2019-04-24 19:42:31,22.7504,114.266195,1.5601026632061423,180.0,-0.277256043387303
473,2019-04-24 19:42:32,22.750387,114.266195,1.2828466198188395,190.45017374997164,-1.1655222471101914
473,2019-04-24 19:42:33,22.750377,114.266193,0.1173243727086482,159.20678490173975,0.0017611081828205
473,2019-04-24 19:43:15,22.750343,114.266207,0.191290916387111,150.79880709013162,4.817744659762942
473,2019-04-24 19:43:16,22.75031,114.266227,5.009035576150053,161.63426066490365,2.7854450712877403
473,2019-04-24 19:43:17,22.75026,114.266245,7.794480647437793,165.98875807936156,4.034102747881369
473,2019-04-24 19:43:18,22.750175,114.266268,11.828583395319162,174.1030315860596,2.2912964629462174
473,2019-04-24 19:43:19,22.75005,114.266282,14.11987985826538,175.87913172920207,0.3587197640397033
473,2019-04-24 19:43:20,22.749922,114.266292,14.478599622305085,177.5996641318394,-0.0493120706095275
473,2019-04-24 19:43:21,22.74979,114.266298,14.429287551695555,175.01997848720703,-0.5816639875240064
473,2019-04-24 19:43:22,22.749663,114.26631,13.847623564171547,174.34161453373417,-0.7336182013930568
473,2019-04-24 19:43:23,22.749542,114.266323,13.114005362778492,175.83589096887545,-0.5894545301037954
473,2019-04-24 19:43:24,22.749428,114.266332,12.524550832674697,178.57222837497272,-0.1262104950188955
473,2019-04-24 19:43:25,22.749317,114.266335,12.3983403376558,180.9434599189545,0.1115092023990929
473,2019-04-24 19:43:26,22.749205,114.266333,12.509849540054894,180.0,-0.110661099694278
473,2019-04-24 19:43:27,22.749092,114.266333,12.399188440360616,181.44074945174611,0.1111864478889721
473,2019-04-24 19:43:28,22.748982,114.26633,12.510374888249588,180.0,0.1111865974147381
473,2019-04-24 19:43:29,22.748867,114.26633,12.621561485664326,178.5849653119869,-0.0183109304909603
473,2019-04-24 19:43:30,22.748755,114.266333,12.603250555173366,179.53651192285338,0.0368542173823005
473,2019-04-24 19:43:32,22.748527,114.266335,12.676958989937969,179.07308373019214,-0.333896155814914
473,2019-04-24 19:43:33,22.748413,114.266337,12.343062834123051,180.0,-0.6674829555024466
473,2019-04-24 19:43:34,22.748305,114.266337,11.675579878620606,179.481985493994,0.1138700094567592
473,2019-04-24 19:43:35,22.748203,114.266338,11.789449888077366,178.07930303660987,0.7226059970491789
473,2019-04-24 19:43:36,22.748093,114.266342,12.512055885126545,179.5405402286965,0.0539122958010587
473,2019-04-24 19:43:37,22.747978,114.266343,12.565968180927603,179.0480326855593,-0.4439860863851486
473,2019-04-24 19:43:38,22.747867000000006,114.266345,12.121982094542457,179.012451276447,-0.4455015975608614
473,2019-04-24 19:43:39,22.74776,114.266347,11.676480496981592,179.48701244790436,0.1685537920607682
473,2019-04-24 19:43:40,22.747657,114.266348,11.845034289042362,182.87970938921356,0.3377174164505199
473,2019-04-24 19:43:41,22.747547,114.266342,12.182751705492882,180.96943434399125,-0.1181021647757329
473,2019-04-24 19:43:42,22.747438,114.26634,12.064649540717149,179.02159037587285,-0.0551596472161168
473,2019-04-24 19:43:43,22.74733,114.266342,12.009489893501032,180.0,0.3358091231593203
473,2019-04-24 19:43:44,22.747222,114.266342,12.345299016660352,177.68374763503198,0.5634992107825205
473,2019-04-24 19:43:45,22.747108,114.266347,12.908798227442873,177.76218150459783,0.1666624645098462
473,2019-04-24 19:43:46,22.74699,114.266352,13.07546069195272,177.74307261556055,-0.1175993124290588
473,2019-04-24 19:43:47,22.746873,114.266357,12.95786137952366,179.54449686303633,-0.2807065127472725
473,2019-04-24 19:43:48,22.746757,114.266358,12.677154866776387,179.05652240912264,-0.332814147120839
473,2019-04-24 19:43:49,22.746645,114.26636,12.344340719655548,179.0393706777072,-0.2231176775164041
473,2019-04-24 19:43:50,22.746535,114.26636200000002,12.121223042139144,179.5107563107738,0.0017349889910001
473,2019-04-24 19:43:51,22.746427,114.26636299999998,12.122958031130144,178.0792780685972,-0.0529709662660859
473,2019-04-24 19:43:52,22.746317,114.266367,12.069987064864058,178.5188434264951,-0.1693682166932202
473,2019-04-24 19:43:53,22.74621,114.26637,11.900618848170838,179.0124392854358,-0.3358918148399912
473,2019-04-24 19:43:54,22.746103,114.266372,11.564727033330849,180.0,-0.2765786492303625
473,2019-04-24 19:43:55,22.746002,114.266372,11.288148384100484,182.07124664583375,-0.1455096911409601
473,2019-04-24 19:43:56,22.7459,114.266368,11.142638692959524,185.37598894740972,-0.1075066012954781
473,2019-04-24 19:43:57,22.745802,114.266358,11.035132091664046,182.64012412666196,-0.0747535188011472
473,2019-04-24 19:43:58,22.745702,114.266353,10.9603785728629,181.6337814632049,-0.451332204323128
473,2019-04-24 19:43:59,22.745605,114.26635,10.50904636853977,180.0,-0.3897884283461348
473,2019-04-24 19:44:00,22.745513,114.26635,10.119257940193636,178.82594228761857,-0.4974807529359051
473,2019-04-24 19:44:01,22.745423,114.266352,9.621777187257733,178.0908264618455,-0.7260352871130777
473,2019-04-24 19:44:02,22.74534,114.266355,8.895741900144653,181.3722065552952,-0.4410396854326919
473,2019-04-24 19:44:03,22.745263,114.266353,8.454702214711961,182.11264539475692,0.7460219487002746
473,2019-04-24 19:44:04,22.745188,114.26635,9.200724163412236,196.3536991251269,0.3751967362682737
473,2019-04-24 19:44:05,22.7451,114.266322,9.57592089968051,181.28856686702667,-0.7901750286496636
473,2019-04-24 19:44:06,22.745018,114.26632,8.785745871030846,176.5279287681616,0.0136047314847456
473,2019-04-24 19:44:07,22.744942,114.266325,8.799350602515592,176.78142569481997,0.2220213035836877
473,2019-04-24 19:44:08,22.74486,114.26633,9.02137190609928,176.70113495850558,-0.2274008565270993
473,2019-04-24 19:44:09,22.74478,114.266335,8.79397104957218,177.96853352201424,-0.7323388677954892
473,2019-04-24 19:44:10,22.744702,114.266338,8.061632181776691,182.36464004398832,-0.3760578481736978
473,2019-04-24 19:44:11,22.744635,114.266335,7.685574333602993,192.62430944180107,-0.9805961748507236
473,2019-04-24 19:44:12,22.744565,114.266318,6.70497815875227,190.8758697392169,-1.7523182922897045
473,2019-04-24 19:44:13,22.744517,114.266308,4.952659866462565,186.57601691344897,-0.6688925595465172
473,2019-04-24 19:44:14,22.744477,114.266303,4.283767306916048,177.14612609079666,-0.4461719457900579
473,2019-04-24 19:44:15,22.74444,114.266305,3.8375953611259903,180.0,-0.498202920782977
473,2019-04-24 19:44:16,22.744408,114.266305,3.3393924403430133,174.35684732562004,-0.5576284367752171
473,2019-04-24 19:44:17,22.74438,114.266308,2.781764003567796,182.40043115412664,-0.6684382912157454
473,2019-04-24 19:44:18,22.744358,114.266307,2.113325712352051,180.0,-0.111817032970237
473,2019-04-24 19:44:19,22.744342,114.266307,2.0015086793818138,180.0,0.1667923900958432
473,2019-04-24 19:44:20,22.744322,114.266307,2.168301069477657,180.0,-0.2223898531074628
473,2019-04-24 19:44:21,22.744303,114.266307,1.9459112163701944,180.0,-0.1104785959378353
473,2019-04-24 19:44:22,22.744287,114.266307,1.8354326204323588,176.89478272770793,-0.1604306766024281
473,2019-04-24 19:44:23,22.74427,114.266308,1.6750019438299306,171.92460111610762,-0.4252788633554758
473,2019-04-24 19:44:24,22.744257,114.26631,1.2497230804744548,162.9118774528805,-1.175112746755273
473,2019-04-24 19:44:25,22.744248,114.26631299999998,0.0746103337191815,198.9087062784348,0.0004245041758507
473,2019-04-24 19:45:31,22.744213,114.2663,0.1026276093253339,175.94214661381193,2.855169548796576
473,2019-04-24 19:45:32,22.744187,114.266302,2.957797158121909,174.1492565740689,0.3368481846441638
473,2019-04-24 19:45:33,22.74416,114.266305,3.294645342766073,175.05849238401356,0.3369696660301176
473,2019-04-24 19:45:34,22.744128,114.266308,3.6316150087961914,173.62157099065917,-0.1196049697614061
473,2019-04-24 19:45:35,22.744095,114.266312,3.5120100390347844,178.23920393208732,0.0041148297822553
473,2019-04-24 19:45:36,22.744065,114.26631299999998,3.51612486881704,172.0453646715681,-0.1039152408034747
473,2019-04-24 19:45:37,22.744032,114.266318,3.412209628013565,162.91184872144436,-0.3614125929941352
473,2019-04-24 19:45:38,22.744005,114.266327,3.05079703501943,159.75115155820072,-0.4494465590797682
473,2019-04-24 19:45:39,22.74398,114.266337,2.601350475939661,152.87137152519574,-0.3773938208122067
473,2019-04-24 19:45:40,22.743962,114.266347,2.2239566551274548,149.17358254500118,-0.0894699218987562
473,2019-04-24 19:45:41,22.743945,114.266358,2.1344867332286985,143.58033231016708,0.1639399166732227
473,2019-04-24 19:45:42,22.74393,114.26637,2.298426649901921,142.45645866890243,0.7972766988083397
473,2019-04-24 19:45:43,22.743912,114.266385,3.095703348710261,131.4610765100009,1.2478786226411174
473,2019-04-24 19:45:44,22.74389,114.26641200000002,4.343581971351378,119.01997961587632,1.344579947856109
473,2019-04-24 19:45:45,22.743868,114.266455,5.688161919207487,106.12722958805152,1.3243192644623436
473,2019-04-24 19:45:46,22.743852,114.26651499999998,7.012481183669831,104.36031534499756,1.3483499901155565
473,2019-04-24 19:45:47,22.743835,114.26658700000002,8.360831173785387,98.41084748471542,1.0180542661868903
473,2019-04-24 19:45:48,22.74382300000001,114.266675,9.378885439972278,101.97759682254416,0.3044066032486103
473,2019-04-24 19:45:49,22.743805,114.266767,9.683292043220888,101.21114302343268,0.0286162161585021
473,2019-04-24 19:45:50,22.743788,114.26686,9.71190825937939,100.5669611558485,0.492051707798236
473,2019-04-24 19:45:51,22.743772,114.266953,10.203959967177626,95.9521814897904,0.3916417526094733
473,2019-04-24 19:45:52,22.743762,114.267057,10.5956017197871,98.54759964815196,0.1596604095017149
473,2019-04-24 19:45:53,22.743748,114.267158,10.755262129288814,96.36056139956554,0.2736533330379966
473,2019-04-24 19:45:54,22.743737,114.267265,11.028915462326813,95.21115859019028,0.0265773161128866
473,2019-04-24 19:45:55,22.743728,114.267372,11.055492778439698,93.44728730586496,-0.1904096113889402
473,2019-04-24 19:45:56,22.743722,114.26748,10.865083167050756,97.19988356759929,-0.2829058931766095
473,2019-04-24 19:45:57,22.74371,114.267583,10.582177273874148,96.0680264985944,-0.2546102447539731
473,2019-04-24 19:45:58,22.7437,114.267685,10.327567029120177,97.56307448082764,-0.6543600893631005
473,2019-04-24 19:45:59,22.743688,114.267783,9.673206939757074,97.63305993021152,-0.8859204751040739
473,2019-04-24 19:46:00,22.743677,114.267872,8.787286464653,96.86981839080204,-0.4755759226114957
473,2019-04-24 19:46:01,22.743668,114.267953,8.311710542041505,101.63360107002694,-0.1794395891008555
473,2019-04-24 19:46:02,22.743653,114.268032,8.13227095294065,102.85890989623044,-0.2348824336968116
473,2019-04-24 19:46:03,22.743637,114.268108,7.897388519243838,99.84225751723102,-0.3879273499057243
473,2019-04-24 19:46:04,22.743625,114.268183,7.509461169338113,96.18845731604203,-0.5553356125165809
473,2019-04-24 19:46:05,22.743618,114.268253,6.954125556821532,94.7679112851214,-0.4185816615240885
473,2019-04-24 19:46:06,22.743613,114.268318,6.535543895297444,94.99747609685517,-0.250238729388295
473,2019-04-24 19:46:07,22.743608,114.26838,6.285305165909149,96.18845850595515,-0.4315833736861432
473,2019-04-24 19:46:08,22.743602,114.26843999999998,5.853721792223006,100.43291251722236,-0.7407098688744584
473,2019-04-24 19:46:09,22.743593,114.268493,5.113011923348547,100.91086548520832,-0.6756127634156073
473,2019-04-24 19:46:10,22.743585,114.268538,4.43739915993294,100.74438251654004,-1.038439022159975
473,2019-04-24 19:46:11,22.743578,114.268578,3.398960137772965,102.2358222349036,-1.227565613766561
473,2019-04-24 19:46:12,22.743573,114.268603,2.171394524006404,89.99999672222089,-0.6844355878374986
473,2019-04-24 19:46:13,22.743573,114.26862,1.4869589361689053,89.99999767823977,-0.3534539275964252
473,2019-04-24 19:46:14,22.743573,114.268632,1.13350500857248,77.76417114019932,-0.2076508675604612
473,2019-04-24 19:46:15,22.743575,114.268642,0.9258541410120188,71.28118541667902,0.1203256995194182
473,2019-04-24 19:46:17,22.74358,114.268658,1.1665055400508553,52.24192274255802,0.9464170864835636
473,2019-04-24 19:46:18,22.74359,114.268672,2.1129226265344188,39.13679271451133,0.5341348954580685
473,2019-04-24 19:46:19,22.743607,114.268687,2.6470575219924872,27.531603562898283,0.3726230944787922
473,2019-04-24 19:46:20,22.74363,114.2687,3.0196806164712795,18.85871839360232,0.5365918301837898
473,2019-04-24 19:46:21,22.743657,114.26871,3.5562724466550693,2.933027613083084,0.9471220825729194
473,2019-04-24 19:46:22,22.743693,114.268712,4.503394529227989,357.65284078976373,0.6156823974222982
473,2019-04-24 19:46:23,22.743738,114.26871,5.119076926650287,357.7526159624751,-0.1685123312830967
473,2019-04-24 19:46:24,22.743785,114.268708,4.95056459536719,358.7420923849388,-0.7807548459772269
473,2019-04-24 19:46:25,22.743827,114.268707,4.169809749389963,1.6008135481970385,-0.7748778665537506
473,2019-04-24 19:46:26,22.74386,114.268708,3.3949318828362127,3.768882322159868,-0.7262536434246867
473,2019-04-24 19:46:27,22.743888,114.26871,2.668678239411526,354.73084692788564,-0.5003771695802071
473,2019-04-24 19:46:28,22.743908,114.268708,2.168301069831319,5.544790697800977,0.0096783631862162
473,2019-04-24 19:46:29,22.743927,114.26871,2.1779794330175357,5.269151512047358,0.1067007383949012
473,2019-04-24 19:46:30,22.743947,114.268712,2.2846801714124365,2.5146012336153944,0.4153388971261482
473,2019-04-24 19:46:31,22.743968,114.268713,2.7000190685385848,13.44694636720692,0.0630646026405052
473,2019-04-24 19:46:32,22.743995,114.26872,2.76308367117909,4.792477122906576,-0.6447876589392028
473,2019-04-24 19:46:33,22.744017000000003,114.268722,2.1182960122398877,3.298882995315182,-0.5539857632623326
473,2019-04-24 19:46:34,22.744033,114.268723,1.5643102489775549,8.738365703111072,0.0942326050562432
473,2019-04-24 19:46:35,22.744045,114.268725,1.658542854033798,68.48085625641465,0.6508158002401456
473,2019-04-24 19:46:36,22.744053,114.268747,2.3093586542739435,69.21772597169274,-0.5733664446035283
473,2019-04-24 19:46:37,22.74406,114.268767,1.7359922096704152,23.057013417784788,0.7707767330878745
473,2019-04-24 19:46:38,22.744073,114.268773,2.5067689427582898,3.908038874401427,0.1786236133151564
473,2019-04-24 19:46:40,22.744127,114.268777,2.8640161693886026,6.859278874365941,-1.011474662381139
473,2019-04-24 19:46:41,22.74415,114.26878,1.852541507007464,10.450638626086857,-0.7358735368941713
473,2019-04-24 19:46:42,22.74416,114.268782,1.1166679701132922,0.0,-0.7101701041006003
473,2019-04-24 19:46:43,22.74417,114.268782,0.4064978660126919,250.31157761152312,0.0017966436896728
473,2019-04-24 19:47:08,22.744137,114.268682,0.4514139582545129,207.1286000998715,-0.4313492095309941
473,2019-04-24 19:47:09,22.744128,114.268677,0.0200647487235188,137.31649011511786,9.551764837168688e-13
473,2019-04-24 19:49:03,22.744117000000006,114.26868799999998,0.0200647488324089,207.12860335943375,0.8597706651167888
473,2019-04-24 19:49:04,22.744108,114.268683,0.8798354139491977,208.95770572779224,-0.7707941127935152
473,2019-04-24 19:49:05,22.744103,114.26868,0.1090413011556825,0.0,0.0849721819314667
473,2019-04-24 19:49:07,22.744107,114.26868,0.278985665018616,42.68350994102707,-0.2146043574050244
473,2019-04-24 19:49:08,22.74411,114.268683,0.0643813076135915,208.957706561648,0.0078442544608715
473,2019-04-24 19:49:20,22.7441,114.268677,0.1585123611440499,194.7617526734775,0.5394704478045871
473,2019-04-24 19:49:21,22.744093,114.268675,0.697982808948637,200.2488334092708,-0.595434306942204
473,2019-04-24 19:49:22,22.744088,114.268673,0.1025485020064329,349.54935610040314,0.1711156022810774
473,2019-04-24 19:49:24,22.744093,114.268672,0.4447797065685877,7.505417234335255,0.1320818283636395
473,2019-04-24 19:49:25,22.7441,114.268673,0.5768615349322272,31.584330263569427,-0.549480907606604
473,2019-04-24 19:49:26,22.744103,114.268675,0.0273806273256233,207.88577032243893,3.337090420852305e-05
473,2019-04-24 19:53:51,22.744042,114.26864,0.0362239169408819,161.46058224282638,2.8241036960913006
473,2019-04-24 19:53:52,22.74402000000001,114.268648,2.860327613032182,162.91184731040914,0.2927736520571828
473,2019-04-24 19:53:53,22.743993,114.268657,3.153101265089365,168.82106888246074,0.3946591290527284
473,2019-04-24 19:53:54,22.743965,114.268663,3.547760394142094,172.49457360879342,0.4713155792757919
473,2019-04-24 19:53:55,22.74393,114.268668,4.019075973417886,177.14611470568695,-0.4037861549577881
473,2019-04-24 19:53:56,22.743893,114.26867,3.6152898184600977,180.0,-0.6686242623989962
473,2019-04-24 19:53:57,22.743865,114.26867,2.946665556061101,180.0,-0.2779873166495754
473,2019-04-24 19:53:58,22.74384,114.26867,2.668678239411526,180.0,-0.2757889135886033
473,2019-04-24 19:53:59,22.743817,114.26867,2.3928893258229227,174.73084269684762,-0.3357831830758275
473,2019-04-24 19:54:00,22.743797,114.268672,2.057106142747095,186.19232152689185,-0.6521190698627832
473,2019-04-24 19:54:01,22.74378,114.26867,1.404987072884312,192.9832750986393,-0.6660325952096121
473,2019-04-24 19:54:02,22.743772,114.268668,0.7389544776746998,190.45066828392015,-0.0145327744591016
473,2019-04-24 19:54:03,22.743767,114.268667,0.7244217032155982,195.84220127743544,0.0421852248193602
473,2019-04-24 19:54:09,22.743728,114.268655,0.9775330521317596,230.88080886475296,1.9387286058502105
473,2019-04-24 19:54:10,22.743713,114.268635,2.91626165798197,250.12825126876325,0.9549541310689488
473,2019-04-24 19:54:11,22.743703,114.268605,3.871215789050919,272.7590529112282,1.5266439677662291
473,2019-04-24 19:54:12,22.743705,114.26856,5.397859756817148,275.1632002848565,1.4360353627967912
473,2019-04-24 19:54:13,22.74371,114.2685,6.833895119613939,280.24387133642773,1.133266302891661
473,2019-04-24 19:54:14,22.743722,114.268428,7.9671614225056,279.8720752001528,1.16354321034071
473,2019-04-24 19:54:15,22.743735,114.268347,9.13070463284631,277.79905387189655,1.4212133191863965
473,2019-04-24 19:54:16,22.743747,114.268252,10.551917952032706,277.3687124201432,1.0540185699793874
473,2019-04-24 19:54:17,22.74376,114.268143,11.605936522012094,279.10648445430405,0.5824217441097126
473,2019-04-24 19:54:18,22.743777,114.268028,12.188358266121806,278.2265636109465,0.2375985848546769
473,2019-04-24 19:54:19,22.743793,114.267908,12.425956850976483,277.71880651074326,-0.0684883678533729
473,2019-04-24 19:54:20,22.743808,114.267788,12.35746848312311,280.4137445604369,-0.0334784609820992
473,2019-04-24 19:54:21,22.743828,114.26767,12.323990022141013,281.4289120448117,-0.129185160235691
473,2019-04-24 19:54:22,22.74385,114.267552,12.19480486190532,281.7189128265241,-0.4456876439091601
473,2019-04-24 19:54:23,22.743872,114.26743700000002,11.74911721799616,280.0614781415777,-0.696228090129754
473,2019-04-24 19:54:24,22.74389,114.267327,11.052889127866406,280.8325958331542,-0.6448391543097145
473,2019-04-24 19:54:25,22.743908,114.267225,10.408049973556691,278.8052690154348,-0.4495915274577893
473,2019-04-24 19:54:26,22.743922,114.267127,9.958458446098902,278.5284494196917,-0.6409179593720502
473,2019-04-24 19:54:27,22.743935,114.267033,9.317540486726852,277.1861244561142,-0.7693190500437375
473,2019-04-24 19:54:28,22.743945,114.266947,8.548221436683114,279.35299971705297,-0.574070771285272
473,2019-04-24 19:54:29,22.743957,114.266868,7.974150665397842,276.59754129523435,-0.2181711927684482
473,2019-04-24 19:54:30,22.743965,114.266793,7.755979472629394,278.22656590028794,-0.3399196512237425
473,2019-04-24 19:54:31,22.743975,114.266718,7.416059821405652,279.0600097240658,-0.7594213990567322
473,2019-04-24 19:54:32,22.743985,114.26665,6.65663842234892,280.243889113372,-0.9079022583163114
473,2019-04-24 19:54:33,22.743995,114.26659,5.748736164032608,282.2358735880182,-1.2508107162158844
473,2019-04-24 19:54:34,22.744005,114.26654,4.497925447816724,287.21320903618295,-1.0917315667823222
473,2019-04-24 19:54:35,22.744015,114.266505,3.406193881034401,295.7302467794545,-0.7036661301881089
473,2019-04-24 19:54:36,22.744027,114.266478,2.7025277508462926,298.46467076505286,-0.4310711819681376
473,2019-04-24 19:54:37,22.744037,114.266458,2.271456568878155,303.52993093414915,0.1560321003780669
473,2019-04-24 19:54:38,22.744048,114.26644,2.427488669256222,331.4113576697342,1.4424442995347038
473,2019-04-24 19:54:39,22.74407,114.266427,3.8699329687909256,343.28685808692893,2.249226096951969
473,2019-04-24 19:54:40,22.744113,114.266413,6.119159065742895,8.597259894502315,0.808532613532146
473,2019-04-24 19:54:42,22.744235,114.266433,7.736224292807186,5.577186102474741,2.111069922360466
473,2019-04-24 19:54:43,22.74432,114.266442,9.847294215167652,358.8514498603728,1.2817699439164034
473,2019-04-24 19:54:44,22.744412,114.26644,11.129064159084056,356.5792332646384,0.6091698864382415
473,2019-04-24 19:54:45,22.74452,114.266433,11.738234045522296,359.487001059585,-0.3292265183872729
473,2019-04-24 19:54:46,22.744623,114.266432,11.409007527135024,355.3478741077476,0.100695307825525
473,2019-04-24 19:54:47,22.744725,114.266423,11.50970283496055,6.016668819665028,0.3725608752641669
473,2019-04-24 19:54:48,22.74483,114.26643500000002,11.882263710224716,3.420756291748205,0.351864665436242
473,2019-04-24 19:54:49,22.744938,114.266442,12.234128375660958,359.05651139981603,0.2206533251467171
473,2019-04-24 19:54:50,22.74505,114.26644,12.454781700807676,2.357601294328333,0.0613709265925823
473,2019-04-24 19:54:51,22.745162,114.266445,12.516152627400258,1.4025529707183182,-0.0040966340321837
473,2019-04-24 19:54:52,22.745275,114.266448,12.512055993368074,0.9434862800536052,-0.0009455677674541
473,2019-04-24 19:54:53,22.745387,114.26645,12.51111042560062,0.9351375423594844,0.0548577901886009
473,2019-04-24 19:54:54,22.7455,114.266452,12.56596821578922,0.4675995306383242,-0.0565389683266541
473,2019-04-24 19:54:55,22.745613,114.266453,12.509429247462569,359.5282260479939,-0.0555974633652773
473,2019-04-24 19:54:56,22.745725,114.266452,12.45383178409729,0.4717735653491104,0.2233230954206337
473,2019-04-24 19:54:57,22.745837,114.266453,12.677154879517923,0.910954067018224,0.4438464649627356
473,2019-04-24 19:54:58,22.745953,114.266455,13.12100134448066,359.11940697772553,0.444779706038096
473,2019-04-24 19:54:59,22.74607300000001,114.266453,13.565781050518757,0.8521902817468003,-0.5458747596525093
473,2019-04-24 19:55:00,22.746197,114.266455,13.019906290866246,354.2550053209888,-0.4685157100757049
473,2019-04-24 19:55:01,22.746307,114.266443,12.55139058079054,356.3292318402259,0.3040018044037325
473,2019-04-24 19:55:02,22.746422,114.26643500000002,12.855392385194271,358.6337186181779,0.2681132495147444
473,2019-04-24 19:55:03,22.746538,114.266432,13.123505634709018,359.1194107522272,0.4426629957722596
473,2019-04-24 19:55:04,22.746658,114.26643,13.566168630481275,0.0,-0.1115825066930842
473,2019-04-24 19:55:05,22.746782,114.26643,13.454586123788191,0.0,-0.9346534481947232
473,2019-04-24 19:55:06,22.7469,114.26643,12.51993267559347,355.0739138934624,-0.0037802301724916
473,2019-04-24 19:55:07,22.747007,114.26642,12.516152445420978,0.8955090362740066,0.716937841071621
473,2019-04-24 19:55:08,22.747125,114.266422,13.2330902864926,0.4403187348381152,0.5018759122961249
473,2019-04-24 19:55:09,22.747245,114.266423,13.734966198788724,1.6637602278746044,0.4427578059781965
473,2019-04-24 19:55:10,22.747372,114.266427,14.17772400476692,359.17444478465205,-0.106987561184269
473,2019-04-24 19:55:11,22.7475,114.266425,14.070736443582652,357.8873922400461,0.2778986106543062
473,2019-04-24 19:55:12,22.747625,114.26642,14.348635054236958,359.20547814875954,0.273497799337985
473,2019-04-24 19:55:13,22.747758,114.266418,14.622132853574945,0.8128537653654462,-0.2222985705932707
473,2019-04-24 19:55:14,22.747888,114.26642,14.399834282981672,358.7713746241152,-0.2132126960702169
473,2019-04-24 19:55:15,22.748017,114.266417,14.186621586911455,357.06706769982475,0.2818070941689896
473,2019-04-24 19:55:16,22.748143,114.26641,14.468428681080445,358.0291772827186,0.2150319494719355
473,2019-04-24 19:55:17,22.748277,114.266405,14.68346063055238,358.78082619828024,-0.3384903925012175
473,2019-04-24 19:55:18,22.748407,114.266402,14.344970238051165,0.0,-0.3896301832220317
473,2019-04-24 19:55:19,22.748535,114.266402,13.955340054829133,359.14089785134723,-0.2223837529443475
473,2019-04-24 19:55:20,22.748658,114.2664,13.732956301884784,0.0,-4.978204515282414e-10
473,2019-04-24 19:55:21,22.748782,114.2664,13.732956301386965,359.1408993876813,-0.7778341713255283
473,2019-04-24 19:55:22,22.748905,114.266398,12.955122130061437,359.51966030833955,-1.0006778955198588
473,2019-04-24 19:55:23,22.749015,114.266397,11.954444234541576,358.9936546710344,-0.5568489277359738
473,2019-04-24 19:55:24,22.74912,114.266395,11.397595306805602,1.5847514908212474,-0.827981930337387
473,2019-04-24 19:55:25,22.74922,114.266398,10.569613376468215,2.347063639573093,-1.106786693839421
473,2019-04-24 19:55:26,22.74931,114.266402,9.462826682628794,3.298754004906641,-1.6790129495088577
473,2019-04-24 19:55:27,22.74939,114.266407,7.783813733119937,356.48186577424184,-0.9177033850666758
473,2019-04-24 19:55:28,22.74945,114.266403,6.866110348053261,353.3207817221974,-0.3593887986044848
473,2019-04-24 19:55:29,22.749513,114.266395,6.506721549448776,4.88060454998589,-0.5082851034113558
473,2019-04-24 19:55:30,22.74956700000001,114.2664,5.99843644603742,9.870679886511368,0.1413807762858052
473,2019-04-24 19:55:31,22.74962,114.26641,6.1398172223232255,14.117639259736904,-0.3977108735010235
473,2019-04-24 19:55:32,22.749675,114.266425,5.742106348822202,14.91790909883241,-1.0638670276764597
473,2019-04-24 19:55:33,22.74972,114.266438,4.678239321145743,2.7787833168423504,-0.33406634091493
473,2019-04-24 19:55:34,22.749758,114.26644,4.344172980230812,3.9565714711903297,-0.1586945898948792
473,2019-04-24 19:55:35,22.749798,114.266443,4.185478390335933,18.02919286239592,-1.2398542022590715
473,2019-04-24 19:55:36,22.749832,114.266455,2.9456241880768617,21.972270907069287,-2.845249574437089
473,2019-04-24 19:55:37,22.749848,114.266462,0.1003746136397726,347.8036489997633,0.0005576882169456
473,2019-04-24 19:57:05,22.749912,114.266447,0.1494511767309896,348.2060727557179,6.507313745863868
473,2019-04-24 19:57:06,22.749965,114.26643500000002,6.656764922594858,351.9249377598663,1.0541346752962957
473,2019-04-24 19:57:07,22.75003,114.266425,7.710899597891154,356.38574787010225,0.8053958132793779
473,2019-04-24 19:57:08,22.750103,114.26642,8.516295411170532,358.0193586025988,0.7826267721986113
473,2019-04-24 19:57:09,22.750183,114.266417,9.298922183369143,355.75643352241275,0.8452442308264985
473,2019-04-24 19:57:10,22.75027,114.26641,10.144166414195642,356.1126434387392,0.5983864704026249
473,2019-04-24 19:57:11,22.750365,114.266403,10.742552884598268,358.3829383316327,0.2733838672448296
473,2019-04-24 19:57:12,22.750463,114.2664,11.015936751843096,357.3599696606707,0.6152392393403723
473,2019-04-24 19:57:13,22.750563,114.266395,11.631175991183468,357.5776844206112,0.5515753983120284
473,2019-04-24 19:57:14,22.750672,114.26639,12.182751389495497,358.5592695270089,0.1111324445889874
473,2019-04-24 19:57:15,22.750782,114.266387,12.293883834084484,357.6212829957569,0.1196071991822691
473,2019-04-24 19:57:16,22.750893,114.266382,12.413491033266752,356.7012849133419,0.078382994598197
473,2019-04-24 19:57:17,22.751005,114.266375,12.49187402786495,354.3571237592988,-0.0424345584647731
473,2019-04-24 19:57:18,22.751117,114.26636299999998,12.449439469400176,355.2507494554956,-0.1196849384547125
473,2019-04-24 19:57:19,22.751228,114.266353,12.329754530945465,355.2077784633637,0.1582255931217862
473,2019-04-24 19:57:20,22.751338,114.266343,12.487980124067253,356.29725723126023,0.0079965246406867
473,2019-04-24 19:57:21,22.751452,114.266335,12.495976648707938,354.2552247807918,-0.2910048567048182
473,2019-04-24 19:57:22,22.751562,114.266323,12.20497179200312,352.2203749649476,-0.1864391755744794
473,2019-04-24 19:57:23,22.75167,114.266307,12.01853261642864,348.09709252414603,-0.0425280497342193
473,2019-04-24 19:57:24,22.751775,114.266283,11.97600456669442,346.1841517930316,-0.009555940436785
473,2019-04-24 19:57:25,22.75188,114.266255,11.966448626257636,344.0127342243078,-0.2517231616189956
473,2019-04-24 19:57:26,22.751983,114.266223,11.71472546463864,342.91280062116545,-0.3793335614269679
473,2019-04-24 19:57:27,22.752082,114.26619,11.335391903211672,341.2346622996524,-0.284062863661811
473,2019-04-24 19:57:28,22.752177,114.266155,11.05132903954986,340.8602035450901,-0.1745768192862549
473,2019-04-24 19:57:29,22.752270000000006,114.26612,10.876752220263606,337.7132384267546,0.1004145813710728
473,2019-04-24 19:57:30,22.75236,114.26608,10.97716680163468,336.68294537451936,0.46082974509698
473,2019-04-24 19:57:31,22.752452,114.266037,11.43799654673166,334.1099257799958,0.1043675120470037
473,2019-04-24 19:57:32,22.752547,114.265987,11.542364058778665,333.1289405775824,-0.3492002053063565
473,2019-04-24 19:57:33,22.752638,114.265937,11.193163853472306,331.1369060319013,-0.3426515793027143
473,2019-04-24 19:57:34,22.752725,114.265885,10.850512274169592,332.49123233737936,-0.4362670725342799
473,2019-04-24 19:57:35,22.75281,114.265837,10.414245201635312,333.6724583044002,-0.5646769455919554
473,2019-04-24 19:57:36,22.752892000000006,114.265793,9.849568256043357,331.0438708300026,-0.6608886000287715
473,2019-04-24 19:57:37,22.752967,114.265748,9.188679656014584,331.62499928235457,-0.431306478180538
473,2019-04-24 19:57:38,22.753037,114.265707,8.757373177834047,326.304365095359,0.2360272029963077
473,2019-04-24 19:57:39,22.753102,114.26566,8.993400380830355,316.39616331682834,-0.0129155786576298
473,2019-04-24 19:57:40,22.753163,114.265597,8.980484802172725,314.30264585500004,-0.5712925709375085
473,2019-04-24 19:57:41,22.753217000000006,114.265537,8.409192231235217,307.3240961309909,-0.070492968863185
473,2019-04-24 19:57:42,22.753262,114.265473,8.338699262372032,301.784459685766,-0.042193195319518
473,2019-04-24 19:57:43,22.753302,114.265403,8.296506067052514,307.76006372748924,0.466801329119642
473,2019-04-24 19:57:44,22.753347,114.26534,8.763307396172156,304.76101126982974,0.0994327900511411
473,2019-04-24 19:57:45,22.753395,114.265265,8.862740186223297,309.5635808730379,-0.8699275551672248
473,2019-04-24 19:57:46,22.753443,114.265202,7.992812631056072,319.0101844137615,-0.571402127454582
473,2019-04-24 19:57:47,22.753495,114.265153,7.42141050360149,332.3145931820168,0.1602403311181817
473,2019-04-24 19:57:48,22.753553,114.26512,7.581650834719672,346.6597910052332,0.2694017016248251
473,2019-04-24 19:57:49,22.753623,114.265102,7.851052536344497,353.1411955891137,0.0862919350314506
473,2019-04-24 19:57:50,22.753692,114.265093,7.937344471375948,17.52682216869107,0.940331443658268
473,2019-04-24 19:57:51,22.753765,114.265118,8.877675915034215,26.18918951243336,0.7753426650614195
473,2019-04-24 19:57:52,22.75384,114.265158,9.653018580095637,30.0843438412486,0.6497365946684592
473,2019-04-24 19:57:53,22.753918,114.265207,10.302755174764094,32.84312074056095,0.6959356906483656
473,2019-04-24 19:57:54,22.753998,114.265263,10.99869086541246,32.0211145955646,0.5687337631866534
473,2019-04-24 19:57:55,22.754085,114.265322,11.567424628599111,29.30647780206232,0.1628327238381857
473,2019-04-24 19:57:56,22.754177,114.265378,11.7302573524373,28.16703427495537,-0.2194773942816397
473,2019-04-24 19:57:57,22.75427,114.265432,11.51077995815566,27.589940319696098,-0.1471611442170957
473,2019-04-24 19:57:58,22.75436,114.265483,11.363618813938563,28.95586528100307,0.5634026729140675
473,2019-04-24 19:57:59,22.75445,114.265537,11.927021486852633,29.70106390758224,0.8059722594973806
473,2019-04-24 19:58:00,22.754547,114.265597,12.732993746350012,28.640684165278344,0.5856628241142818
473,2019-04-24 19:58:01,22.75465,114.265658,13.318656570464292,27.896438992661217,0.2241703804510564
473,2019-04-24 19:58:02,22.754758,114.26572,13.54282695091535,26.136952046364456,0.286471882617068
473,2019-04-24 19:58:03,22.754867,114.265778,13.829298833532418,24.37689216664125,0.0448864148652408
473,2019-04-24 19:58:04,22.754983,114.265835,13.87418524839766,23.575607643649164,-0.1101946921555008
473,2019-04-24 19:58:05,22.755095,114.265888,13.763990556242158,21.116867987521744,-0.0125048316333966
473,2019-04-24 19:58:06,22.755212,114.265937,13.75148572460876,18.052737465438724,-0.1914699104746891
473,2019-04-24 19:58:07,22.755328,114.265978,13.560015814134072,20.816327817119884,0.3137536325567502
473,2019-04-24 19:58:08,22.755442,114.266025,13.873769446690822,19.858739209976815,-0.132835842909877
473,2019-04-24 19:58:09,22.755562,114.266072,13.740933603780944,16.10221208038638,-0.2987728990853746
473,2019-04-24 19:58:10,22.755677,114.266108,13.44216070469557,14.880105027293212,0.362217074859366
473,2019-04-24 19:58:11,22.75579500000001,114.266142,13.804377779554937,14.81836793515265,0.5508470431260779
473,2019-04-24 19:58:12,22.755917,114.266177,14.355224822681016,14.152294776036117,0.1365453406746226
473,2019-04-24 19:58:13,22.756045,114.266212,14.491770163355636,13.682494085868598,-0.8210479367440673
473,2019-04-24 19:58:14,22.75617,114.266245,13.67072222661157,11.33578187326907,-1.242189896433073
473,2019-04-24 19:58:15,22.756285,114.26627,12.428532330178497,8.98321765142839,-0.6311150076307896
473,2019-04-24 19:58:16,22.75639,114.266288,11.797417322547709,7.504743983861999,-0.3280927033725778
473,2019-04-24 19:58:17,22.756495,114.266303,11.46932461917513,5.268666545967335,-0.4896583646524259
473,2019-04-24 19:58:18,22.756595,114.26631299999998,10.979666254522703,2.7214379288774357,-0.225375934579846
473,2019-04-24 19:58:19,22.756692,114.266318,10.754290319942855,4.941052024819726,-0.5613701574921279
473,2019-04-24 19:58:20,22.756788,114.266327,10.19292016245073,1.8213023103368755,-0.6213645383374775
473,2019-04-24 19:58:21,22.756875,114.26633,9.571555624113252,3.104929470912396,-0.2798457999504542
473,2019-04-24 19:58:22,22.75696,114.266335,9.291709824162798,1.2884534926633933,-0.394786091267683
473,2019-04-24 19:58:23,22.757042,114.266337,8.896923732895115,0.6773462719592089,0.0661529329365837
473,2019-04-24 19:58:24,22.75712,114.266338,8.963076665831698,353.66028473231245,0.6640256050212763
473,2019-04-24 19:58:25,22.757203,114.266328,9.627102270852976,1.1739557508163898,0.5103222125647111
473,2019-04-24 19:58:26,22.757293,114.26633,10.137424483417686,5.72385691948341,0.2957702015208845
473,2019-04-24 19:58:27,22.757385,114.26634,10.43319468493857,3.8871547213893214,0.0403567894791834
473,2019-04-24 19:58:28,22.75748,114.266347,10.473551474417754,3.4047154895616814,-0.0086620202253886
473,2019-04-24 19:58:29,22.757573,114.266353,10.464889454192363,2.223525514236257,0.1017385015051104
473,2019-04-24 19:58:30,22.757668,114.266357,10.566627955697475,0.5561427497075897,0.1082081205434288
473,2019-04-24 19:58:31,22.757763,114.266358,10.674836076240904,0.0,0.1671541599349861
473,2019-04-24 19:58:32,22.75786,114.266358,10.84199023617589,1.078141012629942,0.1107100384734511
473,2019-04-24 19:58:33,22.757958,114.26636,10.952700274649342,358.93274754238223,0.1187947353441138
473,2019-04-24 19:58:34,22.758057,114.266358,11.071495009993455,356.833124808838,0.4187016540698582
473,2019-04-24 19:58:35,22.758157,114.266352,11.490196664063314,354.04026345132985,0.543142700439617
473,2019-04-24 19:58:36,22.758263,114.26634,12.03333936450293,352.76778711842786,0.2740202292461955
473,2019-04-24 19:58:37,22.758372,114.266325,12.307359593749126,350.48217228987056,0.3643204498129453
473,2019-04-24 19:58:38,22.758482,114.266305,12.671680043562072,354.5508102679695,0.4564418780875865
473,2019-04-24 19:58:39,22.758598000000006,114.266293,13.128121921649658,354.2475321004724,0.1379397996942089
473,2019-04-24 19:58:40,22.758717,114.26628,13.266061721343869,352.4325186837421,-0.1737005552059578
473,2019-04-24 19:58:41,22.758835,114.266263,13.09236116613791,350.8889272916925,-0.0410203897312637
473,2019-04-24 19:58:42,22.75895,114.266243,13.051340776406644,355.086808109922,0.2245838443506649
473,2019-04-24 19:58:43,22.759068,114.266232,13.27592462075731,355.6057468464253,-0.1814828295420305
473,2019-04-24 19:58:44,22.759188,114.266222,13.09444179121528,356.7873504280742,-0.5765056336272174
473,2019-04-24 19:58:45,22.759303,114.266215,12.517936157588062,359.0394612103283,-0.8789677915720056
473,2019-04-24 19:58:46,22.759413,114.266213,11.638968366016057,354.14990946873866,-0.7582580124607379
473,2019-04-24 19:58:47,22.759512,114.266202,10.88071035355532,356.1532740149836,0.9615493338775334
473,2019-04-24 19:58:48,22.759608,114.266195,11.842259687432852,3.157834861001845,1.3511842793062971
473,2019-04-24 19:58:49,22.759725,114.266202,13.19344396673915,2.639851216049351,0.4375793584910301
473,2019-04-24 19:58:50,22.759845,114.266208,13.63102332523018,1.6902092835914004,0.1030812437916459
473,2019-04-24 19:58:51,22.759970000000006,114.266212,13.734104569021826,0.0,-0.1126295741057443
473,2019-04-24 19:58:52,22.760092,114.266212,13.62147499491608,0.4295388793919983,0.1667912231695574
473,2019-04-24 19:58:53,22.760215,114.266213,13.78826621808564,0.0,0.3894577162828518
473,2019-04-24 19:58:54,22.76034,114.266213,14.17772393436849,0.8127789275182522,0.4444987973650089
473,2019-04-24 19:58:55,22.76047,114.266215,14.6222227317335,358.8084246948948,-0.0548753751746531
473,2019-04-24 19:58:56,22.760603,114.266212,14.567347356558846,0.0,-0.1653228916883957
473,2019-04-24 19:58:57,22.760732,114.266212,14.40202446487045,357.9687736105557,-0.1557837961136616
473,2019-04-24 19:58:58,22.760862,114.266207,14.246240668756789,357.06734299634314,-0.2777228537875089
473,2019-04-24 19:58:59,22.760988,114.2662,13.96851781496928,357.88760062731103,0.1689565757484921
473,2019-04-24 19:59:00,22.761113,114.266195,14.137474390717772,356.72704530720046,0.4334811145026371
473,2019-04-24 19:59:01,22.761242000000006,114.26618700000002,14.57095550522041,0.3972404259033055,0.4425481005736333
473,2019-04-24 19:59:02,22.761375,114.266188,15.013503605794044,1.5422192833951271,0.0021006605551594
473,2019-04-24 19:59:03,22.761512,114.266192,15.015604266349202,1.1915662055648113,-0.2244576170208922
473,2019-04-24 19:59:04,22.761645,114.266195,14.79114664932831,0.7944403316889179,0.0533760575309276
473,2019-04-24 19:59:05,22.761778,114.266197,14.844522706859236,359.21148834972524,0.1112827979834971
473,2019-04-24 19:59:06,22.761912,114.266195,14.955805504842736,1.1739149000009093,0.1166882838372469
473,2019-04-24 19:59:07,22.762047,114.266198,15.07249378867998,1.941664872706156,-0.1680524916695596
473,2019-04-24 19:59:08,22.762183,114.266203,14.904441297010422,0.8004548813615315,-0.0527494555909182
473,2019-04-24 19:59:09,22.762315,114.266205,14.851691841419504,2.7374252641608905,0.0738959876588634
473,2019-04-24 19:59:10,22.76245,114.266212,14.925587829078369,3.96608602008115,0.0133772554510382
473,2019-04-24 19:59:11,22.762583,114.266222,14.938965084529404,4.296862294568427,0.0554533565310553
473,2019-04-24 19:59:12,22.762718,114.266233,14.99441844106046,3.936574042612961,-0.2353353402480724
473,2019-04-24 19:59:13,22.762852,114.266243,14.759083100812388,2.8208667594379904,0.0809378967399041
473,2019-04-24 19:59:14,22.762983,114.26625,14.840020997552292,6.623400920296263,0.1252060295360184
473,2019-04-24 19:59:15,22.763118,114.266267,14.96522702708831,7.953530588413685,-0.1228715753347824
473,2019-04-24 19:59:16,22.76325,114.266287,14.842355451753528,9.127747035090067,-0.1790513811580858
473,2019-04-24 19:59:17,22.763382,114.26631,14.663304070595442,10.209498983548656,-0.1537384217637711
473,2019-04-24 19:59:18,22.76351,114.266335,14.509565648831671,12.195161983340029,-0.0887480723045506
473,2019-04-24 19:59:19,22.763638,114.266365,14.42081757652712,13.282073948170591,-0.1816302526000139
473,2019-04-24 19:59:20,22.763763,114.266397,14.239187323927109,13.787891903582306,-0.1787765118038518
473,2019-04-24 19:59:21,22.763887,114.26643,14.060410812123257,14.934536577634333,-0.1622845661992311
473,2019-04-24 19:59:22,22.764008,114.266465,13.898126245924024,15.871292807915836,-0.2344802788023887
473,2019-04-24 19:59:23,22.764128,114.266502,13.663645967121637,18.19830014182912,-0.1541197984346247
473,2019-04-24 19:59:24,22.764243,114.266543,13.50952616868701,19.43309664171329,0.084847689817634
473,2019-04-24 19:59:25,22.764358,114.26658700000002,13.594373858504644,20.246056375303112,-0.1031910115673309
473,2019-04-24 19:59:26,22.764473,114.266633,13.491182846937312,21.154130445338183,-0.2485339245160283
473,2019-04-24 19:59:27,22.764585,114.26668,13.242648922421283,23.940019404783413,-0.0730271941721891
473,2019-04-24 19:59:28,22.764693,114.266732,13.169621728249096,23.33738345522704,-0.1017909432034915
473,2019-04-24 19:59:29,22.764802,114.266783,13.067830785045604,24.339668401288577,-0.4128153526889058
473,2019-04-24 19:59:30,22.764908,114.266835,12.6550154323567,26.045350428743237,-0.653337931376992
473,2019-04-24 19:59:31,22.765008,114.266888,12.001677500979708,28.423669265895967,-0.9070251380279776
473,2019-04-24 19:59:32,22.7651,114.266942,11.094652362951727,29.051337570842406,-1.050474392072342
473,2019-04-24 19:59:33,22.765183,114.266992,10.044177970879389,28.953944901593104,-0.9044288819901548
473,2019-04-24 19:59:34,22.765258,114.26703700000002,9.139749088889232,28.718905871910124,-1.1179601204689682
473,2019-04-24 19:59:35,22.765327,114.267078,8.021788968420264,33.17869125590568,-1.5039597455091656
473,2019-04-24 19:59:36,22.765382,114.267117,6.517829222911098,51.50515773997592,-0.3745148591368314
473,2019-04-24 19:59:37,22.765415,114.267162,6.143314363774267,43.3515106981406,0.833479147802068
473,2019-04-24 19:59:38,22.765457,114.267205,6.976793511576335,34.6666531210962,1.3278426639943222
473,2019-04-24 19:59:39,22.765513,114.267247,8.304636175570657,30.658435914464803,1.066398589620551
473,2019-04-24 19:59:40,22.765583,114.267292,9.371034765191208,31.92444468259077,0.3225727946188783
473,2019-04-24 19:59:41,22.765657,114.267342,9.693607559810086,35.53816971845288,0.0747112902968396
473,2019-04-24 19:59:42,22.765728,114.267397,9.768318850106926,32.08870075567398,0.0555162478092423
473,2019-04-24 19:59:43,22.765803,114.267448,9.823835097916168,32.9415311628963,0.0884207381039559
473,2019-04-24 19:59:44,22.765877,114.2675,9.912255836020124,39.23889336725927,0.1050932301484977
473,2019-04-24 19:59:45,22.765947,114.267562,10.017349066168622,38.78319698031447,-0.1058263570137363
473,2019-04-24 19:59:46,22.766017,114.267623,9.911522709154886,41.80149101590917,0.0665960679634611
473,2019-04-24 19:59:47,22.766083,114.267687,9.978118777118349,39.68868927456021,0.0089600117503909
473,2019-04-24 19:59:48,22.766153,114.26775,9.987078788868738,40.92663108217528,-0.3953524562792871
473,2019-04-24 19:59:49,22.76622,114.267813,9.59172633258945,41.28901354936176,-0.3103418393720858
473,2019-04-24 19:59:50,22.766283,114.267873,9.281384493217365,41.74398708819814,-0.0550298276761864
473,2019-04-24 19:59:51,22.766345,114.267933,9.226354665541178,43.61619806843203,-0.1740081449257289
473,2019-04-24 19:59:52,22.766405,114.267995,9.05234652061545,46.56593532602665,-0.0781941646097799
473,2019-04-24 19:59:53,22.76646,114.268058,8.97415235600567,44.58685794905057,0.2293129445283792
473,2019-04-24 19:59:54,22.766518,114.26812,9.203465300534049,45.45078817627899,0.2604780249690641
473,2019-04-24 19:59:55,22.766577,114.268185,9.463943325503111,45.83737047142392,-0.1121289776386333
473,2019-04-24 19:59:56,22.766637,114.268252,9.35181434786448,45.04518229861736,-0.2631139569495655
473,2019-04-24 19:59:57,22.766695,114.268315,9.088700390914914,45.54337438242317,-0.3814608326447644
473,2019-04-24 19:59:58,22.766752,114.268378,8.70723955827015,47.32946938503869,-0.603635957185988
473,2019-04-24 19:59:59,22.766803,114.268438,8.103603601084162,45.98521299887307,-0.5281031455302543
473,2019-04-24 20:00:00,22.766852,114.268493,7.575500455553907,49.18674246721241,0.3018524957006336
473,2019-04-24 20:00:01,22.766895,114.268547,7.877352951254541,46.77458741900796,1.0947869246921984
473,2019-04-24 20:00:02,22.766947,114.268607,8.97213987594674,45.40659518858047,0.7521767163228219
473,2019-04-24 20:00:03,22.767007,114.268673,9.72431659226956,47.89435075688118,0.5648019299254177
473,2019-04-24 20:00:04,22.767067,114.268745,10.28911852219498,46.33781557960378,0.3791392465058667
473,2019-04-24 20:00:05,22.767133,114.26882,10.668257768700846,45.9073329528328,-0.6777611736392224
473,2019-04-24 20:00:06,22.7672,114.268895,9.990496595061623,45.94021436957473,-1.6977229948908477
473,2019-04-24 20:00:07,22.767258,114.26896,8.292773600170776,46.81684028882137,-1.4708264909915751
473,2019-04-24 20:00:08,22.767303,114.26901200000002,6.8219471091792006,46.77450621032858,-0.2253334677530736
473,2019-04-24 20:00:09,22.767342000000006,114.269057,6.596613641426127,45.82727420266474,0.4941201636218046
473,2019-04-24 20:00:10,22.767385,114.269105,7.090733805047932,44.44871963768395,0.0703127094852309
473,2019-04-24 20:00:11,22.767432,114.269155,7.1610465145331625,49.466659402084986,0.0375185412026688
473,2019-04-24 20:00:12,22.76747300000001,114.269207,7.198565055735831,45.01597042506671,0.2269454753056665
473,2019-04-24 20:00:13,22.76752,114.269258,7.425510531041498,47.894248716102254,0.1893837170965486
473,2019-04-24 20:00:14,22.767565,114.269312,7.614894248138047,44.3453854201498,0.2264863380896917
473,2019-04-24 20:00:15,22.767615,114.269365,7.841380586227738,47.59562469837658,0.0358880478795713
473,2019-04-24 20:00:16,22.767663,114.269422,7.87726863410731,45.98503263907128,0.0374435774954697
473,2019-04-24 20:00:17,22.767712,114.269477,7.9147122116027795,48.091382354067264,0.1507038346130436
473,2019-04-24 20:00:18,22.76776,114.269535,8.065416046215823,46.926471631729896,0.1507232618351164
473,2019-04-24 20:00:19,22.76781,114.269593,8.21613930805094,47.89418648470093,0.0016367803124754
473,2019-04-24 20:00:20,22.76786,114.269653,8.217776088363415,49.0549674515222,0.2660523109755122
473,2019-04-24 20:00:21,22.767908,114.269713,8.483828399338927,49.05495609399259,0.7519560503933924
473,2019-04-24 20:00:22,22.76796,114.269778,9.23578444973232,48.05743898789012,0.6402993172999896
473,2019-04-24 20:00:23,22.768018,114.269848,9.87608376703231,48.67388570148455,0.2628891180501203
473,2019-04-24 20:00:24,22.768078,114.269922,10.13897288508243,47.352205151201474,0.2259133464449831
473,2019-04-24 20:00:25,22.76814,114.269995,10.364886231527413,48.41658430150068,0.1886760653202301
473,2019-04-24 20:00:26,22.768203,114.270072,10.553562296847645,47.59549645115021,-2.6897814358051164e-06
473,2019-04-24 20:00:27,22.768267,114.270148,10.553559607066209,48.41655784250696,-0.1123870225124825
473,2019-04-24 20:00:28,22.76833,114.270225,10.441172584553724,48.12291021494855,-0.3378204562598252
473,2019-04-24 20:00:29,22.768392,114.2703,10.1033521282939,49.24968190092261,-0.181373621684127
473,2019-04-24 20:00:30,22.76845,114.270373,9.921978506609772,50.50372115651783,-0.4061597179294747
473,2019-04-24 20:00:31,22.768507,114.270448,9.515818788680296,51.28453398185411,-0.1043595978986555
473,2019-04-24 20:00:32,22.768558,114.270517,9.411459190781642,52.0155897007362,0.5105122599120637
473,2019-04-24 20:00:33,22.768612,114.270592,9.921971450693706,47.81602425860069,0.6725571477359633
473,2019-04-24 20:00:34,22.768673,114.270665,10.594528598429669,43.84558465158386,0.2752014696761069
473,2019-04-24 20:00:35,22.768745000000006,114.27074,10.869730068105776,44.70841635673486,-0.0505592184731593
473,2019-04-24 20:00:36,22.768813,114.270813,10.819170849632616,47.3928808771409,-0.0025669166148247
473,2019-04-24 20:00:37,22.76888,114.270892,10.816603933017792,47.152721352951176,-0.1496390669557534
473,2019-04-24 20:00:38,22.768945,114.270968,10.666964866062038,49.144610189136245,-0.0271500259787718
473,2019-04-24 20:00:39,22.769008,114.271047,10.639814840083266,50.87559102011448,-0.1460500057938532
473,2019-04-24 20:00:40,22.769068,114.271127,10.493764834289411,50.163718003521694,0.3680301616963266
473,2019-04-24 20:00:41,22.769128,114.271205,10.86179499598574,48.79941204793113,0.0781103206535451
473,2019-04-24 20:00:42,22.769195,114.27128799999998,10.939905316639283,50.875552595075135,-0.1108041782644573
473,2019-04-24 20:00:43,22.769255,114.271368,10.829101138374828,49.31509608892139,0.561184543788297
473,2019-04-24 20:00:44,22.76932,114.27145,11.390285682163125,49.71311586902556,0.0031474641502224
473,2019-04-24 20:00:45,22.769388,114.271537,11.393433146313347,50.09580493996111,-0.1560796554512684
473,2019-04-24 20:00:46,22.769452,114.27162,11.23735349086208,48.3782534762135,-0.0792499159612489
473,2019-04-24 20:00:47,22.76952,114.271703,11.15810357490083,48.61443206204933,-0.414572420156972
473,2019-04-24 20:00:48,22.769585,114.271783,10.743531154743858,48.41628320387304,-0.3024147193381612
473,2019-04-24 20:00:49,22.769648,114.27186,10.441116435405696,48.1226352524705,-0.1898773671813849
473,2019-04-24 20:00:50,22.76971,114.271935,10.251239068224312,46.50029833661051,-0.1507494907887583
473,2019-04-24 20:00:51,22.769773,114.272007,10.100489577435551,48.28662279888613,-0.0338247878588546
473,2019-04-24 20:00:52,22.769833,114.27208,10.0666647895767,49.53064111776757,-0.1804832355634147
473,2019-04-24 20:00:53,22.769892,114.272155,9.886181554013284,50.74757311061552,-0.6347498198576957
473,2019-04-24 20:00:54,22.769947,114.272228,9.251431734155588,51.01521811705402,-1.057308254345143
473,2019-04-24 20:00:55,22.769997,114.272295,8.194123479810445,50.71175499261472,-0.897081301328992
473,2019-04-24 20:00:56,22.77004,114.272352,7.297042178481453,53.15555435860102,-1.108376259994313
473,2019-04-24 20:00:57,22.770078,114.272407,6.18866591848714,55.74595625999609,-1.1953892085254925
473,2019-04-24 20:00:58,22.770105,114.27245,4.993276709961648,61.530740728372166,-0.8083495500688223
473,2019-04-24 20:00:59,22.770125,114.27249,4.184927159892825,81.66224971684676,-0.3384836391191212
473,2019-04-24 20:01:00,22.77013,114.272527,3.846443520773704,94.8937320281459,-0.2471788510274386
473,2019-04-24 20:01:01,22.770127,114.272565,3.5992646697462654,93.87772122219872,-0.472771990792511
473,2019-04-24 20:01:02,22.770125,114.272597,3.1264926789537544,127.984702652139,0.3034088888115898
473,2019-04-24 20:01:03,22.770107,114.272622,3.429901567765344,163.38935340472176,0.7778659250023967
473,2019-04-24 20:01:04,22.770073,114.272633,4.207767492767741,180.0,0.435210096522038
473,2019-04-24 20:01:05,22.770032,114.272633,4.642977589289779,192.38225078764685,0.1998705814877457
473,2019-04-24 20:01:06,22.76999,114.272623,4.842848170777525,198.22719951172311,0.2857535747141453
473,2019-04-24 20:01:07,22.769948,114.272608,5.12860174549167,196.7346607891713,0.4259121095296612
473,2019-04-24 20:01:08,22.769902,114.272593,5.554513855021331,195.462513052421,0.7548059091904138
473,2019-04-24 20:01:09,22.769852,114.272578,6.309319764211745,202.81123859165535,0.4210051751882746
473,2019-04-24 20:01:10,22.769795,114.272552,6.73032493940002,193.4125880575602,-0.372886767208926
473,2019-04-24 20:01:11,22.769737,114.272537,6.3574381721910935,189.68999131048372,-0.6677591015255597
473,2019-04-24 20:01:12,22.769683,114.272527,5.689679070665534,178.89949727949477,-0.7946857033206243
473,2019-04-24 20:01:13,22.769635,114.272528,4.8949933673449095,177.3603370121748,-0.3256369125649607
473,2019-04-24 20:01:14,22.769595,114.27253,4.569356454779949,189.96138675754543,-0.207034103064327
473,2019-04-24 20:01:15,22.769553,114.272522,4.362322351715622,205.40796787437225,-0.6058569512930103
473,2019-04-24 20:01:16,22.76952,114.272505,3.756465400422612,184.94059475137897,-0.8540566600673722
473,2019-04-24 20:01:17,22.769488,114.272502,2.902408740355239,185.2681727422166,-0.0913630318583025
473,2019-04-24 20:01:18,22.769468,114.2725,2.8110457084969367,220.30808073302956,-0.8494676017175906
473,2019-04-24 20:01:19,22.769443,114.272477,1.961578106779346,270.0000007905361,-1.1213371720050844
473,2019-04-24 20:01:20,22.769443,114.272473,0.8402409347742616,180.0,0.3344093388633862
473,2019-04-24 20:01:23,22.769413,114.272473,1.84346895136442,169.8353558708377,2.745091546506256
473,2019-04-24 20:01:24,22.769377,114.27248,4.588560497870676,162.54986625379777,0.3781646078699436
473,2019-04-24 20:01:25,22.769333,114.272495,4.96672510574062,171.46337674814038,0.2061257243053464
473,2019-04-24 20:01:26,22.76929,114.272502,5.172850830045967,184.2188214337569,0.0040628275065941
473,2019-04-24 20:01:27,22.76924,114.272498,5.176913657552561,169.0766857993849,-0.7864992359956471
473,2019-04-24 20:01:28,22.769197,114.272507,4.390414421556914,164.82649301529295,-0.9552040954800592
473,2019-04-24 20:01:29,22.769163,114.272517,3.4352103260768545,167.98743442669274,-0.7488643691786545
473,2019-04-24 20:01:30,22.769137,114.272523,2.6863459568982,180.0,-0.2841261838112108
473,2019-04-24 20:01:31,22.769115,114.272523,2.402219773086989,206.89137235794848,0.1519799725072541
473,2019-04-24 20:01:32,22.769095,114.272512,2.554199745594244,221.0508462753714,-0.1044289705467997
473,2019-04-24 20:01:33,22.769077,114.272495,2.449770775047444,234.13272888938667,-0.4711602159578392
473,2019-04-24 20:01:34,22.769065,114.272477,1.9786105590896044,259.16547851960814,-0.3776395886318373
473,2019-04-24 20:01:35,22.769062,114.27246,1.600970970457767,247.3579778921468,-0.1982995288288693
473,2019-04-24 20:01:36,22.769057,114.272447,1.4026714416288977,219.68809805712812,-1.3568378515428907
473,2019-04-24 20:01:37,22.769047,114.272438,0.045833590086007,222.67830177849092,-4.091465490158788e-05
473,2019-04-24 20:02:57,22.769032,114.272423,0.04256041769388,274.1353434790524,2.380277679152
473,2019-04-24 20:02:58,22.769033,114.272408,2.42283809684588,248.9519163491488,1.0900109595995215
473,2019-04-24 20:02:59,22.769022,114.272377,3.5128490564454014,253.98244832156828,0.0457738295397245
473,2019-04-24 20:03:00,22.769013,114.272343,3.558622885985126,273.5462165134614,-0.3169929626933632
473,2019-04-24 20:03:01,22.769015,114.272308,3.2416299232917627,276.62792893644763,-0.3677687068109803
473,2019-04-24 20:03:02,22.769018,114.27228,2.8738612164807824,285.7044024508996,-0.0475289774461447
473,2019-04-24 20:03:03,22.769025,114.272253,2.8263322390346377,286.2769850499966,0.2336160455356482
473,2019-04-24 20:03:04,22.769032,114.272227,3.059948284570286,281.4941729339055,0.4745930689065791
473,2019-04-24 20:03:05,22.769038,114.272195,3.534541353476865,285.58245940901844,0.5743041487893783
473,2019-04-24 20:03:06,22.769047,114.27216,4.108845502266243,281.4074190939544,1.0477027339510867
473,2019-04-24 20:03:07,22.769055,114.272117,5.15654823621733,272.1792421917404,0.9439726628663464
473,2019-04-24 20:03:08,22.769057,114.27206,6.100520899083676,267.9963757628671,0.4729149449472078
473,2019-04-24 20:03:09,22.769055,114.271998,6.573435844030884,265.30313395225505,-0.3544593394886872
473,2019-04-24 20:03:10,22.76905,114.271932,6.218976504542197,266.614607598832,-0.8874286325289491
473,2019-04-24 20:03:11,22.769047,114.271877,5.331547872013248,273.7988038273944,-0.408044284340618
473,2019-04-24 20:03:12,22.76905,114.271828,4.92350358767263,283.26602715366926,0.2220369274138915
473,2019-04-24 20:03:13,22.76906,114.271782,5.145540515086521,281.78076343161086,0.4206337488315119
473,2019-04-24 20:03:14,22.769070000000006,114.27173,5.566174263918033,277.858833637846,-3.9480363334121193e-07
473,2019-04-24 20:03:15,22.769077,114.271675,5.5661738691144,281.78076484120027,-0.2620309340111353
473,2019-04-24 20:03:16,22.769087,114.271623,5.304142935103265,277.4149038744181,-0.126956623024034
473,2019-04-24 20:03:17,22.769093,114.271573,5.177186312079231,278.6334012359032,0.2288316595534487
473,2019-04-24 20:03:18,22.7691,114.271523,5.40601797163268,272.25840670639536,-0.185460372505184
473,2019-04-24 20:03:19,22.769102,114.271468,5.220557599127496,283.26603202791,-0.4714002251594769
473,2019-04-24 20:03:20,22.769112,114.271422,4.749157373968019,278.2280539309162,-0.1019429529616617
473,2019-04-24 20:03:21,22.769118,114.271377,4.647214421006357,275.50637875380994,-0.4138205035648994
473,2019-04-24 20:03:22,22.769122,114.271332,4.233393917441457,278.3376898882717,-0.4138096056665685
473,2019-04-24 20:03:23,22.769127,114.271295,3.819584311774889,275.02530470230647,0.1887254753311711
473,2019-04-24 20:03:24,22.76913,114.271258,4.00830978710606,273.0283111917121,0.249940811619135
473,2019-04-24 20:03:25,22.769132,114.271217,4.258250598725195,271.4791577663733,0.0512259153529566
473,2019-04-24 20:03:26,22.769133,114.271175,4.309476514078152,272.9563384476182,0.2103870906381804
473,2019-04-24 20:03:27,22.769135,114.271133,4.519863604716332,274.04575567097834,1.794317777506735
473,2019-04-24 20:03:28,22.769138,114.271087,6.314181382223067,320.71798792455166,-0.1145784866486199
473,2019-04-24 20:03:29,22.7692,114.271032,6.199602895574447,280.74636668385,-2.8356570752829944
473,2019-04-24 20:03:30,22.769207,114.270992,3.3639458202914527,331.98862634736867,0.5517674291611137
473,2019-04-24 20:03:31,22.769233,114.270977,3.9157132494525664,325.8629940944645,0.1911082920856905
473,2019-04-24 20:03:32,22.769267000000006,114.270952,4.106821541538257,335.2486290547004,-0.8416731489321108
473,2019-04-24 20:03:33,22.769297,114.27093700000002,3.265148392606146,9.350165624685246,-0.1411569834751636
473,2019-04-24 20:03:34,22.769325,114.270942,3.1239914091309826,0.0,0.2369723571591877
473,2019-04-24 20:03:35,22.769353,114.270942,3.3609637662901704,12.980923213708536,0.2208307581576023
473,2019-04-24 20:03:36,22.769385,114.27095,3.5817945244477727,0.0,-0.1206709227979945
473,2019-04-24 20:03:37,22.769417,114.27095,3.461123601649778,30.65772631299825,1.11617851185057
473,2019-04-24 20:03:38,22.769445,114.270968,4.577302113500348,32.48355891347734,1.205140258911225
473,2019-04-24 20:03:39,22.769487,114.270997,5.782442372411573,37.666875376799055,0.3530694159218592
473,2019-04-24 20:03:40,22.76953,114.271033,6.1355117883334325,39.905566699725,0.5137961715141142
473,2019-04-24 20:03:41,22.769573,114.271072,6.649307959847547,46.33729739634117,0.5143779065102256
473,2019-04-24 20:03:42,22.769617,114.271122,7.163685866357772,45.0643246465296,-0.252255998688021
473,2019-04-24 20:03:43,22.769663,114.271172,6.911429867669751,42.0223840429062,-0.5935685055706585
473,2019-04-24 20:03:44,22.769707,114.27121499999998,6.317861362099093,42.67814737146364,-0.4294269550009417
473,2019-04-24 20:03:45,22.769747,114.271255,5.888434407098151,45.69388184411662,-0.5946856169674186
473,2019-04-24 20:03:46,22.769783,114.271295,5.293748790130732,39.13140920505509,-0.6008596245039683
473,2019-04-24 20:03:47,22.769817,114.271325,4.692889165626764,15.102805176251591,-0.3448678888034884
473,2019-04-24 20:03:48,22.769858,114.27133700000002,4.348021276823276,319.86802977808765,0.1265089562046073
473,2019-04-24 20:03:49,22.769893,114.271305,4.474530233027883,350.1046120095219,-0.7985888742651954
473,2019-04-24 20:03:50,22.76993,114.271298,3.675941358762688,339.41097952882114,-1.0430314654271635
473,2019-04-24 20:03:51,22.769957,114.27128700000002,2.632909893335524,345.6337017345988,-0.306486990786968
473,2019-04-24 20:03:52,22.769975,114.271282,2.326422902548556,327.1599351837559,0.3698177620940512
473,2019-04-24 20:03:53,22.769995,114.271268,2.696240664642607,312.6711976550576,-1.889291657527909
473,2019-04-24 20:03:54,22.770012,114.271248,0.8069490071146982,99.1276872227345,0.4233995229408679
473,2019-04-24 20:03:55,22.770008,114.271275,1.230348530055566,325.3342276918625,-0.3075871054735074
473,2019-04-24 20:03:56,22.770012,114.271272,0.9227614245820588,253.86983440917135,0.563593245549768
473,2019-04-24 20:03:57,22.770008,114.271257,1.4863546701318266,217.0315451885786,0.4746072901539475
473,2019-04-24 20:03:58,22.769997,114.271248,1.9609619602857744,236.9474415114093,0.1119998726176407
473,2019-04-24 20:03:59,22.769985,114.271228,2.072961832903415,215.34737820699792,0.2982167555815862
473,2019-04-24 20:04:00,22.769972,114.271218,2.371178588485001,202.08284580257225,-0.1750461433345456
473,2019-04-24 20:04:01,22.769947,114.271207,2.196132445150456,197.08509639196703,-0.8699020229341625
473,2019-04-24 20:04:02,22.769935,114.271203,1.326230422216293,208.95311755818463,0.6996072624796728
473,2019-04-24 20:04:03,22.769925,114.271197,2.025837684695966,270.0000061946139,1.0115189397798532
473,2019-04-24 20:04:04,22.769925,114.271165,3.037356624475819,258.643960630722,-0.7639492576536178
473,2019-04-24 20:04:05,22.76992000000001,114.271138,2.273407366822201,251.27783299107017,-0.3109918916629557
473,2019-04-24 20:04:06,22.769915,114.271122,1.9624154751592453,249.2141356172136,-0.0623703428982342
473,2019-04-24 20:04:07,22.769908,114.271102,1.9000451322610112,299.86263113953726,0.3583346340470246
473,2019-04-24 20:04:08,22.769917,114.271085,2.258379766308036,254.2955104635317,0.5149421590055758
473,2019-04-24 20:04:09,22.76991,114.271058,2.773321925313612,262.86726163442665,0.3852889699236916
473,2019-04-24 20:04:10,22.769907,114.271032,3.1586108952373038,261.1931073857137,0.929273879009691
473,2019-04-24 20:04:11,22.769902,114.270997,4.087884774246994,262.9742492006789,0.8026155206969596
473,2019-04-24 20:04:12,22.769897,114.270953,4.890500294943954,257.7618959805921,0.1429918738051672
473,2019-04-24 20:04:13,22.769887,114.270903,5.033492168749121,258.02017415590865,-0.0501109672688055
473,2019-04-24 20:04:14,22.769878,114.270857,4.983381201480316,257.5198908535824,0.7254542275415448
473,2019-04-24 20:04:15,22.769868,114.270808,5.70883542902186,263.91106221442,-0.2618342710576211
473,2019-04-24 20:04:16,22.769862,114.270747,5.447001157964239,257.4924189579245,-1.1118023457189308
473,2019-04-24 20:04:17,22.769853,114.270703,4.3351988122453085,270.00000774233683,-0.330382001417898
473,2019-04-24 20:04:18,22.769853,114.27066299999998,4.0048168108274105,276.51269894729705,0.8138120739532875
473,2019-04-24 20:04:19,22.769857,114.270625,4.818628884780698,293.6524322470501,0.3961172141565132
473,2019-04-24 20:04:20,22.769878,114.270573,5.214746098937211,294.21246272134664,-0.6888444161540477
473,2019-04-24 20:04:21,22.769895,114.270532,4.525901682783164,277.02576773671854,0.3086574571503275
473,2019-04-24 20:04:22,22.7699,114.270488,4.834559139933491,272.48398983735456,0.1921360511977479
473,2019-04-24 20:04:23,22.769902,114.27043799999998,5.026695191131239,271.2943399045611,-0.0852392623036948
473,2019-04-24 20:04:24,22.769903,114.27039,4.941455928827544,278.9874207967161,-1.007208520886519
473,2019-04-24 20:04:25,22.76991,114.270342,3.9342474079410255,287.81426315684075,-0.9863645116465692
473,2019-04-24 20:04:26,22.769918,114.270315,2.9478828962944563,267.929625830391,-0.1234031599460503
473,2019-04-24 20:04:27,22.769917,114.27028500000002,2.824479736348406,265.0413464883128,0.2003979595060543
473,2019-04-24 20:04:28,22.769915,114.27026,3.0248776958544603,255.2695109132188,0.5375178058185397
473,2019-04-24 20:04:29,22.769907,114.270227,3.562395501673,253.98234980166285,-0.066767633754408
473,2019-04-24 20:04:30,22.769898,114.270193,3.495627867918592,250.71785866283997,0.326831518933655
473,2019-04-24 20:04:31,22.769888,114.270162,3.822459386852247,253.3931615818519,-0.1314104430341975
473,2019-04-24 20:04:32,22.769877,114.270122,3.69104894381805,290.44565371516177,0.220584848843369
473,2019-04-24 20:04:33,22.769888,114.27009,3.9116337926614175,295.88174807219,-0.1694368768496312
473,2019-04-24 20:04:34,22.769905,114.270052,3.742196915811787,306.407811305445,-0.5240130889386019
473,2019-04-24 20:04:35,22.769922,114.270027,3.2181838268731853,307.9846746834303,-0.3385422813924594
473,2019-04-24 20:04:36,22.76994,114.270002,2.879641545480726,305.1814855015733,-0.8333745589660166
473,2019-04-24 20:04:37,22.769953,114.269982,2.046266986514709,309.1245847567636,-0.6492554953119014
473,2019-04-24 20:04:38,22.769962,114.26997,1.3970114912028078,274.76884190188844,-0.1725783861915477
473,2019-04-24 20:04:39,22.769963,114.269957,1.22443310501126,356.36141722061427,0.264823990151432
473,2019-04-24 20:04:41,22.769992,114.269955,1.754081085314124,22.28416398639905,-0.631546615389613
473,2019-04-24 20:04:42,22.77001,114.269963,1.122534469924511,281.15480424638366,0.487310350255435
473,2019-04-24 20:04:43,22.770012,114.269952,1.609844820179946,6.072978394901497,1.3719972226608892
473,2019-04-24 20:04:44,22.770038,114.269955,2.981842042840835,28.95309203685076,-0.0450619643668264
473,2019-04-24 20:04:45,22.770063,114.26997,2.936780078474009,34.665757520782165,-0.4686295178431585
473,2019-04-24 20:04:46,22.770083,114.269985,2.4681505606308503,21.21810382299242,0.6351138016264617
473,2019-04-24 20:04:47,22.770102,114.269993,3.103264362257312,21.36439828547492,0.7665741549994518
473,2019-04-24 20:04:48,22.770135,114.270007,3.869838517256764,20.535387986335596,0.3565772370937821
473,2019-04-24 20:04:49,22.770167,114.27002,4.226415754350546,12.674590911626694,-2.476920683089549
473,2019-04-24 20:04:50,22.770208,114.27003,1.749495071260997,234.8184769752908,1.3818914122561268
473,2019-04-24 20:04:51,22.770182,114.26999,3.131386483517124,260.5274810122611,-1.674447856570607
473,2019-04-24 20:04:52,22.77018,114.269977,1.456938626946517,50.25757617378122,-0.982348341737165
473,2019-04-24 20:04:53,22.770203,114.270007,0.4745902852093519,235.192716850064,2.619312939084776
473,2019-04-24 20:04:54,22.770178,114.269968,3.093903224294128,314.45734426770593,-0.2631810585092666
473,2019-04-24 20:04:55,22.770197,114.269947,2.830722165784861,10.448688367127204,0.7948023201215468
473,2019-04-24 20:04:56,22.770227,114.269953,3.625524485906408,29.47235862151649,-0.4380709373318656
473,2019-04-24 20:04:57,22.770258,114.269972,3.1874535485745423,39.13131623438392,-1.179979592160291
473,2019-04-24 20:04:58,22.770275,114.269987,2.0074739564142514,45.40591276810602,-0.1603855158054523
473,2019-04-24 20:04:59,22.770285,114.269998,1.847088440608799,46.77389014152993,-0.5896786412351354
473,2019-04-24 20:05:00,22.770298,114.270013,1.2574097993736637,114.92880522016937,-9.641969067608613e-08
473,2019-04-24 20:05:01,22.770295,114.27002,1.257409702953973,46.77388805378996,1.4570888281081744
473,2019-04-24 20:05:02,22.770308,114.270035,2.7144985310621474,20.884032301081504,0.221668800867012
473,2019-04-24 20:05:03,22.770337,114.270047,2.9361673319291595,355.41586344250805,-0.9346586521936842
473,2019-04-24 20:05:04,22.77036,114.270045,2.0015086797354757,8.073875316556894,0.0296699462754057
473,2019-04-24 20:05:05,22.770373,114.270047,2.031178626010881,34.6656966285089,0.6157262353463797
473,2019-04-24 20:05:06,22.770393,114.270062,2.6469048613572608,30.935986319147105,0.189414384538372
473,2019-04-24 20:05:07,22.770413,114.270075,2.836319245895633,29.95438910846525,0.37048727191066
473,2019-04-24 20:05:08,22.770437,114.27009,3.2068065178062928,33.57959507479825,0.0002057962007686
473,2019-04-24 20:05:09,22.770462,114.270108,3.207012314007061,354.9008957658078,-0.0539474365012155
473,2019-04-24 20:05:10,22.770493,114.270105,3.153064877505846,34.66567209829384,-0.2635051291363512
473,2019-04-24 20:05:11,22.770517,114.270123,2.8895597483694946,28.95300787001804,-0.4406952993615509
473,2019-04-24 20:05:12,22.770537,114.270135,2.448864449007944,20.245228268784388,-0.2967235460629327
473,2019-04-24 20:05:13,22.770557,114.270143,2.152140902945011,0.0,-0.4255726282855012
473,2019-04-24 20:05:14,22.770575,114.270143,1.7265682746595097,8.073862819612259,-0.6146190082380405
473,2019-04-24 20:05:15,22.770588,114.270145,1.1119492664214692,345.24098623473884,-1.1119492664214692
473,2019-04-24 20:05:16,22.770595,114.270143,0.0,345.24098623473884,0.0
