userid,checkin_time,lat,lon,speed,direction,acceleration
092,2019-11-04 03:27:36,22.777689,113.83017,0.0,92.3436622859872,1.4372389094599065
092,2019-11-04 03:27:38,22.777687,113.830223,2.874477818919813,94.00263017902734,-0.1214440283771307
092,2019-11-04 03:27:39,22.777685,113.830254,2.753033790542682,106.47795705020512,-0.0194484455649344
092,2019-11-04 03:27:40,22.777679,113.830276,2.7335853449777474,108.85207587357765,0.218387616424754
092,2019-11-04 03:27:42,22.777662,113.83033,3.1703605778272554,113.96517317546552,-0.2962526504980645
092,2019-11-04 03:27:44,22.777637,113.830391,2.5778552768311265,140.7983425522492,-0.3413936661568598
092,2019-11-04 03:27:46,22.777611,113.830414,1.8950679445174068,159.21057979420038,0.5296181406304303
092,2019-11-04 03:27:47,22.777594,113.830421,2.424686085147837,196.0732610801004,0.299214415983333
092,2019-11-04 03:27:49,22.777546,113.830406,3.023114917114503,191.7608007868037,0.7155086490412876
092,2019-11-04 03:27:50,22.777515,113.830399,3.738623566155791,197.8126520519947,0.2705965377359545
092,2019-11-04 03:27:52,22.777449,113.830376,4.2798166416277,194.49982322952465,0.3590820607927134
092,2019-11-04 03:27:54,22.777367,113.830353,4.997980763213127,204.75009146482253,0.601633366013127
092,2019-11-04 03:27:55,22.777321,113.83033,5.599614129226254,192.0903904952727,0.1425919989540296
092,2019-11-04 03:27:57,22.777222,113.830307,5.884798127134313,201.44049056002345,0.1571662189143774
092,2019-11-04 03:27:58,22.777168,113.830284,6.04196434604869,199.4891758871634,-0.2941554314440724
092,2019-11-04 03:28:00,22.777069,113.830246,5.453653483160545,188.64174523210303,-0.32005180659465
092,2019-11-04 03:28:02,22.776978,113.830231,4.813549869971245,175.4995865363378,-0.286759795388865
092,2019-11-04 03:28:04,22.776896,113.830238,4.240030279193515,143.82360381699618,-0.4726137614339971
092,2019-11-04 03:28:05,22.776867000000006,113.830261,3.7674165177595182,112.99631319275898,0.0219890188063967
092,2019-11-04 03:28:07,22.77684,113.83033,3.811394555372312,93.2670576353388,0.3840200791733696
092,2019-11-04 03:28:08,22.776838,113.830368,4.195414634545681,61.10999016639346,0.1723263749422692
092,2019-11-04 03:28:11,22.776896,113.830482,4.712393759372489,44.96714750475542,0.8973904268005457
092,2019-11-04 03:28:12,22.776932,113.830521,5.609784186173035,44.22308137363177,0.1600640177203276
092,2019-11-04 03:28:14,22.777004,113.830597,5.92991222161369,54.38861306070169,1.7967813277281088
092,2019-11-04 03:28:15,22.777039,113.83065,7.726693549341799,75.61653568162524,0.0083030361413371
092,2019-11-04 03:28:33,22.777353,113.831978,7.876148199885867,70.78066768798857,1.4013168863827854
092,2019-11-04 03:28:34,22.77738,113.832062,9.277465086268652,73.43302474905312,-0.0163555066138592
092,2019-11-04 03:28:36,22.777428,113.832237,9.244754073040934,72.78281635781627,-0.2287759480378159
092,2019-11-04 03:28:37,22.777452,113.832321,9.015978125003118,72.78279583228385,-0.2000733535886372
092,2019-11-04 03:28:39,22.7775,113.832489,8.615831417825843,72.67697632136645,-0.3552654765507972
092,2019-11-04 03:28:41,22.777544,113.832642,7.905300464724249,73.140830446802,-2.4825321399483933
092,2019-11-04 03:28:42,22.777563,113.83271,5.422768324775856,73.46021218263803,-0.5335957177688253
092,2019-11-04 03:28:44,22.777586,113.832794,4.355576889238205,72.56990514754705,-0.2284095855667187
092,2019-11-04 03:28:45,22.777597,113.832832,4.127167303671486,72.04942709005525,0.0057338934555732
092,2019-11-04 03:28:47,22.77762,113.832909,4.138635090582633,71.09368621313655,1.0554325238965134
092,2019-11-04 03:28:48,22.777632,113.832947,5.194067614479146,73.08607173118662,0.2667495722373747
092,2019-11-04 03:28:50,22.777662,113.833054,5.727566758953896,71.87045569595409,0.5119795791898039
092,2019-11-04 03:28:51,22.777678,113.833107,6.2395463381437,74.1199519572956,0.1389721900218021
092,2019-11-04 03:28:53,22.77771,113.833229,6.517490718187304,73.18197203221894,0.1962234407271532
092,2019-11-04 03:28:55,22.777744,113.833351,6.90993759964161,74.51281448853263,0.1945300704897925
092,2019-11-04 03:28:57,22.777779,113.833488,7.298997740621195,75.03918270642941,-0.3385601581599493
092,2019-11-04 03:28:58,22.777796,113.833557,6.960437582461246,79.13764986857251,0.0833745941170773
092,2019-11-04 03:29:00,22.777819,113.833687,7.127186770695401,83.5982571605087,0.1077364011309862
092,2019-11-04 03:29:02,22.777834,113.833832,7.342659572957373,80.04887509896218,0.3686469700141295
092,2019-11-04 03:29:03,22.777845000000006,113.8339,7.711306542971503,77.6060930375167,-0.0103985043010763
092,2019-11-04 03:29:05,22.777876000000006,113.834053,7.69050953436935,72.42870611712141,0.0420475872447347
092,2019-11-04 03:29:07,22.777916,113.83419,7.77460470885882,73.42017546083355,0.2068860786255872
092,2019-11-04 03:29:09,22.777958,113.834343,8.188376866109994,71.82862275296111,0.0221142022057581
092,2019-11-04 03:29:10,22.777981,113.834419,8.210491068315752,72.67691891091005,-0.1138445433649137
092,2019-11-04 03:29:12,22.778025,113.834572,7.982801981585925,70.12362741952234,-0.871683300039269
092,2019-11-04 03:29:13,22.778048,113.834641,7.111118681546656,73.16022577334377,-0.7949808386502539
092,2019-11-04 03:29:15,22.778084,113.83477,5.521157004246148,70.3650315127303,-2.461816958341493
092,2019-11-04 03:29:17,22.778109,113.834846,0.5975230875631615,71.73238962747325,-0.032338796035982
092,2019-11-04 03:29:33,22.778116,113.834869,0.0801023509874481,0.0,2.606415960244764e-05
092,2019-11-04 03:29:48,22.778116,113.834869,0.0804933133814848,67.86745644044413,0.0651215591311494
092,2019-11-04 03:29:55,22.778122,113.834885,0.5363442272995311,69.33115218994192,1.8918734197602625
092,2019-11-04 03:29:56,22.77813,113.834908,2.4282176470597934,75.15128795856566,0.1129618639655256
092,2019-11-04 03:29:58,22.778141,113.834953,2.6541413749908447,71.14784170983518,0.5267826588777931
092,2019-11-04 03:30:00,22.778158,113.835007,3.707706692746431,73.46014399689295,0.4001303634040383
092,2019-11-04 03:30:02,22.778181,113.835091,4.507967419554507,72.11024000881457,0.1905905898581466
092,2019-11-04 03:30:04,22.778206,113.835175,4.889148599270801,75.10260077341428,0.7631639330422351
092,2019-11-04 03:30:05,22.778219,113.835228,5.652312532313036,72.93567911424776,0.8651551193277962
092,2019-11-04 03:30:06,22.778234,113.835281,6.517467651640832,74.20188725600082,0.5312067403842349
092,2019-11-04 03:30:07,22.778252,113.83535,7.048674392025067,75.05205350187941,-0.0115425709714567
092,2019-11-04 03:30:09,22.778284,113.83548,7.025589250082153,73.14074419296827,0.1086625948634463
092,2019-11-04 03:30:10,22.778303,113.835548,7.1342518449456,70.6892522878436,-0.1132368649214101
092,2019-11-04 03:30:12,22.778345,113.835678,6.907778115102779,71.33387043521594,-0.0249234256046468
092,2019-11-04 03:30:13,22.778364,113.835739,6.882854689498132,83.22778663752842,0.1734623202439165
092,2019-11-04 03:30:15,22.778379,113.835876,7.229779329985965,93.85126921332034,0.2595547930296549
092,2019-11-04 03:30:17,22.77837,113.836021,7.748888916045275,105.07614629572656,0.2421540089357612
092,2019-11-04 03:30:19,22.778332,113.836174,8.233196933916798,113.86446048978434,0.497736789483902
092,2019-11-04 03:30:20,22.77830100000001,113.83625,8.7309337234007,118.15793323268622,-0.3314894547969427
092,2019-11-04 03:30:21,22.778263,113.836327,8.399444268603757,130.18290816961974,-0.0524959677174781
092,2019-11-04 03:30:23,22.778168,113.836449,8.2944523331688,132.75537895156452,0.393035995445981
092,2019-11-04 03:30:24,22.778116,113.83651,8.687488328614782,126.94623826489214,-0.06775391974924
092,2019-11-04 03:30:26,22.778021,113.836647,8.551980489116302,119.50421932462478,-0.4108347674721706
092,2019-11-04 03:30:27,22.777985,113.836716,8.141145721644131,108.17133217737614,0.0102600378752217
092,2019-11-04 03:30:29,22.777939,113.836868,8.161665797394575,93.08479073251516,0.0344087036606497
092,2019-11-04 03:30:31,22.777931,113.837029,8.230483204715874,89.9999690275842,0.0003779569450967
092,2019-11-04 03:30:33,22.777931,113.837189,8.231239118606068,99.6182897541844,0.0348536432079846
092,2019-11-04 03:30:35,22.777906,113.837349,8.300946405022037,111.780821146657,0.2886665865529831
092,2019-11-04 03:30:36,22.777878,113.837425,8.58961299157502,116.24293910148486,0.0689425791900983
092,2019-11-04 03:30:37,22.777843,113.837502,8.658555570765119,130.33688171115796,0.222761551267812
092,2019-11-04 03:30:39,22.777742,113.837631,9.104078673300744,142.26177534498447,0.4339533540711704
092,2019-11-04 03:30:41,22.777605,113.837746,9.971985381443083,145.5112389981357,0.2284995655487529
092,2019-11-04 03:30:43,22.777452,113.83786,10.42898451254059,148.65915125303542,0.1491800121821915
092,2019-11-04 03:30:45,22.77729,113.837967,10.727344536904972,150.67756851779183,0.7335539207524153
092,2019-11-04 03:30:46,22.777203,113.83802,11.460898457657388,152.09117759101298,0.2377096172135395
092,2019-11-04 03:30:47,22.777109,113.838074,11.698608074870927,149.8554353540543,-0.0322648976936594
092,2019-11-04 03:30:49,22.776928,113.838188,11.634078279483608,151.5783881734268,0.0351697688684797
092,2019-11-04 03:30:50,22.776836,113.838242,11.669248048352088,156.84159669345115,0.489653168880972
092,2019-11-04 03:30:51,22.776739000000006,113.838287,12.15890121723306,151.58739879012234,0.2026468230525564
092,2019-11-04 03:30:53,22.776543,113.838402,12.564194863338171,147.39007702675616,0.5792115504679654
092,2019-11-04 03:30:54,22.776445,113.83847,13.143406413806138,149.80659496260228,0.1361841386332116
092,2019-11-04 03:30:56,22.776239,113.8386,13.415774691072562,149.02841482825397,0.5791862785415489
092,2019-11-04 03:30:57,22.776133,113.838669,13.99496096961411,151.84856372925503,0.154440347152275
092,2019-11-04 03:30:59,22.775909,113.838799,14.30384166391866,151.60884332144423,0.3933750443152632
092,2019-11-04 03:31:00,22.775793,113.838867,14.697216708233924,153.07411676215816,0.1213176833352811
092,2019-11-04 03:31:02,22.775557,113.838997,14.939852074904486,153.93024572706304,0.0551173504962374
092,2019-11-04 03:31:04,22.775312,113.839127,15.05008677589696,155.24954551252324,-0.105330672880159
092,2019-11-04 03:31:06,22.775068,113.839249,14.839425430136645,151.60869562090642,-0.2421417906856557
092,2019-11-04 03:31:07,22.774952,113.839317,14.597283639450987,150.94185792292768,-0.0648490525122262
092,2019-11-04 03:31:09,22.774723,113.839455,14.467585534426536,150.75959681621896,-0.1063351009300674
092,2019-11-04 03:31:10,22.774611,113.839523,14.361250433496467,148.94234226679453,0.0003204538843224
092,2019-11-04 03:31:12,22.774389000000006,113.839668,14.361891341265112,146.43484819443324,0.0434207322615609
092,2019-11-04 03:31:13,22.774282,113.839745,14.405312073526671,144.17172975024613,0.1124556890594181
092,2019-11-04 03:31:14,22.774176,113.839828,14.517767762586091,143.58634130593032,-0.0048108889516793
092,2019-11-04 03:31:16,22.773966,113.839996,14.508145984682733,143.58632597913208,0.5377785374681352
092,2019-11-04 03:31:17,22.773861,113.84008,15.045924522150868,140.2833351892109,0.1344187850494762
092,2019-11-04 03:31:19,22.773649,113.840271,15.31476209224982,138.45152172465004,-0.1621593773471215
092,2019-11-04 03:31:20,22.773546,113.84037,15.1526027149027,141.0657678082,0.3684595890540212
092,2019-11-04 03:31:21,22.773441,113.84046200000002,15.52106230395672,138.0066063261155,0.1067351800848568
092,2019-11-04 03:31:23,22.77323,113.840668,15.734532664126434,139.5322684015872,0.0834777955320422
092,2019-11-04 03:31:24,22.773123,113.840767,15.818010459658476,138.40845134246416,0.1446053530284059
092,2019-11-04 03:31:26,22.772909,113.840973,16.107221165715288,137.7197168378603,0.2419259095714654
092,2019-11-04 03:31:28,22.772692000000006,113.841187,16.59107298485822,137.07076778588242,0.1628072492152803
092,2019-11-04 03:31:29,22.772579,113.841301,16.7538802340735,137.8507724057589,-0.2820485503625427
092,2019-11-04 03:31:30,22.77247,113.841408,16.471831683710956,138.62358320167505,0.3114590464576992
092,2019-11-04 03:31:31,22.772358,113.841515,16.783290730168655,137.83411961696197,0.0675590747516245
092,2019-11-04 03:31:33,22.772133,113.841736,16.918408879671905,138.08624213345468,0.0653783007395709
092,2019-11-04 03:31:35,22.771906,113.841957,17.049165481151046,136.82097924793936,-0.1829239912743077
092,2019-11-04 03:31:36,22.771793,113.842072,16.86624148987674,139.13399967467723,-0.0699221455793353
092,2019-11-04 03:31:38,22.771566,113.842285,16.726397198718068,139.12578047633428,0.0048966937935706
092,2019-11-04 03:31:40,22.771338,113.842499,16.73619058630521,138.87581803941362,-0.2672821119563586
092,2019-11-04 03:31:41,22.771225,113.842606,16.46890847434885,141.6793815442186,-0.0864338387863892
092,2019-11-04 03:31:43,22.770994,113.842804,16.296040796776072,144.28785345118382,0.0140621124809356
092,2019-11-04 03:31:44,22.770876,113.842896,16.310102909257008,143.5279708966665,0.0347077673156217
092,2019-11-04 03:31:46,22.770639000000006,113.843086,16.37951844388825,146.5876505758232,0.0464649592349903
092,2019-11-04 03:31:48,22.770393,113.843262,16.472448362358232,145.9147224440885,-0.4846080706233984
092,2019-11-04 03:31:49,22.770269,113.843353,15.987840291734834,148.420512997611,-0.0371432022735902
092,2019-11-04 03:31:51,22.770029,113.843513,15.913553887187652,149.2976675892197,0.1349263517359649
092,2019-11-04 03:31:53,22.769779,113.843674,16.183406590659583,151.30025950600782,0.2873595856903392
092,2019-11-04 03:31:54,22.769651,113.84375,16.470766176349922,152.21539967183912,-0.0717730360845827
092,2019-11-04 03:31:55,22.769518,113.843826,16.39899314026534,154.18116931130237,-0.0707260541362924
092,2019-11-04 03:31:57,22.769255,113.843964,16.257541031992755,154.42888631549044,-0.064328709705915
092,2019-11-04 03:31:59,22.768991,113.844101,16.128883612580925,156.76312535061084,-0.1059626861507219
092,2019-11-04 03:32:00,22.76886,113.844162,16.022920926430203,157.15319230328555,0.0335831459085227
092,2019-11-04 03:32:02,22.768593,113.844284,16.09008721824725,160.23467832326514,0.0488158142650512
092,2019-11-04 03:32:03,22.768457,113.844337,16.1389030325123,160.0264998717173,0.3182789259408025
092,2019-11-04 03:32:04,22.768320000000006,113.844391,16.457181958453102,162.1810862644027,0.116739706448417
092,2019-11-04 03:32:06,22.768036,113.84449,16.690661371349936,163.6946237715473,0.0849555900326493
092,2019-11-04 03:32:08,22.767746,113.844582,16.860572551415235,164.23721583951465,0.0692291821838324
092,2019-11-04 03:32:09,22.767599,113.844627,16.929801733599067,165.2406450146874,0.0594582308183593
092,2019-11-04 03:32:11,22.767305,113.844711,17.048718195235786,167.0188712747838,0.3700151547234931
092,2019-11-04 03:32:12,22.767153,113.844749,17.41873334995928,169.6833963384022,0.0881796855039773
092,2019-11-04 03:32:14,22.766844,113.84481,17.595092720967234,171.01743808485276,0.0472672467386434
092,2019-11-04 03:32:16,22.766529,113.844864,17.68962721444452,174.9970677966487,0.2304109684590294
092,2019-11-04 03:32:17,22.766371,113.844879,17.92003818290355,173.80867989172384,0.075482733058946
092,2019-11-04 03:32:19,22.766048,113.844917,18.07100364902144,174.79637142722663,-0.0188758049323105
092,2019-11-04 03:32:20,22.765886,113.844933,18.05212784408913,177.71833659012304,0.1993347554207609
092,2019-11-04 03:32:21,22.765724,113.84494,18.25146259950989,177.59993801063695,0.0699559642853397
092,2019-11-04 03:32:23,22.765394,113.844955,18.39137452808057,180.0,-0.0812766072611097
092,2019-11-04 03:32:24,22.765228,113.844955,18.310097920819462,180.0,-0.036280332899464
092,2019-11-04 03:32:26,22.7649,113.844955,18.23753725502053,182.25388341225243,0.1752609428486451
092,2019-11-04 03:32:27,22.764736,113.844948,18.41279819786918,183.6551268813496,-0.0899047293901311
092,2019-11-04 03:32:29,22.76440400000001,113.844925,18.23298873908892,185.07308648404572,-0.1007912773098116
092,2019-11-04 03:32:31,22.764082,113.844894,18.031406184469294,188.6302329014204,0.0659010375745055
092,2019-11-04 03:32:33,22.76376,113.844841,18.163208259618305,187.41331073901625,-0.03208373405376
092,2019-11-04 03:32:34,22.763597,113.844818,18.131124525564545,189.9694624044351,-0.0350622852429918
092,2019-11-04 03:32:36,22.763277,113.844757,18.06099995507856,189.80924020070768,-0.2244650439600697
092,2019-11-04 03:32:37,22.763117,113.844727,17.83653491111849,192.86048763528328,-0.1074665893201949
092,2019-11-04 03:32:39,22.762806,113.84465,17.6216017324781,192.8589377201667,0.0061940170695251
092,2019-11-04 03:32:41,22.762499,113.844574,17.63398976661715,192.5815124927377,-0.0513128624782197
092,2019-11-04 03:32:42,22.762342,113.844536,17.582676904138932,191.708879587204,0.0651500695772924
092,2019-11-04 03:32:44,22.762035,113.844467,17.712977043293517,192.5044503749931,0.1277774148072445
092,2019-11-04 03:32:46,22.761719,113.844391,17.968531872908006,192.54292077925464,-0.0369625656180421
092,2019-11-04 03:32:48,22.761404,113.844315,17.89460674167192,192.98167113147417,0.0579954092009522
092,2019-11-04 03:32:49,22.761248,113.844276,17.952602150872874,192.4283123768824,-0.3186025616332841
092,2019-11-04 03:32:50,22.761089,113.844238,17.63399958923959,192.9405860950137,-0.14793735108044
092,2019-11-04 03:32:52,22.760784,113.844162,17.33812488707871,194.43129657896105,-0.1087338209037156
092,2019-11-04 03:32:54,22.760483,113.844078,17.12065724527128,193.40761494759784,-0.1006143452693812
092,2019-11-04 03:32:55,22.760336,113.84404,17.020042900001897,193.0648006783425,0.0439246277639888
092,2019-11-04 03:32:56,22.760185,113.844002,17.063967527765886,193.4454398950785,-0.0284882831163404
092,2019-11-04 03:32:58,22.759888,113.843925,17.006990961533205,191.8058562901913,-0.0218188413805133
092,2019-11-04 03:33:00,22.759588,113.843857,16.96335327877218,192.09193232871343,-0.0084950756618678
092,2019-11-04 03:33:02,22.759291,113.843788,16.946363127448443,190.3818259047197,0.201529112302282
092,2019-11-04 03:33:03,22.75914,113.843758,17.147892239750725,193.2732258001339,0.0652392954929332
092,2019-11-04 03:33:05,22.758839,113.843681,17.27837083073659,191.58076904576808,0.0057417813048079
092,2019-11-04 03:33:07,22.758533,113.843613,17.289854393346207,191.85942355977716,0.0162193211034811
092,2019-11-04 03:33:09,22.75823,113.843544,17.32229303555317,191.70922240267015,0.1209716038261881
092,2019-11-04 03:33:11,22.757923,113.843475,17.564236243205546,189.9313322515834,0.1585098090874659
092,2019-11-04 03:33:12,22.757765,113.843445,17.72274605229301,187.69362362100944,0.1470580261309457
092,2019-11-04 03:33:13,22.757608,113.843422,17.869804078423957,188.683757466176,-0.0183350143639362
092,2019-11-04 03:33:15,22.757288,113.843369,17.833134049696085,187.7423720692485,-0.2782338692310269
092,2019-11-04 03:33:16,22.757132,113.843346,17.554900180465058,185.18548817511825,0.0489143872629966
092,2019-11-04 03:33:18,22.756817,113.843315,17.65272895499105,181.3247973474961,0.1129954926362408
092,2019-11-04 03:33:20,22.756498,113.843307,17.878719940263533,181.1413639699976,0.0682235183275352
092,2019-11-04 03:33:22,22.756174,113.8433,18.015166976918604,180.0,0.0004863675620256
092,2019-11-04 03:33:23,22.756012,113.8433,18.01565334448063,181.3043677903204,-0.055591016853242
092,2019-11-04 03:33:25,22.755688,113.843292,17.904471310774145,180.0,-0.5024652908802842
092,2019-11-04 03:33:26,22.755529,113.843292,17.40200601989386,180.0,-0.0926624388242451
092,2019-11-04 03:33:27,22.755375,113.843292,17.309343581069616,180.0,0.0747322184308973
092,2019-11-04 03:33:29,22.755062,113.843292,17.45880801793141,178.65836875171362,0.000468405041234
092,2019-11-04 03:33:31,22.754747,113.8433,17.45974482801388,180.0,-0.2245311980979707
092,2019-11-04 03:33:32,22.754591,113.8433,17.235213629915908,180.0,-0.0370649755179108
092,2019-11-04 03:33:34,22.754282,113.8433,17.161083678880086,180.0,-0.0926624390010779
092,2019-11-04 03:33:35,22.754128,113.8433,17.068421239879008,180.0,-0.0185324878473736
092,2019-11-04 03:33:36,22.753975,113.8433,17.049888752031634,180.0,0.009266243923685
092,2019-11-04 03:33:38,22.753668,113.8433,17.068421239879005,180.0,0.0659505522090686
092,2019-11-04 03:33:40,22.753361,113.8433,17.200322344297142,182.69035142357828,0.0898380100330129
092,2019-11-04 03:33:41,22.753204,113.843292,17.290160354330155,182.5631966620383,-0.0555395710871735
092,2019-11-04 03:33:43,22.752895,113.843277,17.179081212155808,182.7426908901537,0.0740527041501515
092,2019-11-04 03:33:44,22.752741,113.843269,17.25313391630596,182.54674351168973,0.0551574332023943
092,2019-11-04 03:33:46,22.75243,113.843254,17.363448782710748,182.5304974010735,3.876406040603797e-08
092,2019-11-04 03:33:48,22.752117,113.84323899999998,17.36344886023887,182.5467551262091,-0.047847016446509
092,2019-11-04 03:33:50,22.751806,113.843224,17.26775482734585,185.4729130365565,-0.1254900989039207
092,2019-11-04 03:33:51,22.751652,113.843208,17.14226472844193,185.16611557659928,-0.532306862492316
092,2019-11-04 03:33:52,22.751499,113.843193,16.609957865949614,182.9126718060019,-0.8240028489304514
092,2019-11-04 03:33:53,22.751354,113.843185,15.785955017019162,184.14429945810411,-0.0369862888901089
092,2019-11-04 03:33:55,22.751074,113.843163,15.711982439238945,182.95334598455827,0.3185455796709391
092,2019-11-04 03:33:56,22.750931,113.843155,16.030528018909884,185.6688505165156,0.0846108125194202
092,2019-11-04 03:33:58,22.750643,113.843124,16.199749643948724,185.37580535566408,0.4395414818167076
092,2019-11-04 03:33:59,22.750496,113.843109,16.639291125765432,185.26891202232005,0.0569477827799413
092,2019-11-04 03:34:01,22.750196,113.843079,16.753186691325315,185.61800138482556,0.2120857486863698
092,2019-11-04 03:34:02,22.750046,113.843063,16.965272440011685,186.5543939360062,0.142610370321119
092,2019-11-04 03:34:04,22.749741,113.843025,17.250493180653923,187.694070110958,0.4047948483368664
092,2019-11-04 03:34:05,22.749584,113.843002,17.65528802899079,186.3281402435344,0.0368068113390922
092,2019-11-04 03:34:07,22.749268,113.842964,17.728901651668973,187.59845329482428,0.1628238098354053
092,2019-11-04 03:34:08,22.749109,113.842941,17.89172546150438,187.55152144874413,-0.5739484056816728
092,2019-11-04 03:34:09,22.748949,113.842918,17.317777055822706,187.79881556027496,-0.1545609937277117
092,2019-11-04 03:34:11,22.748646,113.842873,17.008655068367283,189.3637440208888,-0.3268557479603124
092,2019-11-04 03:34:13,22.748344,113.842819,16.354943572446658,189.9717026241152,-0.4967604391792051
092,2019-11-04 03:34:15,22.748066,113.842766,15.361422694088247,189.0278993467745,-0.1000090707491558
092,2019-11-04 03:34:17,22.747799,113.84272,15.161404552589936,191.4987823701949,0.1032241784114926
092,2019-11-04 03:34:18,22.747663,113.84269,15.264628731001428,192.08722030250183,-0.0241832639153747
092,2019-11-04 03:34:20,22.747396,113.842628,15.21626220317068,190.26103995286215,0.087915383368232
092,2019-11-04 03:34:22,22.747126,113.842575,15.392092969907145,190.07835424667624,0.0490357506943599
092,2019-11-04 03:34:24,22.746851,113.842522,15.490164471295865,188.80098518426743,-0.0615884144863159
092,2019-11-04 03:34:25,22.746714,113.842499,15.428576056809549,191.87145856004008,0.3805209533489648
092,2019-11-04 03:34:26,22.746578,113.842468,15.809097010158512,191.2817558513288,0.2239440722596954
092,2019-11-04 03:34:28,22.746296,113.842407,16.256985154677903,193.40895708714416,0.3482237550289149
092,2019-11-04 03:34:29,22.746149,113.842369,16.605208909706818,192.376094010264,-0.0653190665593808
092,2019-11-04 03:34:31,22.745859,113.8423,16.474570776588056,190.80254232921797,0.2931807265631825
092,2019-11-04 03:34:32,22.745714000000003,113.84227,16.76775150315124,193.15024116218905,0.5849920117309502
092,2019-11-04 03:34:33,22.745564,113.842232,17.35274351488219,193.06509451104083,-0.0360968400143058
092,2019-11-04 03:34:35,22.745258,113.842155,17.280549834853577,193.32169413244333,-0.4472111113408594
092,2019-11-04 03:34:36,22.74511,113.842117,16.833338723512718,194.8583279803445,-0.0186332804730273
092,2019-11-04 03:34:38,22.744818,113.842033,16.796072162566663,194.85835832147947,-0.1334705681311607
092,2019-11-04 03:34:40,22.744526,113.841949,16.52913102630434,193.86336838625795,-0.1169238157649967
092,2019-11-04 03:34:42,22.744242,113.841873,16.295283394774348,196.74511677834025,0.351990552591868
092,2019-11-04 03:34:43,22.744101,113.841827,16.647273947366216,196.14009633040493,0.035575359115711
092,2019-11-04 03:34:45,22.743811,113.841736,16.718424665597638,196.5238228572858,-0.0629454082856249
092,2019-11-04 03:34:46,22.743668,113.84169,16.655479257312013,197.7051060904444,-0.0217147786967242
092,2019-11-04 03:34:48,22.743382,113.841591,16.612049699918565,197.88093265566204,-0.0529190716744754
092,2019-11-04 03:34:50,22.743099,113.841492,16.506211556569614,197.9403174238332,-0.0314527339701786
092,2019-11-04 03:34:52,22.742817,113.841393,16.443306088629257,196.74528158406585,0.0305751728716821
092,2019-11-04 03:34:53,22.742676,113.841347,16.47388126150094,193.58744223990752,0.1830562807443385
092,2019-11-04 03:34:54,22.742531,113.841309,16.656937542245277,197.8727585203148,0.0741396454815106
092,2019-11-04 03:34:56,22.742245,113.841209,16.8052168332083,197.47602969685923,0.0189051292222295
092,2019-11-04 03:34:58,22.741955,113.84111,16.843027091652758,196.14033654724636,0.0545967940086544
092,2019-11-04 03:35:00,22.741665,113.841019,16.952220679670067,195.99485247253835,0.0658807046846554
092,2019-11-04 03:35:02,22.741369,113.840927,17.083982089039377,196.0980576807937,-0.1388347974129971
092,2019-11-04 03:35:03,22.741222,113.840881,16.94514729162638,195.8682562620391,0.1650782267156287
092,2019-11-04 03:35:04,22.741076,113.840836,17.11022551834201,195.8930088127398,-0.0229936680356086
092,2019-11-04 03:35:06,22.740778,113.840744,17.064238182270792,194.7621264862456,0.040709316093018
092,2019-11-04 03:35:08,22.740484,113.84066,17.145656814456828,194.3420240534248,0.0594916323919072
092,2019-11-04 03:35:10,22.740181,113.840576,17.264640079240642,193.2359180999782,-0.0640099594512015
092,2019-11-04 03:35:11,22.740032,113.840538,17.20063011978944,193.0250384147785,0.0418151453339721
092,2019-11-04 03:35:13,22.739729,113.84046200000002,17.284260410457385,194.4334276709409,-0.045770054837904
092,2019-11-04 03:35:15,22.739428,113.840378,17.192720300781577,193.23598843602824,-0.0203911344675518
092,2019-11-04 03:35:16,22.739279,113.84034,17.172329166314025,193.23267869626235,-0.0180388024120681
092,2019-11-04 03:35:18,22.738977,113.840263,17.13625156148989,193.32228446331737,0.0044976306348942
092,2019-11-04 03:35:19,22.738829,113.840225,17.140749192124783,191.65654042842067,0.0145832045093321
092,2019-11-04 03:35:21,22.738525,113.840157,17.169915601143448,193.3607801582641,-0.0407033298534518
092,2019-11-04 03:35:23,22.738226,113.84008,17.088508941436544,191.76954338352672,-0.006456528447547
092,2019-11-04 03:35:25,22.737925,113.84001200000002,17.07559588454145,193.57172020223337,-0.0252272072379078
092,2019-11-04 03:35:26,22.737776,113.839973,17.050368677303542,190.38342510184512,0.2353248470294389
092,2019-11-04 03:35:27,22.737625,113.839943,17.28569352433298,192.94273360759385,0.0642836543195102
092,2019-11-04 03:35:29,22.73732,113.839867,17.414260832972,191.7109647577755,0.0271608110993728
092,2019-11-04 03:35:31,22.737013,113.839798,17.468582455170747,192.86128460319657,-0.0617473753146367
092,2019-11-04 03:35:33,22.736706,113.839722,17.345087704541474,193.2362426896791,-0.5475912382709289
092,2019-11-04 03:35:34,22.736557,113.839684,16.797496466270545,194.9571156411412,-0.1079387892639296
092,2019-11-04 03:35:36,22.736267,113.8396,16.581618887742685,196.74603899934905,-0.2145990273183429
092,2019-11-04 03:35:37,22.736126,113.839554,16.367019860424342,193.77093833909413,0.0063103473963685
092,2019-11-04 03:35:39,22.73584,113.839478,16.37964055521708,194.11902596457892,-0.103783391866667
092,2019-11-04 03:35:40,22.735697,113.83943899999998,16.275857163350413,193.95871055003624,-0.1595874511925572
092,2019-11-04 03:35:41,22.735556,113.839401,16.116269712157855,195.51900759849903,-0.0757664249439402
092,2019-11-04 03:35:43,22.735277,113.839317,15.964736862269977,195.7882286331922,-0.1738375919456753
092,2019-11-04 03:35:45,22.735003,113.839233,15.617061678378624,196.23840688032263,-0.2342833168847669
092,2019-11-04 03:35:47,22.734737,113.839149,15.14849504460909,198.36770140215532,-1.4817879784533687
092,2019-11-04 03:35:48,22.734612,113.839104,13.666707066155722,199.0787067204876,-0.4244867932842702
092,2019-11-04 03:35:50,22.734388,113.83902,12.81773347958718,198.79182797003745,-1.3606157639489993
092,2019-11-04 03:35:51,22.734285,113.838982,11.457117715638182,197.0893068167613,-0.9190480911836296
092,2019-11-04 03:35:52,22.734192,113.838951,10.538069624454552,197.4543609129232,-0.7825057552857952
092,2019-11-04 03:35:53,22.734104,113.838921,9.755563869168755,204.47704296369847,-0.2156130790602501
092,2019-11-04 03:35:55,22.733948,113.838844,9.324337711048257,211.0271782077773,-0.9592272853261594
092,2019-11-04 03:35:56,22.733879,113.838799,8.365110425722097,215.71952409990595,-0.1589522458813261
092,2019-11-04 03:35:58,22.733761,113.838707,8.047205933959445,209.0878258537414,0.1859074450637798
092,2019-11-04 03:35:59,22.733698,113.838669,8.233113379023225,205.07666557448803,0.0777646465561296
092,2019-11-04 03:36:01,22.733562,113.8386,8.388642672135484,198.7504177172685,-0.0386443109918337
092,2019-11-04 03:36:03,22.733418,113.838547,8.311354050151817,197.0894058859439,-0.249061273068575
092,2019-11-04 03:36:04,22.733349,113.838524,8.062292777083242,196.9735684208032,-0.0354282528156058
092,2019-11-04 03:36:06,22.73321,113.838478,7.99143627145203,197.5685944938223,-0.2411826831394661
092,2019-11-04 03:36:07,22.733143,113.838455,7.750253588312564,200.6073144624052,0.0134862833782762
092,2019-11-04 03:36:09,22.733013,113.838402,7.777226155069116,203.743437013283,0.0032452502782529
092,2019-11-04 03:36:10,22.732948,113.838371,7.780471405347369,203.8934688146884,-0.0068776124541471
092,2019-11-04 03:36:12,22.732821,113.83831,7.766716180439075,203.058723661933,0.0794519641584976
092,2019-11-04 03:36:13,22.732756,113.83828,7.846168144597573,200.6720940145885,-0.0971937690679896
092,2019-11-04 03:36:15,22.732624,113.838226,7.651780606461593,204.75724085117116,-0.7566109589876455
092,2019-11-04 03:36:17,22.732502,113.838165,6.138558688486302,208.63940843713905,-0.8513743236508691
092,2019-11-04 03:36:19,22.732426,113.83812,4.435810041184564,233.7037084389476,-0.6490598374570657
092,2019-11-04 03:36:20,22.732405,113.838089,3.7867502037274985,240.7686812687368,-0.5079969110353435
092,2019-11-04 03:36:21,22.732389,113.838058,3.278753292692155,260.91156337757144,-0.0751310843566479
092,2019-11-04 03:36:23,22.73238,113.837997,3.128491123978859,281.0626749867281,-0.1024925195424228
092,2019-11-04 03:36:25,22.732391,113.837936,2.9235060848940133,291.51747708955,-1.3160488574515437
092,2019-11-04 03:36:26,22.732399,113.83791399999998,1.6074572274424697,298.4626388939464,-0.0016494456368363
092,2019-11-04 03:36:31,22.73243,113.837852,1.599209999258288,289.03341680052625,1.0105202574368095
092,2019-11-04 03:36:32,22.732437,113.83783,2.609730256695097,300.5087995549593,0.2242212109252124
092,2019-11-04 03:36:34,22.732462,113.837784,3.0581726785455223,300.73462448200746,1.6859139258599574
092,2019-11-04 03:36:35,22.732479,113.837753,4.74408660440548,297.6653413279756,0.4255044521934938
092,2019-11-04 03:36:37,22.732523,113.837662,5.595095508792467,301.06253478447223,0.427624689218125
092,2019-11-04 03:36:39,22.732578,113.837563,6.4503448872287175,302.2797465425981,0.1825047656925233
092,2019-11-04 03:36:41,22.732645,113.837448,6.815354418613764,303.2098229461185,0.2028347063461044
092,2019-11-04 03:36:42,22.732677,113.837395,7.018189124959869,300.7710788410209,0.3859592614074607
092,2019-11-04 03:36:44,22.732744,113.837273,7.79010764777479,301.500962620001,0.5183779928763799
092,2019-11-04 03:36:46,22.732822,113.837135,8.82686363352755,298.7619568269862,0.2108894195961692
092,2019-11-04 03:36:48,22.732903,113.836975,9.248642472719888,300.3238865924656,0.3325397514479657
092,2019-11-04 03:36:49,22.732944,113.836899,9.581182224167854,301.78064980795864,0.3259673768994187
092,2019-11-04 03:36:50,22.732992000000007,113.836815,9.907149601067273,298.4627681268397,-0.2095032243978316
092,2019-11-04 03:36:52,22.733076,113.836647,9.48814315227161,298.4627610676521,-1.7887514548316998
092,2019-11-04 03:36:53,22.733114,113.836571,7.69939169743991,298.46277864234844,-0.8718630549335162
092,2019-11-04 03:36:55,22.733175,113.836449,5.955665587572877,296.1272537748408,-0.847369850135387
092,2019-11-04 03:36:57,22.733213,113.836365,4.260925887302103,270.000014877641,-0.1266367176346801
092,2019-11-04 03:36:59,22.733213,113.83628799999998,4.007652452032743,239.07084156056155,0.1774452976011726
092,2019-11-04 03:37:00,22.73319200000001,113.83625,4.185097749633916,213.7992262763165,0.1169411998438936
092,2019-11-04 03:37:02,22.73313,113.836205,4.418980149321703,210.1645129611885,0.2974737520414563
092,2019-11-04 03:37:04,22.733057,113.836159,5.013927653404616,211.27360773480183,0.1401541475144254
092,2019-11-04 03:37:06,22.732975,113.836105,5.2942359484334665,216.060023124262,-0.4268023729102967
092,2019-11-04 03:37:07,22.732937,113.836075,4.86743357552317,221.76602661481527,0.1731392261817532
092,2019-11-04 03:37:09,22.732874,113.836014,5.213712027886676,218.53894910536903,1.0144508112593966
092,2019-11-04 03:37:10,22.73283,113.835976,6.228162839146073,214.67308969702125,-0.01498002943018
092,2019-11-04 03:37:12,22.732738,113.835907,6.198202780285713,219.18249785390896,-0.1781017628818357
092,2019-11-04 03:37:13,22.732695,113.835869,6.020101017403877,216.5014300040494,-0.5353730352285959
092,2019-11-04 03:37:15,22.732609,113.8358,4.949354946946685,216.66132228034692,-2.0340749623189325
092,2019-11-04 03:37:17,22.732552,113.835754,0.8812050223088201,230.7301891793448,-0.0387832614095573
092,2019-11-04 03:37:33,22.732506,113.835693,0.2606728397559028,0.0,-0.0173781893170601
092,2019-11-04 03:37:48,22.732506,113.835693,0.0,0.0,0.0
092,2019-11-04 03:38:03,22.732506,113.835693,0.0,0.0,0.0
092,2019-11-04 03:38:18,22.732506,113.835693,0.0,0.0,0.0
092,2019-11-04 03:38:33,22.732506,113.835693,0.0,0.0,0.0
092,2019-11-04 03:38:48,22.732506,113.835693,0.0,0.0,0.0
092,2019-11-04 03:39:03,22.732506,113.835693,0.0,0.0,0.0
092,2019-11-04 03:39:18,22.732506,113.835693,0.0,0.0,0.0
092,2019-11-04 03:39:33,22.732506,113.835693,0.0,0.0,0.0
092,2019-11-04 03:39:48,22.732506,113.835693,0.0,0.0,0.0
092,2019-11-04 03:40:03,22.732506,113.835693,0.0,0.0,0.0
092,2019-11-04 03:40:18,22.732506,113.835693,0.0,0.0,0.0
092,2019-11-04 03:40:33,22.732506,113.835693,0.0,0.0,0.0
092,2019-11-04 03:40:48,22.732506,113.835693,0.0,0.0,0.0
092,2019-11-04 03:41:03,22.732506,113.835693,0.0,0.0,0.0
092,2019-11-04 03:41:18,22.732506,113.835693,0.0,0.0,0.0
092,2019-11-04 03:41:33,22.732506,113.835693,0.0,0.0,0.0
092,2019-11-04 03:41:48,22.732506,113.835693,0.0,0.0,0.0
092,2019-11-04 03:42:03,22.732506,113.835693,0.0,0.0,0.0
