userid,checkin_time,lat,lon,speed,direction,acceleration
541,2019-10-07 09:09:19,22.694267,113.828338,0.0,334.48976940748537,1.0864773264741636
541,2019-10-07 09:09:21,22.694296,113.828323,2.1729546529483272,346.05082884703967,1.4441129833851885
541,2019-10-07 09:09:22,22.694322,113.828316,3.617067636333516,351.012776616069,0.5379397868553208
541,2019-10-07 09:09:24,22.694392,113.828304,4.692947210044157,356.7671291864765,0.8290462656998954
541,2019-10-07 09:09:26,22.69449,113.828298,6.351039741443948,351.0584845089628,0.6704804411160095
541,2019-10-07 09:09:28,22.694619,113.828276,7.692000623675967,351.03218432512773,1.013186039972898
541,2019-10-07 09:09:29,22.694695,113.828263,8.705186663648865,353.6293709824356,0.1261690004124949
541,2019-10-07 09:09:31,22.694852,113.828244,8.957524664473855,352.90212767920013,0.3090516861666286
541,2019-10-07 09:09:33,22.695015,113.828222,9.575628036807112,354.2349256980244,0.1724520713064166
541,2019-10-07 09:09:36,22.69528,113.828193,10.092984250726362,352.8788621995333,0.6524756043309488
541,2019-10-07 09:09:37,22.695376,113.82818,10.74545985505731,353.965617914027,-0.4642196185846128
541,2019-10-07 09:09:38,22.695472,113.828169,10.281240236472698,354.4379539380484,-0.1221530161773687
541,2019-10-07 09:09:40,22.695652,113.82815,10.03693420411796,342.90618291703174,0.2881796805885042
541,2019-10-07 09:09:42,22.695826,113.828092,10.613293565294969,339.83962200071704,0.912896408172216
541,2019-10-07 09:09:43,22.695924,113.828053,11.526189973467185,343.8868433983248,-0.9626471314374428
541,2019-10-07 09:09:44,22.696023,113.828022,10.563542842029742,344.10957731284526,-0.6161763983089941
541,2019-10-07 09:09:46,22.69619800000001,113.827968,9.331190045411754,357.0247066366049,-1.1808719426728107
541,2019-10-07 09:09:47,22.696269,113.827964,8.150318102738943,19.08361526601641,0.2164742164456798
541,2019-10-07 09:09:49,22.696413,113.828018,8.583266535630303,32.52374070780729,0.1212724885087119
541,2019-10-07 09:09:50,22.696481,113.828065,8.704539024139015,47.72571075502009,-0.0828983945914512
541,2019-10-07 09:09:51,22.696533,113.828127,8.621640629547564,63.14625779296705,0.0778365799141225
541,2019-10-07 09:09:53,22.696604,113.828279,8.777313789375809,84.40380480226622,0.1251956473963211
541,2019-10-07 09:09:55,22.696620000000006,113.828456,9.027705084168453,102.64018429111616,-0.005299678187864
541,2019-10-07 09:09:56,22.696602,113.828543,9.022405405980589,118.91882822684124,-0.1235464829519621
541,2019-10-07 09:09:58,22.69652300000001,113.828698,8.775312440076663,151.75938186228632,0.2139562948608659
541,2019-10-07 09:10:00,22.696377,113.828783,9.203225029798396,176.6428699855736,0.3380410044007007
541,2019-10-07 09:10:02,22.696204,113.828794,9.879307038599796,192.91831184636723,-0.2269282048588339
541,2019-10-07 09:10:04,22.696023,113.828749,9.425450628882128,219.1020275646516,-0.3600590853412706
541,2019-10-07 09:10:06,22.695897,113.82863799999998,8.705332458199587,262.2036760167288,1.5575595221487646
541,2019-10-07 09:10:07,22.695885,113.828543,10.262891980348352,280.82890640015944,0.1482342824159666
541,2019-10-07 09:10:09,22.695921,113.828339,10.559360545180285,296.08262434577256,0.2205000398589778
541,2019-10-07 09:10:10,22.695963,113.828246,10.779860585039264,300.5021331343796,0.4375086553062548
541,2019-10-07 09:10:11,22.696013,113.828154,11.217369240345516,304.2612130374196,0.2369787178497091
541,2019-10-07 09:10:13,22.696128,113.827971,11.691326676044936,303.90270390064444,0.8272374012962
541,2019-10-07 09:10:14,22.69619,113.827871,12.518564077341136,303.54400373273273,0.1471003170595182
541,2019-10-07 09:10:15,22.696253,113.827768,12.665664394400654,304.2203108925487,-0.2574843433103861
541,2019-10-07 09:10:16,22.696317,113.827666,12.408180051090268,300.7352065271364,0.0254514180528264
541,2019-10-07 09:10:18,22.69643,113.82746000000002,12.45908288719592,301.89639554527986,0.2987937334150192
541,2019-10-07 09:10:20,22.69655,113.827251,13.05667035402596,302.40494120879504,0.1320302453554012
541,2019-10-07 09:10:22,22.69668,113.827029,13.320730844736762,303.03857565884374,-0.1625592762699224
541,2019-10-07 09:10:24,22.696809,113.82681399999998,12.995612292196917,303.54412297742925,-1.7202115429351608
541,2019-10-07 09:10:25,22.696872,113.82671100000002,11.275400749261756,329.39473617331225,-0.565357966526352
541,2019-10-07 09:10:27,22.697042,113.826602,10.144684816209052,359.1190925718849,-0.1915808530934004
541,2019-10-07 09:10:29,22.697222,113.826599,9.761523110022251,19.79998898887095,0.1154144600188136
541,2019-10-07 09:10:30,22.69730400000001,113.826631,9.876937570041065,39.35344574182472,0.4903833521509018
541,2019-10-07 09:10:31,22.697376,113.826695,10.367320922191968,55.44774415210372,-0.5659047620218445
541,2019-10-07 09:10:32,22.69743,113.82678,9.801416160170122,73.47315089901849,-0.4044437438179731
541,2019-10-07 09:10:34,22.697479,113.826959,8.992528672534176,91.57188237597283,-1.4860820450131491
541,2019-10-07 09:10:35,22.697477,113.827038,7.506446627521027,115.25044157840092,-0.3261440980823993
541,2019-10-07 09:10:37,22.69742,113.827169,6.854158431356228,135.30970960515845,-0.2291410252942469
541,2019-10-07 09:10:39,22.697337,113.827258,6.395876380767734,146.28159756921838,0.2526128276054322
541,2019-10-07 09:10:40,22.69729,113.827292,6.648489208373166,155.2371355376623,0.1681127130392132
541,2019-10-07 09:10:42,22.697178,113.827348,6.984714634451593,166.230761861558,1.1678532240256958
541,2019-10-07 09:10:43,22.697114000000006,113.827365,8.152567858477289,170.35501752623009,0.5608789005593424
541,2019-10-07 09:10:45,22.696962,113.827393,9.274325659595974,170.5307765235906,0.3997044687267514
541,2019-10-07 09:10:47,22.696785,113.827425,10.073734597049476,170.2213405684447,0.1393986477036826
541,2019-10-07 09:10:48,22.696694,113.827442,10.21313324475316,170.11481431553273,-1.0026724578800863
541,2019-10-07 09:10:49,22.696604,113.827459,9.210460786873073,168.48733399564946,-0.3529333538804229
541,2019-10-07 09:10:51,22.69645,113.827493,8.504594079112227,168.91685801386438,-0.2033079777444566
541,2019-10-07 09:10:53,22.696304,113.827524,8.097978123623314,169.1810759012675,-0.095661502285592
541,2019-10-07 09:10:55,22.696164000000003,113.827553,7.90665511905213,176.28275623544937,0.0440964595454342
541,2019-10-07 09:10:56,22.696093,113.827558,7.950751578597564,175.94072062953558,-0.0821748785528408
541,2019-10-07 09:10:58,22.69595,113.827569,7.786401821491882,170.4778952460522,-0.1885967170590836
541,2019-10-07 09:10:59,22.695884,113.827581,7.5978051044327986,171.63316270096675,0.4158610997568877
541,2019-10-07 09:11:00,22.695815,113.827592,8.013666204189686,167.27582288516305,0.0710741610268952
541,2019-10-07 09:11:02,22.695672,113.827627,8.155814526243477,168.7667520927473,-0.0443870860678048
541,2019-10-07 09:11:04,22.695528,113.827658,8.067040354107867,171.01284529825523,-0.2570415636500298
541,2019-10-07 09:11:05,22.695458,113.82767,7.809998790457837,172.38439678020745,0.1028993165443497
541,2019-10-07 09:11:06,22.695389,113.82768,7.912898107002187,171.97711651554016,0.2203761915155446
541,2019-10-07 09:11:07,22.695317000000006,113.827691,8.133274298517732,172.79717511580122,0.5073111315897947
541,2019-10-07 09:11:08,22.695244,113.827701,8.640585430107526,172.02266884147593,0.1222341225129941
541,2019-10-07 09:11:10,22.695086,113.827725,8.885053675133515,170.06420127665638,-0.0032713130032036
541,2019-10-07 09:11:11,22.695007,113.82774,8.881782362130311,168.63094173272805,-0.0539033665170123
541,2019-10-07 09:11:12,22.694929,113.827757,8.827878995613299,171.6426524414943,0.1522467335927029
541,2019-10-07 09:11:14,22.694772,113.827782,9.132372462798704,174.07837689147345,0.2408357136256018
541,2019-10-07 09:11:16,22.694603,113.827801,9.614043890049908,174.0818500839814,0.8512294765675392
541,2019-10-07 09:11:17,22.694514,113.827811,10.465273366617447,169.81491867684292,0.2855355598229492
541,2019-10-07 09:11:19,22.694324,113.827848,11.036344486263346,167.20147406639944,0.2658640631551341
541,2019-10-07 09:11:21,22.694125,113.827897,11.568072612573614,168.71230242497006,0.2895159691361062
541,2019-10-07 09:11:23,22.69391700000001,113.827942,12.147104550845826,172.22573635318884,0.3051091540478863
541,2019-10-07 09:11:25,22.693694,113.827975,12.7573228589416,176.00865248173557,0.6179726380864672
541,2019-10-07 09:11:26,22.693575,113.827984,13.375295497028066,176.074413721248,0.3233046446253826
541,2019-10-07 09:11:27,22.693454,113.827993,13.698600141653449,177.4643712200541,0.3179685144595119
541,2019-10-07 09:11:28,22.693329,113.827999,14.01656865611296,178.74659814803226,-0.0163270961534109
541,2019-10-07 09:11:30,22.693076,113.828005,13.98391446380614,179.78855973083762,-0.0051256588128101
541,2019-10-07 09:11:32,22.692826,113.828006,13.97366314618052,181.24847220830893,0.3859731414513838
541,2019-10-07 09:11:33,22.692699,113.828003,14.359636287631902,184.028494018817,-0.0575345819658146
541,2019-10-07 09:11:34,22.692568,113.827993,14.302101705666088,183.7406960979941,-0.1244366840273993
541,2019-10-07 09:11:36,22.692314,113.827975,14.053228337611287,185.9466815615449,-0.2841286947698851
541,2019-10-07 09:11:37,22.69219,113.82796100000002,13.769099642841404,187.3256404004485,-0.1904013587360324
541,2019-10-07 09:11:38,22.692068,113.827944,13.578698284105371,189.6002638471789,0.010124016996424
541,2019-10-07 09:11:40,22.691828,113.8279,13.59894631809822,191.63284904465036,0.2460451513165331
541,2019-10-07 09:11:41,22.691707,113.827873,13.844991469414753,193.60360554494207,0.0705149476064512
541,2019-10-07 09:11:42,22.691585,113.827841,13.915506417021204,194.123406662578,-0.337387918012622
541,2019-10-07 09:11:43,22.691464,113.827808,13.578118499008582,194.37423032855375,-0.1256368864082384
541,2019-10-07 09:11:45,22.69123,113.827743,13.326844726192103,194.95287378412883,-0.3263672007524256
541,2019-10-07 09:11:46,22.691116,113.82771,13.00047752543968,196.65829781692517,-0.5366491833093381
541,2019-10-07 09:11:47,22.691005,113.827674,12.46382834213034,198.5461374891058,-0.136595686957178
541,2019-10-07 09:11:49,22.690796,113.827598,12.190636968215983,199.890338473612,-0.0594702658211119
541,2019-10-07 09:11:50,22.690694,113.827558,12.131166702394871,200.1657160002017,0.3519300142867507
541,2019-10-07 09:11:51,22.690591,113.827517,12.483096716681624,201.69760261977245,0.1473489806260133
541,2019-10-07 09:11:53,22.69038,113.827426,12.77779467793365,202.11112940152287,0.4269149700575649
541,2019-10-07 09:11:54,22.690271,113.827378,13.204709647991216,202.15987948604504,0.4258981200638576
541,2019-10-07 09:11:55,22.69016,113.827329,13.630607768055071,203.42338533841456,0.6389337188090902
541,2019-10-07 09:11:56,22.690045,113.827275,14.269541486864163,204.11703361008108,0.1766068710620203
541,2019-10-07 09:11:58,22.689808,113.82716,14.622755228988204,205.21456851155045,0.2396503500338864
541,2019-10-07 09:12:00,22.689567,113.827037,15.102055929055975,205.4575718611364,0.2990663204026029
541,2019-10-07 09:12:02,22.68931700000001,113.826908,15.700188569861185,205.43108852403347,0.2327302049477655
541,2019-10-07 09:12:04,22.689057,113.826774,16.165648979756714,206.22128892593912,0.4829384870866775
541,2019-10-07 09:12:05,22.688924,113.826703,16.64858746684339,206.2000081399844,0.0989529740344945
541,2019-10-07 09:12:07,22.688654,113.826559,16.84649341491238,205.23622326712183,0.0370011972709232
541,2019-10-07 09:12:09,22.688378,113.826418,16.920495809454227,204.6061874592237,-0.0347601466357438
541,2019-10-07 09:12:11,22.688102,113.826281,16.85097551618274,204.9232017468401,0.0240979692595999
541,2019-10-07 09:12:12,22.687965,113.826212,16.87507348544234,205.316632790306,0.0408191780424989
541,2019-10-07 09:12:14,22.68769,113.826071,16.956711841527337,204.9209848990584,0.2376370466374915
541,2019-10-07 09:12:15,22.687551000000006,113.826001,17.19434888816483,203.45096611085225,0.1409080201366439
541,2019-10-07 09:12:17,22.687266,113.825867,17.476164928438116,202.87740127250157,0.1412740728375556
541,2019-10-07 09:12:19,22.686973,113.825733,17.758713074113228,203.2746491868863,0.170315527498758
541,2019-10-07 09:12:20,22.686825,113.825664,17.929028601611986,204.318206385789,-0.0296909457448055
541,2019-10-07 09:12:22,22.686531,113.82552,17.869646710122375,204.61409966599103,0.0305407601146328
541,2019-10-07 09:12:23,22.686386,113.825448,17.900187470237007,205.20777453818525,0.1368929712483755
541,2019-10-07 09:12:24,22.686239,113.825373,18.037080441485383,204.9127324102059,-0.0215659274956347
541,2019-10-07 09:12:26,22.685945,113.825225,17.993948586494113,204.31831901532328,0.0197684437433594
541,2019-10-07 09:12:27,22.685798,113.825153,18.013717030237473,205.94735306191492,0.0175558234692445
541,2019-10-07 09:12:29,22.685506,113.824999,18.04882867717596,205.06057369597693,0.0062513662848306
541,2019-10-07 09:12:31,22.685212,113.82485,18.061331409745623,203.7325309708696,0.0787646197640263
541,2019-10-07 09:12:32,22.685063,113.824779,18.14009602950965,204.32447009875185,0.2456316614610187
541,2019-10-07 09:12:33,22.684914000000006,113.824706,18.38572769097067,201.9862907637528,0.0468402240847227
541,2019-10-07 09:12:46,22.682919,113.823833,18.994650604072064,195.2820593403621,3.277214379533224
541,2019-10-07 09:12:47,22.682686,113.82376399999998,22.271864983605287,193.0698197298661,-4.789318171734799
541,2019-10-07 09:12:48,22.682531,113.823725,17.48254681187049,190.88762165040475,-0.0541735107047891
541,2019-10-07 09:12:50,22.682224,113.82366100000002,17.37419979046091,189.52304713757744,0.1211579265456919
541,2019-10-07 09:12:51,22.68207,113.823633,17.495357717006602,188.02824349181856,0.211370024173604
541,2019-10-07 09:12:52,22.681913,113.823609,17.706727741180206,186.29173843206567,-0.0366785060264653
541,2019-10-07 09:12:53,22.681754,113.82359,17.67004923515374,184.17492919298573,-0.0290835142497982
541,2019-10-07 09:12:55,22.681438,113.823565,17.611882206654144,183.6754083049273,0.0442990706068791
541,2019-10-07 09:12:56,22.68128,113.823554,17.656181277261023,181.4958359914351,-0.0295584076989996
541,2019-10-07 09:12:58,22.680962,113.823545,17.597064461863024,179.32872907132992,-0.1063749793091179
541,2019-10-07 09:13:00,22.680647,113.823549,17.384314503244788,179.65672447554516,-0.2956839018812154
541,2019-10-07 09:13:01,22.680493,113.82355,17.088630601363572,178.96691622631965,-0.0354289315826292
541,2019-10-07 09:13:03,22.680186,113.823556,17.017772738198314,177.9141361600391,0.1129380065601708
541,2019-10-07 09:13:04,22.680034,113.823562,17.130710744758485,178.63599037725066,0.0671034873230329
541,2019-10-07 09:13:06,22.679724,113.82357,17.26491771940455,179.6600330568224,0.1521743804935784
541,2019-10-07 09:13:08,22.679413,113.823572,17.569266480391708,179.5059411785278,0.1297557846002544
541,2019-10-07 09:13:10,22.679092,113.823575,17.828778049592216,179.66959325087657,0.1114850472002082
541,2019-10-07 09:13:11,22.678932,113.823576,17.940263096792425,179.3473641453645,0.078937247260491
541,2019-10-07 09:13:13,22.678608,113.82358,18.098137591313407,179.35334958158091,0.0507843612818135
541,2019-10-07 09:13:15,22.678281,113.823584,18.199706313877037,179.67764986800205,0.0362616556708417
541,2019-10-07 09:13:16,22.678117,113.823585,18.235967969547875,180.1611767269564,0.0420213068520638
541,2019-10-07 09:13:18,22.677789,113.823584,18.320010583252003,180.79853188761084,0.0331265064384194
541,2019-10-07 09:13:20,22.677458,113.823579,18.38626359612884,180.96111524746388,-0.187328468032657
541,2019-10-07 09:13:21,22.677293,113.823576,18.198935128096185,179.67566958193595,-0.0740812221791795
541,2019-10-07 09:13:23,22.676967,113.823578,18.050772683737826,180.0,-0.2036920456085553
541,2019-10-07 09:13:24,22.676806,113.823578,17.84708063812927,180.66080253181735,-0.2390915086849858
541,2019-10-07 09:13:25,22.676646,113.823576,17.607989129444285,181.00688050113607,-0.0179311718204342
541,2019-10-07 09:13:27,22.676331,113.82357,17.572126785803416,181.3297418273528,0.3964020360592748
541,2019-10-07 09:13:28,22.676172,113.823566,17.96852882186269,182.57712857622397,0.3858045405271966
541,2019-10-07 09:13:29,22.676008,113.823558,18.354333362389887,181.11788968436304,-0.0025005483570765
541,2019-10-07 09:13:31,22.675677,113.823551,18.34933226567573,180.6427334918664,-0.092958246735435
541,2019-10-07 09:13:33,22.675348,113.823547,18.163415772204864,180.98500436822243,-0.1498051901622723
541,2019-10-07 09:13:34,22.675187,113.823544,18.013610582042592,179.34935430825442,0.0190994189050197
541,2019-10-07 09:13:36,22.674862,113.823548,18.05180941985263,179.34734555343732,0.0185312957213668
541,2019-10-07 09:13:37,22.6747,113.82355,18.070340715574,179.35134844199536,0.0547227259980935
541,2019-10-07 09:13:38,22.674537,113.823552,18.12506344157209,179.8378302328124,-0.0186615205250326
541,2019-10-07 09:13:40,22.674211,113.823553,18.087740400522023,180.0,-0.1852265398836863
541,2019-10-07 09:13:41,22.674049,113.823553,17.90251386063834,180.32938996914388,-0.1112230485060781
541,2019-10-07 09:13:43,22.673728,113.823551,17.680067763626184,179.32869366071668,-0.096730746741505
541,2019-10-07 09:13:45,22.673413,113.823555,17.486606270143174,179.32655439735606,-0.0140826471778776
541,2019-10-07 09:13:47,22.673099,113.823559,17.45844097578742,179.66326518197943,-0.0376003232614969
541,2019-10-07 09:13:48,22.67294200000001,113.82356,17.42084065252592,179.66218860803122,-0.023231476654832
541,2019-10-07 09:13:50,22.672629,113.823562,17.374377699216257,179.8305510836352,-0.1065788510175131
541,2019-10-07 09:13:52,22.672317,113.823563,17.16121999718123,179.649883331949,-0.5374993055097228
541,2019-10-07 09:13:53,22.672166,113.823564,16.623720691671508,180.0,-0.2780664750106645
541,2019-10-07 09:13:54,22.672018,113.823564,16.345654216660844,180.0,0.1171998239812666
541,2019-10-07 09:13:55,22.671872,113.823564,16.46285404064211,177.6949004095569,0.1182850010506104
541,2019-10-07 09:13:57,22.671574,113.823577,16.69942404274333,176.67755760232603,0.1127902784921257
541,2019-10-07 09:13:59,22.671272,113.823596,16.925004599727583,177.59828594185285,0.3224547931344368
541,2019-10-07 09:14:00,22.671118,113.823603,17.24745939286202,177.96090770185197,0.0734557698080209
541,2019-10-07 09:14:02,22.670807,113.823615,17.39437093247806,177.99314291412622,0.0707688165338495
541,2019-10-07 09:14:03,22.670649,113.823621,17.46513974901191,178.64463956247187,-0.1509312628596681
541,2019-10-07 09:14:04,22.670493,113.823625,17.314208486152243,178.6402800437976,-0.056652728532434
541,2019-10-07 09:14:06,22.670182,113.823633,17.200903029087375,179.6544545341333,-0.1880019022588754
541,2019-10-07 09:14:07,22.670029,113.823634,17.0129011268285,180.0,-0.1112722766916753
541,2019-10-07 09:14:08,22.669876,113.823634,16.901628850136824,180.0,-0.222310955802282
541,2019-10-07 09:14:09,22.669725,113.823634,16.67931789433454,179.64517720812285,-0.1474543175377611
541,2019-10-07 09:14:10,22.669576,113.823635,16.53186357679678,179.28799103963513,0.129912155331958
541,2019-10-07 09:14:12,22.669279,113.823639,16.791687887460697,179.31117970024536,0.1847149363364462
541,2019-10-07 09:14:14,22.668972,113.823643,17.16111776013359,181.01661570528933,0.2427787014189455
541,2019-10-07 09:14:15,22.668816,113.82364,17.403896461552534,180.6734674022385,0.2390318992372186
541,2019-10-07 09:14:16,22.668659,113.823638,17.642928360789753,179.6685319180831,0.0929248854950888
541,2019-10-07 09:14:18,22.66834,113.82364,17.82877813177993,179.34731451776224,0.2415626945992883
541,2019-10-07 09:14:19,22.668178,113.823642,18.07034082637922,179.35131760512309,0.0545048236150833
541,2019-10-07 09:14:20,22.668015,113.823644,18.124845649994302,180.32435198072596,0.1497556239558655
541,2019-10-07 09:14:21,22.667852,113.823643,18.274601273950168,180.96118370945396,0.0746315941800812
541,2019-10-07 09:14:23,22.667522,113.823637,18.42386446231033,180.9496758099481,0.1872792747355909
541,2019-10-07 09:14:24,22.667355,113.823634,18.61114373704592,181.42010410206157,0.0393251399884295
541,2019-10-07 09:14:26,22.66702,113.823625,18.68979401702278,182.50114721946775,0.1779143579687385
541,2019-10-07 09:14:27,22.666851,113.823617,18.86770837499152,182.7967970881028,-0.0006863931232068
541,2019-10-07 09:14:28,22.666681,113.823608,18.867021981868312,184.06015317450667,0.0058109410577653
541,2019-10-07 09:14:30,22.666343,113.823582,18.878643863983843,184.345695681758,0.0275274641042031
541,2019-10-07 09:14:31,22.666173,113.823568,18.90617132808805,184.6822103990993,0.0066462386319443
541,2019-10-07 09:14:32,22.666004,113.823553,18.91281756671999,185.7511637082025,0.0327928254364895
541,2019-10-07 09:14:34,22.665665,113.823516,18.97840321759297,186.1958427390802,-0.0178547642553557
541,2019-10-07 09:14:36,22.665325,113.823476,18.942693689082255,186.8699312097704,-0.0518327624125714
541,2019-10-07 09:14:38,22.664988,113.823432,18.839028164257115,187.99671214871216,-0.034484184645656
541,2019-10-07 09:14:40,22.664653,113.823381,18.770059794965803,189.1577526774549,-0.0185012183253725
541,2019-10-07 09:14:41,22.664487,113.823352,18.75155857664043,189.10384773964572,-0.0466565215674208
541,2019-10-07 09:14:42,22.66432,113.823323,18.70490205507301,189.52426836466253,-0.0956095046047806
541,2019-10-07 09:14:43,22.664155,113.823293,18.60929255046823,189.6800496409824,0.0028758492296763
541,2019-10-07 09:14:45,22.663825,113.823232,18.615044248927585,189.8356753799244,-0.1038130404398423
541,2019-10-07 09:14:46,22.66366,113.823201,18.51123120848774,190.89519852707213,-0.0418208537457065
541,2019-10-07 09:14:48,22.663334,113.823133,18.427589500996326,191.27507361844408,0.3211475906931298
541,2019-10-07 09:14:49,22.663172,113.823098,18.748737091689456,190.45671001672,0.0728457363332903
541,2019-10-07 09:14:51,22.662837,113.823031,18.89442856435604,191.01014211372728,-0.0361908379112634
541,2019-10-07 09:14:52,22.662671,113.822996,18.858237726444774,193.02864631918015,0.0663191480505211
541,2019-10-07 09:14:54,22.66234,113.822913,18.990876022545816,193.28920144027063,0.146526409502961
541,2019-10-07 09:14:55,22.662172,113.82287,19.137402432048777,191.78991403802436,-0.0519177254760734
541,2019-10-07 09:14:56,22.662004,113.822832,19.085484706572704,191.0020248438932,-0.0896734602990871
541,2019-10-07 09:14:58,22.661667,113.822761,18.90613778597453,191.53751081023532,-0.1090256896701742
541,2019-10-07 09:15:00,22.661337,113.822688,18.68808640663418,191.26284337648525,-0.09385871481836
541,2019-10-07 09:15:02,22.661008,113.822617,18.50036897699746,190.3933283596305,-0.3115685254619365
541,2019-10-07 09:15:03,22.660847,113.822585,18.188800451535524,190.0753181143763,0.0015158999664315
541,2019-10-07 09:15:05,22.660525,113.822523,18.191832251468387,190.39337627403117,-0.0287476705590972
541,2019-10-07 09:15:07,22.660203,113.822459,18.134336910350196,190.8423293814131,-0.087936876117503
541,2019-10-07 09:15:08,22.660044,113.822426,18.04640003423269,190.4569298458123,-0.0640754173084623
541,2019-10-07 09:15:09,22.659884,113.822394,17.982324616924227,190.5863339735995,-0.1825850256200993
541,2019-10-07 09:15:10,22.659726000000006,113.822362,17.799739591304128,190.0003432483168,0.001088155596534
541,2019-10-07 09:15:11,22.659569,113.822332,17.800827746900662,192.7903726782585,0.0044690870874042
541,2019-10-07 09:15:13,22.659256,113.822255,17.80976592107547,193.7175911585289,0.2590461103634212
541,2019-10-07 09:15:14,22.659101,113.822214,18.06881203143889,191.0276016749508,0.1869016461841752
541,2019-10-07 09:15:16,22.658779,113.822146,18.44261532380724,189.3409459579743,0.1663573547572046
541,2019-10-07 09:15:18,22.658448,113.822087,18.77533003332165,188.9982724602339,0.3092118594199711
541,2019-10-07 09:15:19,22.658279,113.822058,19.084541892741623,189.57984637943835,0.099143486551652
541,2019-10-07 09:15:21,22.65794,113.821996,19.282828865844927,189.5653637093185,0.1569296484035351
541,2019-10-07 09:15:23,22.657595,113.821933,19.596688162652,188.3055729379369,0.4426418868289801
541,2019-10-07 09:15:24,22.657418,113.821905,20.039330049480977,185.85443953436447,0.0552148015678497
541,2019-10-07 09:15:26,22.657058,113.821865,20.14975965261668,182.3292607921669,0.0652181715718391
541,2019-10-07 09:15:28,22.656695000000006,113.821849,20.280195995760355,179.42529855748717,-0.2880070736556277
541,2019-10-07 09:15:29,22.656511,113.821851,19.992188922104727,177.02383773559484,-0.2607412580115635
541,2019-10-07 09:15:31,22.656156,113.821871,19.4707064060816,173.40074669458568,-0.3102931589095981
541,2019-10-07 09:15:33,22.655813,113.821914,18.850120088262404,169.9485867424437,-0.2459791763181122
541,2019-10-07 09:15:35,22.655485,113.821977,18.35816173562618,167.79546053674517,-0.1039784079337362
541,2019-10-07 09:15:37,22.655165,113.822052,18.150204919758707,166.05909259188206,-0.1026384515434468
541,2019-10-07 09:15:39,22.654849,113.822137,17.944928016671813,162.2175964655869,-0.1332269550254068
541,2019-10-07 09:15:41,22.654544,113.822243,17.678474106621,159.67569387868866,-0.2946711565074764
541,2019-10-07 09:15:42,22.654397,113.822302,17.383802950113523,157.2289317822482,-0.0198492442676538
541,2019-10-07 09:15:44,22.654109,113.822433,17.344104461578215,155.84729034752013,-0.127497672732705
541,2019-10-07 09:15:45,22.653967,113.822502,17.21660678884551,154.45115374501813,-0.0498492849440879
541,2019-10-07 09:15:46,22.653828,113.822574,17.166757503901422,152.2817490130784,0.0411329634865431
541,2019-10-07 09:15:47,22.653691,113.822652,17.207890467387966,150.3388251992344,0.0428281481913614
541,2019-10-07 09:15:49,22.653422,113.822818,17.29354676377069,148.30265104382624,0.0201951244428375
541,2019-10-07 09:15:51,22.653156,113.822996,17.333937012656364,145.59154886747325,0.153116697730578
541,2019-10-07 09:15:52,22.653028,113.823091,17.48705371038694,142.7026526944946,0.109544542070294
541,2019-10-07 09:15:54,22.652776,113.823299,17.70614279452753,139.60234363321865,0.0894860637217238
541,2019-10-07 09:15:56,22.652532,113.823524,17.885114921970978,138.2558437381618,0.3129331184631851
541,2019-10-07 09:15:57,22.652411,113.823641,18.198048040434163,136.59159363690287,0.2547510249915774
541,2019-10-07 09:15:58,22.652291,113.82376399999998,18.45279906542574,135.42817813428974,0.0478156980295469
541,2019-10-07 09:16:00,22.652054,113.824017,18.548430461484838,135.67546448791472,0.0795036710130148
541,2019-10-07 09:16:01,22.651934,113.824144,18.62793413249785,135.78837530040528,0.0265898356687088
541,2019-10-07 09:16:03,22.651694,113.824397,18.681113803835267,136.14867345589602,0.2017041228234113
541,2019-10-07 09:16:04,22.651572,113.824524,18.88281792665868,135.8124309257081,0.0371194071524225
541,2019-10-07 09:16:06,22.651328,113.824781,18.957056740963523,135.93496772785994,0.1170374947611172
541,2019-10-07 09:16:07,22.651205,113.82491,19.07409423572464,136.1667532812416,0.2181186539444333
541,2019-10-07 09:16:08,22.651081,113.825039,19.292212889669077,136.29375415187752,0.0134002931950636
541,2019-10-07 09:16:10,22.650829,113.8253,19.3190134760592,136.3965487050677,-0.0978937496671754
541,2019-10-07 09:16:11,22.650704,113.825429,19.221119726392025,135.27639752298444,-0.2640048475763912
541,2019-10-07 09:16:12,22.650581,113.825561,18.957114878815634,136.14840423665203,-0.1097854857502529
541,2019-10-07 09:16:14,22.650337,113.825815,18.73754390731513,136.3671310283239,-0.0563249060219916
541,2019-10-07 09:16:15,22.650216,113.82594,18.681219001293137,135.6815946836042,0.0331249111331732
541,2019-10-07 09:16:17,22.649975,113.826195,18.747468823559483,135.80012953150134,0.0187566134967145
541,2019-10-07 09:16:19,22.649733,113.82645,18.784982050552912,136.60805550853638,0.0706511398090796
541,2019-10-07 09:16:20,22.64961,113.826576,18.855633190361992,137.18224695846538,-0.0076818412857537
541,2019-10-07 09:16:22,22.649361,113.826826,18.840269507790484,137.7569745658929,-0.1266690457256771
541,2019-10-07 09:16:23,22.649236,113.826949,18.713600462064807,138.68665886953858,-0.0524350579566608
541,2019-10-07 09:16:24,22.64911,113.827069,18.661165404108147,139.1484748414955,-0.084429504778857
541,2019-10-07 09:16:25,22.648983,113.827188,18.57673589932929,140.44577960894776,-0.0550415624614899
541,2019-10-07 09:16:27,22.648726,113.827418,18.46665277440631,142.01365059769154,-0.044998276001511
541,2019-10-07 09:16:28,22.648596,113.827528,18.4216544984048,143.50997891115884,0.0185907024320055
541,2019-10-07 09:16:30,22.648329,113.827742,18.45883590326881,143.86887980191227,0.0807259205695416
541,2019-10-07 09:16:31,22.648195,113.827848,18.53956182383835,145.34282071536774,-0.0111055656647884
541,2019-10-07 09:16:33,22.647920000000006,113.828054,18.51735069250877,147.2172141369469,-0.0596937185011476
541,2019-10-07 09:16:34,22.647781,113.828151,18.457656974007627,150.60821474234274,0.1167578157427353
541,2019-10-07 09:16:36,22.647491,113.828328,18.691172605493097,155.22921446418718,0.1844678389994385
541,2019-10-07 09:16:37,22.647335,113.828406,18.875640444492536,156.66063802489248,-0.1690608782882883
541,2019-10-07 09:16:38,22.647181,113.828478,18.706579566204248,155.2291389143129,0.0549019916410724
541,2019-10-07 09:16:40,22.646875,113.828631,18.816383549486392,153.68187970383894,0.0219449168204448
541,2019-10-07 09:16:41,22.646722,113.828713,18.83832846630684,151.60043374747988,-0.0382010469205056
541,2019-10-07 09:16:43,22.646425,113.828887,18.761926372465823,149.59883313820956,-0.0041514078335236
541,2019-10-07 09:16:45,22.646134,113.829072,18.75362355679878,148.6644905123012,-0.1111426485357256
541,2019-10-07 09:16:46,22.64599,113.829167,18.642480908263053,147.81365678575503,-0.0562239976875904
541,2019-10-07 09:16:48,22.645707,113.82936,18.530032912887872,148.39727548024382,-0.3963058600735607
541,2019-10-07 09:16:49,22.645566,113.829454,18.13372705281431,148.16532723954754,-0.2768608480136745
541,2019-10-07 09:16:51,22.645291,113.829639,17.580005356786963,148.1978483672309,-1.3519330701736116
541,2019-10-07 09:16:52,22.645163,113.829725,16.22807228661335,145.57454685058178,-0.1358036861021174
541,2019-10-07 09:16:54,22.644926,113.829901,15.956464914409116,144.09521123415936,-0.0917262502018818
541,2019-10-07 09:16:55,22.64481,113.829992,15.864738664207234,143.321080239006,-0.2185617485271525
541,2019-10-07 09:16:56,22.644696,113.830084,15.646176915680082,141.4835426250845,-0.3290239543168134
541,2019-10-07 09:16:57,22.644587,113.830178,15.317152961363268,140.4356030084898,-0.3296015935497305
541,2019-10-07 09:16:58,22.644482,113.830272,14.987551367813538,142.22793050178586,0.0080028765758095
541,2019-10-07 09:17:00,22.64427,113.83045,15.003557120965157,146.42178928052613,0.4160817627806388
541,2019-10-07 09:17:01,22.644156,113.830532,15.419638883745796,146.94497295183527,0.1025284676482769
541,2019-10-07 09:17:03,22.643922,113.830697,15.62469581904235,147.4478558920082,0.5328382819146693
541,2019-10-07 09:17:04,22.643802,113.83078,16.15753410095702,150.64645771896232,0.1027868981707484
541,2019-10-07 09:17:06,22.643546,113.830936,16.363107897298516,150.02260697053453,-0.1677198042210221
541,2019-10-07 09:17:07,22.643418,113.831016,16.195388093077494,148.18771758446394,-0.2712357321569083
541,2019-10-07 09:17:08,22.643296,113.831098,15.924152360920584,147.1357461909223,-0.0186965691913059
541,2019-10-07 09:17:09,22.643176,113.831182,15.90545579172928,145.87888309382424,0.0421012406283658
541,2019-10-07 09:17:11,22.642939,113.831356,15.989658272986013,145.08461418839022,-0.0741564032876418
541,2019-10-07 09:17:12,22.64282,113.831446,15.91550186969837,144.69746001552335,0.2788756405606056
541,2019-10-07 09:17:14,22.642588,113.831624,16.47325315081958,144.49831046420763,0.183838794311768
541,2019-10-07 09:17:16,22.642337,113.831818,16.840930739443117,143.44558886181778,-0.2895134908872077
541,2019-10-07 09:17:18,22.642098,113.83201,16.2619037576687,141.48826382297864,-0.1702837787186739
541,2019-10-07 09:17:20,22.641873,113.832204,15.921336200231352,139.4839615511765,-0.0409206320637896
541,2019-10-07 09:17:21,22.641765,113.832304,15.880415568167564,138.65206823675874,0.0011118298036523
541,2019-10-07 09:17:23,22.64155,113.832509,15.882639227774868,137.02171888714815,-0.3624573991433379
541,2019-10-07 09:17:24,22.641446,113.832614,15.52018182863153,136.31150572853858,-0.1381685546754312
541,2019-10-07 09:17:26,22.641246,113.832821,15.243844719280668,136.1510733908966,-0.106755899902291
541,2019-10-07 09:17:28,22.64105,113.833025,15.030332919476086,135.260689249866,-0.3662915023038007
541,2019-10-07 09:17:29,22.640955,113.833127,14.664041417172283,134.32610055476653,-0.071404254606489
541,2019-10-07 09:17:31,22.640772,113.83333,14.521232907959307,133.71212855298518,0.0569609812972355
541,2019-10-07 09:17:33,22.640592,113.833534,14.635154870553778,134.98110332989654,0.4632605538712067
541,2019-10-07 09:17:34,22.640497,113.833637,15.098415424424983,135.5949265792283,0.2304811780951343
541,2019-10-07 09:17:35,22.640399,113.833741,15.32889660252012,135.61160159444648,0.2353310170318145
541,2019-10-07 09:17:36,22.6403,113.833846,15.564227619551934,136.74526462032907,0.2621045916553086
541,2019-10-07 09:17:37,22.640197,113.833951,15.826332211207244,136.75044923829105,0.027039924385301
541,2019-10-07 09:17:39,22.639989,113.834163,15.880412059977845,137.29476008284348,-0.0658553007280904
541,2019-10-07 09:17:40,22.639884,113.834268,15.814556759249754,137.4316404681067,-0.1080847701591167
541,2019-10-07 09:17:42,22.639675,113.834476,15.59838721893152,138.7122831107613,-0.6168835734010933
541,2019-10-07 09:17:43,22.639572,113.834574,14.981503645530427,139.05611332107588,-0.497712819507969
541,2019-10-07 09:17:44,22.639472,113.834668,14.483790826022458,141.05649820129526,-0.2059876505881526
541,2019-10-07 09:17:46,22.639271,113.834844,14.071815524846151,141.53297270522853,-0.1682317030081499
541,2019-10-07 09:17:48,22.639077,113.835011,13.735352118829852,139.19255317739362,-0.1127458605076121
541,2019-10-07 09:17:49,22.638984,113.835098,13.62260625832224,136.65941132327544,-0.1415903737152035
541,2019-10-07 09:17:51,22.638806,113.83528,13.339425510891834,138.45125541714424,-0.2263941846812818
541,2019-10-07 09:17:53,22.63863,113.835449,12.88663714152927,141.54872015280068,-0.4983267035549685
541,2019-10-07 09:17:55,22.638451,113.835603,11.889983734419332,137.48929605035232,-0.5276424649323115
541,2019-10-07 09:17:57,22.638304,113.835749,10.83469880455471,139.8036056621167,-1.115802161590297
541,2019-10-07 09:17:58,22.638233,113.83581399999998,9.718896642964411,139.13134410026703,-0.3164988592385933
541,2019-10-07 09:18:00,22.638105,113.835934,9.085898924487228,139.85605531468178,-0.5309720631952803
541,2019-10-07 09:18:01,22.638047,113.83598700000002,8.554926861291946,140.2849494568925,0.3911233349719936
541,2019-10-07 09:18:02,22.637987,113.836041,8.94605019626394,141.57975802293168,0.2128226840652614
541,2019-10-07 09:18:04,22.637859,113.836151,9.371695564394464,142.51309176273685,0.7284866139939403
541,2019-10-07 09:18:05,22.637788,113.83621,10.100182178388405,142.35921779855153,0.4649674281830513
541,2019-10-07 09:18:06,22.637715,113.836271,10.565149606571454,142.86340228196443,0.642188724995151
541,2019-10-07 09:18:07,22.637637,113.836335,11.207338331566604,144.72373728651303,0.1302045618983562
541,2019-10-07 09:18:09,22.63747,113.836463,11.467747455363318,143.23447244703897,0.3764678388097575
541,2019-10-07 09:18:10,22.637386,113.836531,11.844215294173075,140.19009424946955,0.0900408802285168
541,2019-10-07 09:18:12,22.637221,113.83668,12.02429705463011,140.84140484032548,0.3063223553731333
541,2019-10-07 09:18:13,22.637136,113.836755,12.330619410003242,142.49713731261454,-0.0184148576044389
541,2019-10-07 09:18:14,22.637047,113.836829,12.312204552398804,141.00579001306437,-0.0326813519077378
541,2019-10-07 09:18:16,22.636876,113.836979,12.246841848583328,141.1690644947654,0.0402189948268514
541,2019-10-07 09:18:17,22.63679,113.837054,12.28706084341018,141.86631855930273,-0.3346592850069925
541,2019-10-07 09:18:18,22.636703,113.837128,11.952401558403189,141.14866012908692,-0.219488998655887
541,2019-10-07 09:18:20,22.636538,113.837272,11.513423561091413,141.2320532109369,-0.919339760006526
541,2019-10-07 09:18:21,22.636461,113.837339,10.594083801084889,139.3714255094801,-0.1774587417624449
541,2019-10-07 09:18:23,22.636319,113.837471,10.239166317559995,132.94929558150818,-1.0188904216849046
541,2019-10-07 09:18:24,22.636258,113.837542,9.220275895875092,121.58891013761765,-0.5709388316576423
541,2019-10-07 09:18:26,22.636174,113.83769,8.078398232559808,87.99827546563324,-0.3442696423686717
541,2019-10-07 09:18:28,22.636179,113.837845,7.389858947822464,57.55379386972356,-0.1068261869525106
541,2019-10-07 09:18:30,22.63625,113.837966,7.176206573917443,36.04426415791573,0.0845621940096332
541,2019-10-07 09:18:31,22.636302,113.838007,7.260768767927076,19.09136544055235,0.4536022152269927
541,2019-10-07 09:18:32,22.636366,113.838031,7.714370983154069,354.14469060600544,0.2750845245271334
541,2019-10-07 09:18:34,22.63651,113.83801499999998,8.264540032208336,330.09332628321846,0.4578511852605205
541,2019-10-07 09:18:36,22.636648,113.837929,9.180242402729377,322.98479247149334,1.5784446237961252
541,2019-10-07 09:18:37,22.636719,113.837871,10.758687026525502,320.76950702562243,0.6270543032530007
541,2019-10-07 09:18:39,22.636875,113.837733,12.012795633031503,319.3152630044017,0.7121111387930004
541,2019-10-07 09:18:41,22.63705,113.83757,13.437017910617504,320.52635586703025,0.3606013105506438
541,2019-10-07 09:18:43,22.637245,113.837396,14.158220531718792,320.47501992517607,0.0730087104069276
541,2019-10-07 09:18:45,22.637443,113.837219,14.304237952532649,320.00157759865976,0.0328145419241998
541,2019-10-07 09:18:46,22.637542,113.837129,14.337052494456849,320.316511194708,-0.1144471273195772
541,2019-10-07 09:18:47,22.637641,113.83704,14.22260536713727,318.817801847192,-0.1081240775398386
541,2019-10-07 09:18:49,22.637833,113.836858,14.006357212057592,316.66969975779034,-0.2510733272550922
541,2019-10-07 09:18:51,22.638014,113.836673,13.504210557547408,315.4903831943559,-0.3592982223961884
541,2019-10-07 09:18:53,22.638183,113.836493,12.785614112755033,316.5973295761142,-0.2478729923734279
541,2019-10-07 09:18:55,22.638345,113.836327,12.289868128008177,314.63425495861776,0.0308966291030472
541,2019-10-07 09:18:57,22.638499,113.836158,12.35166138621427,315.2498120441419,0.6047318473765593
541,2019-10-07 09:18:58,22.63858,113.836071,12.956393233590829,314.8187015284698,0.1139095997901522
541,2019-10-07 09:19:00,22.638746,113.83589,13.184212433171131,315.67799765645384,0.3629750400646134
541,2019-10-07 09:19:01,22.638832,113.835799,13.547187473235748,316.1855855377532,0.1127356564256398
541,2019-10-07 09:19:03,22.639009,113.835615,13.772658786087026,315.4481620305687,0.5576437640358094
541,2019-10-07 09:19:04,22.639099,113.835519,14.330302550122836,316.5483372179773,0.1041092921178066
541,2019-10-07 09:19:06,22.639288,113.835325,14.538521134358447,316.7054247101689,0.1479486933776765
541,2019-10-07 09:19:07,22.639384,113.835227,14.686469827736126,316.2656284819719,-0.1142770008499169
541,2019-10-07 09:19:09,22.639575,113.835029,14.457915826036292,316.3674687217267,-0.5933433599119748
541,2019-10-07 09:19:10,22.639666,113.83493500000002,13.864572466124317,316.03753148156073,-0.2963815737914892
541,2019-10-07 09:19:11,22.639755,113.834842,13.568190892332828,315.53124827260183,-0.0636700377573333
541,2019-10-07 09:19:13,22.639928,113.834658,13.44085081681816,315.6782440752588,0.0336599480028123
541,2019-10-07 09:19:14,22.640014,113.834567,13.474510764820971,314.7491269544604,0.0361955925882888
541,2019-10-07 09:19:15,22.6401,113.834473,13.510706357409262,315.3652387998195,-0.4293737171798586
541,2019-10-07 09:19:16,22.640186,113.834381,13.081332640229403,314.61489089316217,-0.0786236162650464
541,2019-10-07 09:19:18,22.640349,113.834202,12.92408540769931,315.1247745442723,0.030310624379104
541,2019-10-07 09:19:20,22.640514000000003,113.834024,12.98470665645752,315.640922459837,0.1562071541466938
541,2019-10-07 09:19:21,22.640598,113.833935,13.140913810604212,315.81944742311987,-0.1298766916514138
541,2019-10-07 09:19:23,22.640768,113.833756,12.881160427301385,316.4364973740464,-0.3064516966108863
541,2019-10-07 09:19:25,22.640932,113.833587,12.268257034079612,317.2950340617085,-0.244008469746058
541,2019-10-07 09:19:27,22.64109,113.833429,11.780240094587496,321.8254731535557,-0.7026594016960566
541,2019-10-07 09:19:28,22.641171,113.83336,11.07758069289144,326.2517213918672,-0.1098702488200391
541,2019-10-07 09:19:30,22.641334,113.833242,10.85784019525136,327.7769708009134,-0.090130645526834
541,2019-10-07 09:19:31,22.641416,113.833186,10.767709549724527,325.7583691106292,0.0803864142867478
541,2019-10-07 09:19:32,22.641496,113.833127,10.848095964011277,324.424939535351,0.421304834826552
541,2019-10-07 09:19:33,22.641576,113.833065,11.269400798837829,321.7665770954759,0.4714785372447636
541,2019-10-07 09:19:34,22.641658,113.832995,11.74087933608259,318.02659910893,0.1488510024414147
541,2019-10-07 09:19:36,22.641816,113.832841,12.03858134096542,315.35768690382065,0.1322548534855672
541,2019-10-07 09:19:38,22.641973,113.832673,12.303091047936556,314.5005768949078,0.093533611369617
541,2019-10-07 09:19:39,22.642051,113.83258700000002,12.396624659306172,318.6852327028218,0.013596959277434
541,2019-10-07 09:19:40,22.642135,113.832507,12.410221618583606,319.73804094179013,-0.4057504493694139
541,2019-10-07 09:19:41,22.64222,113.832429,12.004471169214192,318.0267156654944,-0.2061569024707141
541,2019-10-07 09:19:43,22.642378,113.832275,11.592157364272763,321.8558391597283,-0.3054978616986687
541,2019-10-07 09:19:45,22.642539000000006,113.832138,10.981161640875426,319.1323099137863,-0.2801739434700732
541,2019-10-07 09:19:47,22.642683,113.832003,10.42081375393528,322.4360239744901,-0.355116245586661
541,2019-10-07 09:19:48,22.642755,113.831943,10.065697508348618,325.06847749812243,-0.9912514427761644
541,2019-10-07 09:19:49,22.64282900000001,113.831887,9.074446065572454,324.60608565650807,-0.5471113404378771
541,2019-10-07 09:19:51,22.642955,113.83178999999998,7.9802233846967,332.08422675951687,-2.17260401315142
541,2019-10-07 09:19:52,22.643009,113.831759,5.80761937154528,346.715947197177,-1.5754325312214543
541,2019-10-07 09:19:53,22.643052,113.831748,4.232186840323825,13.169149898478963,-0.2142238613811418
541,2019-10-07 09:19:55,22.643123000000006,113.831766,3.8037391175615416,27.14573962892746,-0.4485100618257549
541,2019-10-07 09:19:56,22.64315,113.831781,3.3552290557357867,40.78531478661523,0.4035616208717381
541,2019-10-07 09:19:58,22.643196,113.831824,4.162352297479263,59.613726263677904,0.594388773400889
541,2019-10-07 09:20:00,22.643242,113.831909,5.351129844281041,55.8941889112769,0.5061657186204922
541,2019-10-07 09:20:01,22.643272,113.831957,5.857295562901533,58.63856650721601,-0.2050997417210842
541,2019-10-07 09:20:02,22.643299,113.832005,5.652195821180449,58.51571687904181,-0.1602494001223524
541,2019-10-07 09:20:03,22.643325,113.832051,5.491946421058096,57.95207323723014,-1.2070537302641524
541,2019-10-07 09:20:04,22.64335100000001,113.832096,4.284892690793944,46.758916820264574,-0.6498777497885104
541,2019-10-07 09:20:06,22.643397,113.832149,2.985137191216923,67.57066899453548,-0.4480450569809722
541,2019-10-07 09:20:08,22.643413,113.832191,2.0890470772549787,40.23151402960883,0.3548972657020877
541,2019-10-07 09:20:09,22.643425,113.832202,2.4439443429570664,0.9976223090494614,0.2436920299654246
541,2019-10-07 09:20:11,22.643478,113.832203,2.931328402887916,6.078551131388281,0.2282813258338722
541,2019-10-07 09:20:12,22.643504,113.832206,3.159609728721788,3.5803691694621307,0.2460565886538597
541,2019-10-07 09:20:14,22.643563,113.83221,3.6517229060295073,26.513430360966023,1.2134760016239643
541,2019-10-07 09:20:15,22.6436,113.83223,4.865198907653472,32.57624558924056,0.6361826585769919
541,2019-10-07 09:20:16,22.643639,113.832257,5.501381566230464,31.60305907936288,0.0691317098648292
541,2019-10-07 09:20:18,22.643726,113.832315,5.639644985960122,26.20742786219432,0.065686974720359
541,2019-10-07 09:20:19,22.643771,113.832339,5.705331960680481,23.856480244670426,-0.2002673646730262
541,2019-10-07 09:20:20,22.643819,113.83236200000002,5.505064596007455,0.0,0.0600350149382409
541,2019-10-07 09:20:22,22.643918,113.83236200000002,5.625134625883937,335.657561117034,-0.1826588282076455
541,2019-10-07 09:20:23,22.643969,113.832337,5.442475797676291,328.89136903616634,-0.3244736319284711
541,2019-10-07 09:20:25,22.644047,113.832286,4.793528533819349,321.581039891465,-0.1447128290605324
541,2019-10-07 09:20:27,22.644111,113.832231,4.504102875698284,318.26226090982203,-0.1215111898498895
541,2019-10-07 09:20:29,22.644171,113.832173,4.261080495998505,307.73796701721415,-0.2367563162018331
541,2019-10-07 09:20:31,22.644216,113.83211,3.787567863594839,287.46211500330986,0.2870568396071458
541,2019-10-07 09:20:32,22.644225,113.832079,4.074624703201985,274.2735522532752,0.0694014498511279
541,2019-10-07 09:20:34,22.644231,113.831992,4.213427602904241,250.1415479279044,-0.4702886507855828
541,2019-10-07 09:20:35,22.644219,113.831956,3.7431389521186578,243.850249871538,-0.0214826008716138
541,2019-10-07 09:20:37,22.64419,113.831892,3.70017375037543,240.074299567955,0.12054226452444
541,2019-10-07 09:20:38,22.644173,113.83186,3.8207160148998702,251.68148417895543,-0.2875057207553881
541,2019-10-07 09:20:39,22.644162,113.831824,3.533210294144482,271.93930907326524,-0.2324464804528494
541,2019-10-07 09:20:40,22.644163,113.831792,3.3007638136916326,291.0305890647413,-0.1584073355230177
541,2019-10-07 09:20:41,22.644174,113.831761,3.142356478168615,324.7430401455044,0.1217350693443097
541,2019-10-07 09:20:43,22.644221,113.831725,3.3858266168572344,335.5992853946404,0.0195150225855573
541,2019-10-07 09:20:45,22.64428,113.831696,3.424856662028349,330.02277154925537,-0.5397896297678688
541,2019-10-07 09:20:46,22.644304,113.831681,2.8850670322604803,330.259511974292,-0.4650855563234715
541,2019-10-07 09:20:47,22.644325,113.831668,2.419981475937009,331.5029200822516,-0.3596805869619555
541,2019-10-07 09:20:48,22.644342,113.831658,2.0603008889750534,321.6536144471551,-0.0990355339740649
541,2019-10-07 09:20:49,22.644356,113.831646,1.9612653550009884,306.2787427638712,-0.0254547785121259
541,2019-10-07 09:20:51,22.644377,113.831615,1.9103557979767365,270.0000038503453,-0.142849407824579
541,2019-10-07 09:20:52,22.644377,113.831595,1.7675063901521575,221.54081551076155,-0.0439728633960542
541,2019-10-07 09:20:54,22.644352,113.831571,1.679560663360049,183.7716138069009,-1.3351882481695838
541,2019-10-07 09:20:55,22.644338,113.83157,0.3443724151904652,125.84249450118205,-0.0380875248559346
541,2019-10-07 09:21:00,22.644334,113.831576,0.1539347909107919,34.69037850074375,0.3695852487202239
541,2019-10-07 09:21:01,22.644338,113.831579,0.5235200396310158,0.0,0.0936915903135338
541,2019-10-07 09:21:02,22.644343,113.831579,0.6172116299445496,22.758324735371215,0.0091564604641956
541,2019-10-07 09:21:04,22.644354,113.831584,0.6355245508729408,42.70430010577235,-0.5123767322293363
541,2019-10-07 09:21:05,22.644358,113.83158799999998,0.1231478186436045,155.22874364256563,0.0110650145786299
541,2019-10-07 09:21:09,22.644354,113.83159,0.1674078769581241,162.90014043520137,-0.0532915698120205
541,2019-10-07 09:21:10,22.644351,113.831591,0.1141163071461035,345.22796752345465,0.1054420975252256
541,2019-10-07 09:21:13,22.644358,113.831589,0.4304425997217805,351.25537307541504,0.0890888510089337
541,2019-10-07 09:21:15,22.64437,113.831587,0.6086203017396481,335.2287473887153,-0.5101450822295968
541,2019-10-07 09:21:16,22.644374,113.831585,0.0984752195100513,36.439556338426485,-0.0033680286724111
541,2019-10-07 09:21:32,22.644384,113.831593,0.0445867607514722,0.0,-0.0029724507167648
541,2019-10-07 09:21:47,22.644384,113.831593,0.0,0.0,0.0
541,2019-10-07 09:22:02,22.644384,113.831593,0.0,0.0,0.0
541,2019-10-07 09:22:17,22.644384,113.831593,0.0,0.0,0.0
541,2019-10-07 09:22:32,22.644384,113.831593,0.0,0.0,0.0
541,2019-10-07 09:22:47,22.644384,113.831593,0.0,0.0,0.0
541,2019-10-07 09:23:02,22.644384,113.831593,0.0,0.0,0.0
541,2019-10-07 09:23:17,22.644384,113.831593,0.0,0.0,0.0
541,2019-10-07 09:23:32,22.644384,113.831593,0.0,0.0,0.0
541,2019-10-07 09:23:47,22.644384,113.831593,0.0,0.0,0.0
541,2019-10-07 09:24:02,22.644384,113.831593,0.0,0.0,0.0
541,2019-10-07 09:24:17,22.644384,113.831593,0.0,0.0,0.0
541,2019-10-07 09:24:32,22.644384,113.831593,0.0,0.0,0.0012427470010514
541,2019-10-07 09:24:47,22.644384,113.831593,0.018641205015772,113.43242132501756,0.0
541,2019-10-07 09:25:02,22.644382,113.831598,0.018641205015772,0.0,-0.0012427470010514
541,2019-10-07 09:25:17,22.644382,113.831598,0.0,0.0,0.0
541,2019-10-07 09:25:32,22.644382,113.831598,0.0,0.0,0.0
541,2019-10-07 09:25:47,22.644382,113.831598,0.0,0.0,0.0
