userid,checkin_time,lat,lon,speed,direction,acceleration
541,2019-09-07 10:30:33,22.62922,114.11038899999998,0.0,335.9572376493105,6.937656140669842
541,2019-09-07 10:30:34,22.62928,114.11036,6.937656140669842,343.74976407085603,-0.5150250883880023
541,2019-09-07 10:30:35,22.629337,114.110342,6.422631052281839,352.48837059352326,2.249664190211795
541,2019-09-07 10:30:36,22.629393,114.110334,8.672295242493634,32.085710146461395,-0.0982380605637374
541,2019-09-07 10:30:38,22.629552,114.110442,8.47581912136616,357.57924441869733,-0.634683453248087
541,2019-09-07 10:30:40,22.629683,114.110436,7.206452214869985,357.5225801473548,-0.0075755635805072
541,2019-09-07 10:30:42,22.629811,114.11043,7.191301087708971,15.210682055639268,0.2274738098680657
541,2019-09-07 10:30:44,22.62994,114.110468,7.646248707445102,28.35152688693012,-0.5422182283517669
541,2019-09-07 10:30:45,22.630005,114.110506,7.104030479093336,17.66981378252524,-0.0383006685664497
541,2019-09-07 10:30:47,22.630118,114.110545,7.027429141960436,37.05965207713564,-0.2924003449417265
541,2019-09-07 10:30:49,22.630228,114.11063500000002,6.442628452076983,19.54499330718357,-0.6224629996416167
541,2019-09-07 10:30:51,22.630319,114.11067,5.19770245279375,0.5686302972458179,0.0611612359745898
541,2019-09-07 10:30:53,22.630412,114.110671,5.320024924742929,352.4884309792173,0.0665985813249721
541,2019-09-07 10:30:55,22.63051,114.110657,5.453222087392874,345.678348233377,0.0096956193650532
541,2019-09-07 10:30:56,22.630557,114.110644,5.462917706757927,340.5319468227528,-0.3370513211836794
541,2019-09-07 10:30:57,22.630604,114.110626,5.125866385574248,337.9411572798163,-0.2772548193902993
541,2019-09-07 10:30:59,22.630686,114.11059,4.571356746793649,348.1833499506449,-0.201474343772483
541,2019-09-07 10:31:01,22.630761,114.110573,4.168408059248683,340.5613951067309,-0.2403215674412546
541,2019-09-07 10:31:02,22.63079500000001,114.11056,3.928086491807428,333.15315011421296,-0.0510885197089128
541,2019-09-07 10:31:03,22.63082600000001,114.110543,3.8769979720985153,340.0183653262503,0.5039418250054708
541,2019-09-07 10:31:04,22.630859,114.11053,4.380939797103986,339.855228321535,0.1749344702313187
541,2019-09-07 10:31:06,22.630937,114.110499,4.730808737566624,336.8420174195016,0.5066796867549446
541,2019-09-07 10:31:07,22.630978,114.11048,5.237488424321568,332.32600322391545,0.5675735336764696
541,2019-09-07 10:31:08,22.631022,114.110455,5.805061957998038,324.19232932834655,-0.0180171369825439
541,2019-09-07 10:31:10,22.631109,114.11038700000002,5.76902768403295,323.8973072244189,-0.1797456494493023
541,2019-09-07 10:31:12,22.63119,114.110323,5.409536385134345,328.3946131777177,-0.614324594666928
541,2019-09-07 10:31:13,22.631229,114.110297,4.795211790467417,329.8789083698611,-0.5172220545967443
541,2019-09-07 10:31:14,22.631264,114.110275,4.277989735870673,305.03194417659665,0.064628523445795
541,2019-09-07 10:31:15,22.631286,114.110241,4.342618259316468,278.2198916278434,0.9153827428222154
541,2019-09-07 10:31:16,22.631292,114.110196,5.258001002138683,254.70971533033503,-0.0946387294552417
541,2019-09-07 10:31:18,22.631265,114.110089,5.0687235432282,244.45310307831363,-3.659536268942009
541,2019-09-07 10:31:19,22.63125,114.110055,1.4091872742861906,158.96407700680936,-0.0908723552731658
541,2019-09-07 10:31:21,22.631238,114.11006,1.227442563739859,181.65216843362305,0.3596355235814057
541,2019-09-07 10:31:23,22.631206,114.110059,1.9467136109026704,197.90306738208403,0.7195712008086532
541,2019-09-07 10:31:24,22.631186,114.110052,2.666284811711324,205.71387887460955,0.537405911357574
541,2019-09-07 10:31:26,22.63114,114.110028,3.741096634426472,220.8701011787128,1.0459382950184817
541,2019-09-07 10:31:28,22.631076,114.109968,5.8329732244634345,236.456061003757,1.8090684346979868
541,2019-09-07 10:31:29,22.631035,114.109901,7.642041659161421,251.21932731086437,-0.1312182113643043
541,2019-09-07 10:31:31,22.63099200000001,114.10976399999998,7.379605236432813,258.6236139540636,0.2231082132146902
541,2019-09-07 10:31:32,22.630979,114.109694,7.602713449647503,248.6328227334105,-0.1769775335632193
541,2019-09-07 10:31:33,22.630953,114.109622,7.4257359160842835,254.17960738434311,-0.4272903744349472
541,2019-09-07 10:31:34,22.630936,114.109557,6.998445541649336,253.5387450338773,0.2076535892542672
541,2019-09-07 10:31:35,22.630918,114.109491,7.2060991309036035,250.82926630771263,0.0205187838049529
541,2019-09-07 10:31:37,22.630875,114.109357,7.247136698513509,242.13421760619505,-0.0056371293546306
541,2019-09-07 10:31:39,22.630814,114.109232,7.235862439804248,232.26476054080172,0.0145094653814465
541,2019-09-07 10:31:40,22.630774,114.109176,7.250371905185695,253.6129365592769,0.5483402547374885
541,2019-09-07 10:31:41,22.630755,114.109106,7.798712159923183,251.6210238748979,0.2331131805862467
541,2019-09-07 10:31:42,22.630732,114.109031,8.03182534050943,250.39449590413807,-0.0404986732488321
541,2019-09-07 10:31:43,22.630708,114.108958,7.991326667260598,248.89965195218747,-0.0641114295807625
541,2019-09-07 10:31:44,22.630682,114.108885,7.927215237679835,249.7629532992025,-0.0528366075384707
541,2019-09-07 10:31:46,22.630633,114.108741,7.821542022602894,244.4532133409167,-0.7276360302088252
541,2019-09-07 10:31:47,22.630603,114.108673,7.093905992394069,238.95632589257943,0.0229313446509094
541,2019-09-07 10:31:48,22.630573,114.108619,7.116837337044978,234.3914025291369,-0.1799188053911464
541,2019-09-07 10:31:50,22.630495,114.108501,6.756999726262685,268.965536842444,0.2239340638583957
541,2019-09-07 10:31:51,22.630494,114.10844099999998,6.980933790121081,239.5487288205369,0.2345394613170626
541,2019-09-07 10:31:53,22.630424,114.108312,7.450012712755206,238.34922717392712,-0.7906281569726694
541,2019-09-07 10:31:54,22.630391,114.108254,6.659384555782537,235.79251533724243,0.0919677878847888
541,2019-09-07 10:31:55,22.630359,114.108203,6.7513523436673255,236.0805588545705,-0.096614085766749
541,2019-09-07 10:31:56,22.630323,114.108145,6.6547382579005765,232.54605030171044,-0.4427907226412682
541,2019-09-07 10:31:58,22.630253,114.108046,5.76915681261804,255.16662533672235,-1.0938234101036262
541,2019-09-07 10:31:59,22.63024200000001,114.108001,4.675333402514414,257.5047704722338,-0.1049158946912114
541,2019-09-07 10:32:01,22.630224,114.10791299999998,4.465501613131991,237.4549787077757,-0.1526963015195641
541,2019-09-07 10:32:03,22.630181,114.10784,4.160109010092863,248.49710664556764,-0.586555149981792
541,2019-09-07 10:32:04,22.630169,114.107807,3.573553860111071,245.90947545014296,-0.0472040514312945
541,2019-09-07 10:32:06,22.630143,114.107744,3.4791457572484816,242.3891975770724,-0.4617684494293299
541,2019-09-07 10:32:07,22.630129,114.10771499999998,3.017377307819152,242.047271264996,-0.3125802435596214
541,2019-09-07 10:32:09,22.630105,114.107666,2.392216820699909,261.7801897940297,-1.3643737875106785
541,2019-09-07 10:32:10,22.630103,114.107651,1.0278430331892303,282.2260068422209,-0.3767728986866069
541,2019-09-07 10:32:11,22.630104,114.107646,0.6510701345026234,270.0000026935515,0.0250107777554959
541,2019-09-07 10:32:13,22.630104,114.107632,0.7010916900136153,260.7694420701324,-0.1914295853464597
541,2019-09-07 10:32:16,22.630101,114.10761200000002,0.126802933974236,270.00000039486616,-0.0036074689445038
541,2019-09-07 10:32:31,22.630101,114.10761,0.0726908998066779,241.5552879941481,0.0275474241156444
541,2019-09-07 10:32:41,22.630094,114.107596,0.3481651409631228,229.458747637118,0.4778917964582988
541,2019-09-07 10:32:43,22.630079,114.107577,1.3039487338797204,245.7045215115944,0.0469515790389112
541,2019-09-07 10:32:45,22.630069,114.107553,1.397851891957543,243.43325068552625,-0.2477918470778759
541,2019-09-07 10:32:46,22.630063,114.10754,1.150060044879667,242.98561870819188,-0.0930194953706107
541,2019-09-07 10:32:48,22.630055,114.107523,0.9640210541384454,241.55529472201383,-0.8868815775457702
541,2019-09-07 10:32:49,22.630051,114.107515,0.0771394765926751,234.16033270461656,-0.0028430058679242
541,2019-09-07 10:33:05,22.630049,114.107512,0.0316513827058869,234.16033343193584,0.0193471305831921
541,2019-09-07 10:33:13,22.630047,114.107509,0.1864284273714242,250.14343252330647,1.0670213961096555
541,2019-09-07 10:33:14,22.630043,114.107497,1.25344982348108,254.21814127916429,-0.0216886240565213
541,2019-09-07 10:33:16,22.630037,114.107474,1.2100725753680373,253.53883544241097,-0.2100101595729842
541,2019-09-07 10:33:17,22.630034,114.107463,1.000062415795053,262.2875455298647,-0.4986824527732132
541,2019-09-07 10:33:18,22.630033,114.107455,0.5013799630218398,241.55529807042257,-0.2224005074705544
541,2019-09-07 10:33:20,22.63003,114.107449,0.0565789480807309,270.000000197433,-0.0043981411032229
541,2019-09-07 10:33:32,22.63003,114.107448,0.0038012548420555,0.0,0.0038894374379294
541,2019-09-07 10:33:47,22.63003,114.107448,0.0621428164109971,246.569764910056,0.0163324072716406
541,2019-09-07 10:33:59,22.630024,114.107433,0.2581317036706849,246.5697658337059,1.7134743598809548
541,2019-09-07 10:34:00,22.630018,114.107418,1.97160606355164,234.96831736730772,0.1311850163195155
541,2019-09-07 10:34:02,22.629996,114.107384,2.2339760961906707,246.09639042500183,0.4456530753321441
541,2019-09-07 10:34:03,22.629987,114.107362,2.679629171522815,242.5238474113497,0.7995203554188106
541,2019-09-07 10:34:04,22.629975,114.10733700000002,3.479149526941625,245.64044222406957,0.2647379535760985
541,2019-09-07 10:34:06,22.629947,114.10727,4.008625434093823,240.3074745258633,0.4627220623381527
541,2019-09-07 10:34:07,22.629927,114.107232,4.471347496431975,240.92763310224592,0.1537982004756086
541,2019-09-07 10:34:09,22.629888,114.107156,4.778943897383193,237.7075224196518,0.2766750041278314
541,2019-09-07 10:34:11,22.629839,114.107072,5.332293905638855,240.04590874552656,0.1892241512510866
541,2019-09-07 10:34:13,22.629789,114.106978,5.710742208141029,244.8189922492219,0.2316026574597742
541,2019-09-07 10:34:14,22.629766,114.106925,5.942344865600803,242.98567673376425,0.1312111150719896
541,2019-09-07 10:34:15,22.629742,114.106874,6.073555980672793,244.9599742258639,0.0308693981275149
541,2019-09-07 10:34:17,22.629695,114.106765,6.135294776927823,243.86739165878245,0.1084016339741849
541,2019-09-07 10:34:18,22.629671,114.10671200000002,6.243696410902007,246.20089560065995,0.0594907298143803
541,2019-09-07 10:34:20,22.629625,114.106599,6.362677870530768,247.4849340094216,0.074804897934209
541,2019-09-07 10:34:22,22.629581,114.106484,6.512287666399186,244.7207408134735,0.0600842508177619
541,2019-09-07 10:34:24,22.62953,114.106367,6.63245616803471,244.0957286705261,-0.087322536767715
541,2019-09-07 10:34:25,22.629504,114.106309,6.545133631266995,241.9856489472191,-0.0303614863021444
541,2019-09-07 10:34:27,22.629449,114.106197,6.484410658662706,243.29710229854032,-0.1167106502509778
541,2019-09-07 10:34:28,22.629423000000006,114.106141,6.367700008411728,241.55541583436263,-0.2802216349069475
541,2019-09-07 10:34:29,22.629396,114.10608700000002,6.087478373504781,241.0870179847485,-0.0954696762394449
541,2019-09-07 10:34:31,22.629344,114.105985,5.896539021025891,243.50982857627565,-0.2545155955244151
541,2019-09-07 10:34:32,22.629321,114.105935,5.642023425501476,242.56469889405213,-0.4883321356625023
541,2019-09-07 10:34:33,22.629298,114.105887,5.1536912898389735,240.4251418886563,-0.2873215051679754
541,2019-09-07 10:34:35,22.629254,114.105803,4.579048279503023,241.5554496041649,-0.2662767814754843
541,2019-09-07 10:34:37,22.629218,114.105731,4.046494716552054,241.5554464381596,-0.0212643003773527
541,2019-09-07 10:34:38,22.629202,114.105699,4.0252304161747015,243.9062852735293,0.0730441425990031
541,2019-09-07 10:34:40,22.629169,114.105626,4.171318701372708,243.90629069867475,0.0825169906429428
541,2019-09-07 10:34:42,22.629136,114.105553,4.336352682658593,253.5389443812245,0.4889003872590436
541,2019-09-07 10:34:43,22.629124,114.105509,4.825253069917637,248.93276977373912,0.0072957011056606
541,2019-09-07 10:34:44,22.629108,114.10546399999998,4.832548771023298,245.95796631995609,0.2372866829146702
541,2019-09-07 10:34:46,22.629073,114.105379,5.307122136852638,249.9726991641313,0.4260500215512768
541,2019-09-07 10:34:48,22.629037,114.105272,6.159222179955192,246.75039062541717,0.20009665454049
541,2019-09-07 10:34:50,22.628991,114.105156,6.559415489036172,241.55550543299276,0.0622035459236354
541,2019-09-07 10:34:52,22.628934,114.105042,6.683822580883443,245.70470855873145,0.0030500759407239
541,2019-09-07 10:34:53,22.628909,114.104982,6.686872656824167,246.2165918533688,-0.033146669914819
541,2019-09-07 10:34:54,22.628885,114.104923,6.653725986909348,251.63327747765683,0.2011180224826407
541,2019-09-07 10:34:55,22.628866,114.104861,6.8548440093919885,258.12855903350004,0.6872754897194584
541,2019-09-07 10:34:56,22.628853,114.104794,7.542119499111447,246.1977427598456,0.2755454242930195
541,2019-09-07 10:34:58,22.628796,114.104654,8.093210347697486,240.57860247686875,0.2859438759471473
541,2019-09-07 10:34:59,22.628758,114.104581,8.379154223644633,238.80799087076008,-0.6626462136345568
541,2019-09-07 10:35:00,22.62872,114.10451299999998,7.7165080100100765,243.60872551124208,-0.6829534157793109
541,2019-09-07 10:35:02,22.62866,114.104382,6.350601178451455,243.98179306138596,-1.0395488145339562
541,2019-09-07 10:35:04,22.628619,114.104291,4.271503549383542,254.21829662357013,-2.157816126168496
541,2019-09-07 10:35:05,22.628613,114.104268,2.113687423215046,242.98586728082356,0.0226680402791299
541,2019-09-07 10:35:07,22.628597,114.104234,2.159023503773306,247.0259760525312,1.13630063664304
541,2019-09-07 10:35:08,22.628588,114.104211,3.295324140416346,247.6877696409904,0.5549559687718233
541,2019-09-07 10:35:10,22.628563,114.104145,4.405236077959993,246.45649448249912,0.570029277966571
541,2019-09-07 10:35:12,22.628526,114.104053,5.545294633893135,234.30405194372497,0.2917080076979386
541,2019-09-07 10:35:14,22.628463,114.103958,6.128710649289012,245.5515086074573,0.2080961699201604
541,2019-09-07 10:35:16,22.628416,114.103846,6.544902989129333,251.5639957974879,0.7905773373880773
541,2019-09-07 10:35:17,22.628396,114.103781,7.33548032651741,253.613219402418,0.1417040543169179
541,2019-09-07 10:35:19,22.628358,114.103641,7.618888435151246,251.9179381665116,0.2862391658218532
541,2019-09-07 10:35:20,22.628336,114.103568,7.905127600973099,248.63319655385104,-0.3332609548083063
541,2019-09-07 10:35:21,22.62831,114.103496,7.571866646164793,247.440122741509,-0.0117306662865583
541,2019-09-07 10:35:23,22.628259,114.103363,7.548405313591676,240.49210982075203,0.8081812157724233
541,2019-09-07 10:35:24,22.628224,114.103296,8.3565865293641,242.2081552766844,0.4363417485108654
541,2019-09-07 10:35:26,22.628152,114.103148,9.22927002638583,235.46442334391276,0.3497472837069706
541,2019-09-07 10:35:28,22.628051,114.102989,9.928764593799771,242.11666651214605,0.158407463377963
541,2019-09-07 10:35:30,22.627967,114.102817,10.245579520555696,241.55569977313644,0.0511236928123208
541,2019-09-07 10:35:32,22.627877,114.10263700000002,10.34782690618034,240.5937090184721,-0.059115671418672
541,2019-09-07 10:35:34,22.627787,114.10246399999998,10.229595563342995,238.69114710316097,-0.0145862002200791
541,2019-09-07 10:35:36,22.627691,114.102293,10.200423162902837,235.60452726640955,-0.1808825978571047
541,2019-09-07 10:35:38,22.627588,114.10213,9.838657967188627,236.39670551716813,-0.0148751351963181
541,2019-09-07 10:35:39,22.627542,114.102055,9.82378283199231,241.8323045087241,-0.3192322768865612
541,2019-09-07 10:35:41,22.627456,114.101881,9.185318278219189,239.17756364840076,-0.5215238041481918
541,2019-09-07 10:35:43,22.62738,114.101743,8.142270669922803,252.37001160347603,-0.1660298533784292
541,2019-09-07 10:35:44,22.627358,114.101668,7.976240816544374,260.2928436524221,-0.4224713705754412
541,2019-09-07 10:35:45,22.627346,114.101592,7.553769445968933,274.3629560837678,-0.2603114625703044
541,2019-09-07 10:35:46,22.627351,114.101521,7.293457983398628,291.6118088652151,0.0674234737551198
541,2019-09-07 10:35:48,22.6274,114.10138700000002,7.428304930908868,312.88048514156264,1.0189358158666364
541,2019-09-07 10:35:49,22.627448,114.101331,8.447240746775504,313.33788752124667,0.1885495959674479
541,2019-09-07 10:35:51,22.627556,114.101207,8.8243399387104,310.05858632518607,0.2534052328867666
541,2019-09-07 10:35:52,22.627608,114.10114,9.077745171597169,312.07666388733253,-0.0765754600974588
541,2019-09-07 10:35:54,22.627718,114.101008,8.92459425140225,313.7412667258827,-0.7769113660733584
541,2019-09-07 10:35:55,22.627771,114.100948,8.14768288532889,314.5112049312239,-0.5446065297878517
541,2019-09-07 10:35:56,22.62782,114.100894,7.603076355541039,316.4303264195137,-0.0416081934051622
541,2019-09-07 10:35:58,22.627918,114.100793,7.519859968730715,320.16276329975346,-0.0497535289420971
541,2019-09-07 10:35:59,22.62797,114.100746,7.470106439788617,317.29230805626065,-0.2345272110559628
541,2019-09-07 10:36:00,22.628019,114.100697,7.235579228732655,319.1292867913206,-0.286418803665593
541,2019-09-07 10:36:01,22.628067,114.100652,6.9491604250670616,319.82003136844605,0.0841339443632387
541,2019-09-07 10:36:02,22.628114,114.100609,7.0332943694303,321.2345614811096,0.1187145392177715
541,2019-09-07 10:36:04,22.628214,114.100522,7.270723447865843,319.9168059624302,0.0352420642389428
541,2019-09-07 10:36:06,22.628316,114.100429,7.341207576343729,320.56296219354203,-0.0488635960404457
541,2019-09-07 10:36:08,22.628417,114.100339,7.243480384262837,317.89305658493925,-0.2608705607615738
541,2019-09-07 10:36:09,22.628465,114.100292,6.982609823501264,320.483325991572,0.0685868261793558
541,2019-09-07 10:36:10,22.628512,114.10025,7.05119664968062,313.99168117731955,0.2964428298313422
541,2019-09-07 10:36:12,22.628602,114.100149,7.644082309343304,313.74145076435235,1.4564707121157188
541,2019-09-07 10:36:13,22.628655,114.10008899999998,9.100553021459024,312.45459996393106,0.0895195912827055
541,2019-09-07 10:36:15,22.628769,114.099954,9.279592204024434,309.97158646838307,-0.0752324066867444
541,2019-09-07 10:36:17,22.628875,114.099817,9.129127390650943,312.29373091666434,-0.0203908090718192
541,2019-09-07 10:36:19,22.628985,114.099686,9.088345772507306,314.2014482624469,-0.0047859624303407
541,2019-09-07 10:36:21,22.629099,114.099559,9.078773847646625,314.4278550683391,0.272186099668712
541,2019-09-07 10:36:22,22.629156,114.099496,9.350959947315337,317.9745116991657,0.3265721198223774
541,2019-09-07 10:36:24,22.629283,114.099372,10.004104186960092,318.7326678848108,0.4453586461928251
541,2019-09-07 10:36:26,22.629425,114.09923700000002,10.894821479345742,318.0583819362997,0.3460057995572407
541,2019-09-07 10:36:28,22.629576,114.09909,11.586833078460224,317.6472058440255,0.5318926344476615
541,2019-09-07 10:36:29,22.629657,114.09901,12.118725712907883,318.3685104683123,-0.1513123700141747
541,2019-09-07 10:36:30,22.629738,114.098932,11.96741334289371,317.65626727151835,-0.3772504428071261
541,2019-09-07 10:36:31,22.629817000000006,114.098854,11.590162900086584,315.97108731959986,0.0278734725302678
541,2019-09-07 10:36:33,22.629965,114.098699,11.64590984514712,317.83972158122475,0.3584736119128653
541,2019-09-07 10:36:35,22.630123,114.098544,12.36285706897285,317.96403932931173,0.277489643179293
541,2019-09-07 10:36:37,22.630295,114.098376,12.917836355331437,320.28340207052304,0.5217831112501603
541,2019-09-07 10:36:38,22.630385,114.098295,13.439619466581595,317.4510193029335,0.2487944640619934
541,2019-09-07 10:36:40,22.630566,114.098115,13.937208394705584,315.5042110491419,0.5876165811810115
541,2019-09-07 10:36:41,22.630659,114.098016,14.524824975886595,313.4309645360381,-0.0813121276558686
541,2019-09-07 10:36:42,22.630749,114.097913,14.443512848230728,310.6480499705853,0.0827664646918933
541,2019-09-07 10:36:43,22.630833,114.097807,14.52627931292262,309.138425378679,0.0839925834576718
541,2019-09-07 10:36:45,22.630999,114.097586,14.694264479837964,305.66520008672666,0.187028851632828
541,2019-09-07 10:36:47,22.631154,114.097352,15.06832218310362,303.3737883799677,0.1486593463511125
541,2019-09-07 10:36:49,22.631306,114.097102,15.365640875805845,299.90099368828294,0.1131443051902554
541,2019-09-07 10:36:50,22.631375,114.096972,15.4787851809961,298.44500049396515,0.0763341956050736
541,2019-09-07 10:36:52,22.631508,114.096706,15.631453572206247,296.6776392737996,0.2616666652183959
541,2019-09-07 10:36:53,22.631572,114.096568,15.893120237424643,295.631852416757,0.2930272515810372
541,2019-09-07 10:36:54,22.631634,114.096428,16.18614748900568,295.86834795340746,0.1090975509503096
541,2019-09-07 10:36:56,22.631762,114.096142,16.4043425909063,295.9825751893763,0.0537141082215697
541,2019-09-07 10:36:58,22.631892,114.095853,16.51177080734944,295.05643479961174,0.1075217776859887
541,2019-09-07 10:36:59,22.631955,114.095707,16.619292585035428,295.5014145516433,0.131196268102455
541,2019-09-07 10:37:01,22.632084,114.095414,16.881685121240338,296.23402797756904,0.1878048176348929
541,2019-09-07 10:37:03,22.63222,114.095115,17.257294756510124,299.56042855997583,0.5020862660526149
541,2019-09-07 10:37:04,22.632298,114.094966,17.75938102256274,299.0728770722183,-0.0480080631480461
541,2019-09-07 10:37:06,22.632454,114.094662,17.663364896266646,294.2400566016162,-1.0251891549101622
541,2019-09-07 10:37:07,22.632518,114.094508,16.638175741356484,290.77600647548746,-0.348854194282759
541,2019-09-07 10:37:09,22.632622,114.09421100000002,15.940467352790966,283.7791552651092,-0.2020361977543876
541,2019-09-07 10:37:11,22.632689000000006,114.093915,15.53639495728219,287.5940248362932,0.0195483685126918
541,2019-09-07 10:37:13,22.632773,114.093628,15.575491694307576,285.05837597963966,-0.6394568847849662
541,2019-09-07 10:37:14,22.63281,114.093479,14.936034809522608,280.3798989992484,-0.3647139773458994
541,2019-09-07 10:37:16,22.632857,114.093201,14.20660685483081,270.4632716180083,-1.5340197588394648
541,2019-09-07 10:37:17,22.632858,114.093067,12.672587095991345,261.8663408548661,-0.4918098115474727
541,2019-09-07 10:37:19,22.632827,114.092832,11.6889674728964,257.42546520021835,-1.3725593454841594
541,2019-09-07 10:37:20,22.632806,114.09273,10.31640812741224,259.6588412440244,-1.024412096542651
541,2019-09-07 10:37:21,22.63279,114.09263500000002,9.291996030869589,259.29896690238604,-0.2920106423598128
541,2019-09-07 10:37:23,22.63276,114.092463,8.707974746149963,256.66685945758536,-0.0772229428707209
541,2019-09-07 10:37:25,22.632725,114.092303,8.553528860408521,253.0965034863621,0.3757598634046992
541,2019-09-07 10:37:26,22.632702,114.092221,8.92928872381322,249.9228631513504,0.0599772607097683
541,2019-09-07 10:37:27,22.632674,114.092138,8.989265984522989,247.3530089337059,-0.1425796452098566
541,2019-09-07 10:37:29,22.632612,114.091977,8.704106694103276,247.70894162662375,-0.8134279207276558
541,2019-09-07 10:37:30,22.632584,114.091903,7.89067877337562,242.6402375025812,-0.1519275630082193
541,2019-09-07 10:37:32,22.63252,114.091769,7.586823647359181,242.7098775822625,-0.7358350005775858
541,2019-09-07 10:37:33,22.63249,114.091706,6.850988646781596,237.6373328546029,-1.3341543876929889
541,2019-09-07 10:37:34,22.632459,114.091653,5.516834259088607,231.17165921398572,-1.4347677502242815
541,2019-09-07 10:37:35,22.632433,114.091618,4.082066508864325,231.22738861890457,-0.1246239617125672
541,2019-09-07 10:37:37,22.63239,114.09156000000002,3.8328185854391914,232.82323962967155,1.1706622948778231
541,2019-09-07 10:37:38,22.632369,114.09153,5.003480880317014,233.2331431545277,0.4269233101856198
541,2019-09-07 10:37:40,22.632309,114.091443,5.857327500688253,231.4805595726588,0.7965015853231892
541,2019-09-07 10:37:41,22.632273,114.091394,6.653829086011442,231.36031671253147,0.1398664080925988
541,2019-09-07 10:37:43,22.632197,114.091291,6.93356190219664,232.26448146915573,0.2492258999753938
541,2019-09-07 10:37:44,22.632157,114.091235,7.182787802172034,230.90366276288896,0.1034996050163252
541,2019-09-07 10:37:46,22.632076,114.091127,7.3897870122046845,234.94787361596,0.2998303697674314
541,2019-09-07 10:37:48,22.631997,114.091005,7.989447751739547,238.3273991626036,1.154505199177672
541,2019-09-07 10:37:49,22.631956,114.090933,9.14395295091722,235.7206287625762,0.1606959055813996
541,2019-09-07 10:37:51,22.631861,114.090782,9.46534476208002,233.9814763652794,0.2290844562607521
541,2019-09-07 10:37:52,22.63181,114.090706,9.69442921834077,231.15725924313003,0.2364799948943883
541,2019-09-07 10:37:53,22.631755,114.090632,9.93090921323516,231.5822152080897,0.1039657089529946
541,2019-09-07 10:37:55,22.631643,114.090479,10.138840631141148,236.9739105143356,0.0211566309926798
541,2019-09-07 10:37:56,22.631592,114.090394,10.159997262133828,235.89647688985067,-0.2865470959705103
541,2019-09-07 10:37:57,22.631542,114.090314,9.873450166163318,235.56111000657165,-0.007067100120663
541,2019-09-07 10:37:58,22.631492,114.090235,9.866383066042657,234.59551138006472,0.0233850197575451
541,2019-09-07 10:38:00,22.631389,114.090078,9.913153105557743,231.39921472010252,-0.4265580676947493
541,2019-09-07 10:38:01,22.631333,114.090002,9.486595037862996,230.90382013921464,-0.7934522347551365
541,2019-09-07 10:38:02,22.631282,114.089934,8.69314280310786,231.4928914094952,0.0101523517966892
541,2019-09-07 10:38:03,22.631235,114.08987,8.703295154904549,237.21048842853827,1.173044265735248
541,2019-09-07 10:38:04,22.631191,114.089796,9.876339420639797,242.3701714236135,0.3618989231680265
541,2019-09-07 10:38:06,22.631105,114.089618,10.60013726697585,247.85516192788324,0.2603151769206482
541,2019-09-07 10:38:08,22.631031,114.089421,11.120767620817146,249.1043146287104,0.2986632814597438
541,2019-09-07 10:38:09,22.630994,114.089316,11.41943090227689,249.2597770506113,-0.3950041630089735
541,2019-09-07 10:38:10,22.630958,114.089213,11.024426739267916,249.39975105037743,0.3610637072462257
541,2019-09-07 10:38:11,22.630924,114.089115,11.385490446514142,259.0979212036464,0.2415069598039876
541,2019-09-07 10:38:13,22.630884,114.08889,11.868504366122115,265.7990651151491,0.910423185407657
541,2019-09-07 10:38:14,22.630876,114.088772,12.778927551529774,272.3679662122424,0.6151730265963078
541,2019-09-07 10:38:15,22.630881,114.088641,13.394100578126082,268.56781412915126,0.0303438409216774
541,2019-09-07 10:38:16,22.630878,114.088511,13.42444441904776,261.23525913050884,-0.0719594984266276
541,2019-09-07 10:38:18,22.630841,114.088251,13.280525422194504,260.4444616543236,-0.0294754544127782
541,2019-09-07 10:38:20,22.630802,114.088,13.221574513368948,263.0833236489915,0.2334172350604753
541,2019-09-07 10:38:22,22.630773,114.087741,13.688408983489898,262.3979887219241,0.7461357975263443
541,2019-09-07 10:38:23,22.630756,114.087603,14.434544781016244,262.0699670364206,0.0822724037281004
541,2019-09-07 10:38:25,22.63072,114.087323,14.599089588472443,263.08826032997547,0.2293041860028868
541,2019-09-07 10:38:26,22.630704,114.08718,14.82839377447533,263.5610929633343,0.311255145323301
541,2019-09-07 10:38:27,22.630689,114.087036,15.139648919798631,266.0352499373828,0.1122146942061723
541,2019-09-07 10:38:29,22.63067,114.086739,15.364078308210976,261.3752274871756,0.56226529168746
541,2019-09-07 10:38:30,22.630649,114.086589,15.926343599898436,261.7543671573725,0.3046380328237017
541,2019-09-07 10:38:31,22.630628,114.086432,16.230981632722138,261.70224509014946,0.7859871289646172
541,2019-09-07 10:38:32,22.630607,114.086276,17.016968761686755,262.6722964535361,0.2180714575489251
541,2019-09-07 10:38:34,22.630567000000006,114.085939,17.453111676784605,262.69371088950606,-0.325694036644645
541,2019-09-07 10:38:35,22.630547,114.08577,17.12741764013996,259.6104170544278,-0.2101856487689968
541,2019-09-07 10:38:37,22.630492,114.085445,16.707046342601966,258.9264136697572,-0.8204808512070603
541,2019-09-07 10:38:38,22.630464,114.08529,15.886565491394906,259.2944620197232,-0.1072046726483222
541,2019-09-07 10:38:39,22.630438,114.085141,15.779360818746584,257.15137047648943,0.4221757816966924
541,2019-09-07 10:38:40,22.630406,114.084989,16.201536600443276,255.8758050622355,-0.2112323763916137
541,2019-09-07 10:38:41,22.630370000000006,114.084834,15.990304224051664,252.16723750366685,-0.0622288439724103
541,2019-09-07 10:38:43,22.630283,114.084541,15.865846536106842,249.2707159407678,0.5667473442745941
541,2019-09-07 10:38:44,22.630232,114.084395,16.432593880381436,250.68365310910303,0.1148263042092097
541,2019-09-07 10:38:46,22.630133,114.084089,16.662246488799855,247.69026951121333,-0.0182696548109166
541,2019-09-07 10:38:48,22.630019,114.08378799999998,16.625707179178022,245.29383663012956,-0.2242075802546637
541,2019-09-07 10:38:49,22.629957,114.083642,16.40149959892336,245.85292057601023,-0.5900858726218843
541,2019-09-07 10:38:50,22.629897,114.083497,15.811413726301474,245.5180464340234,-0.2792270836926258
541,2019-09-07 10:38:52,22.629781,114.083221,15.252959558916222,246.72959408505423,-1.4090512951556224
541,2019-09-07 10:38:53,22.629729,114.08308999999998,13.8439082637606,246.9281315615354,-2.798458142563307
541,2019-09-07 10:38:54,22.629683,114.082973,11.045450121197293,246.162382314161,-0.72892549025633
541,2019-09-07 10:38:56,22.62961,114.082794,9.587599140684633,248.9935541331999,-2.314497209089849
541,2019-09-07 10:38:57,22.629582,114.082715,7.273101931594784,246.03603421295597,-0.5535183688305945
541,2019-09-07 10:38:59,22.629534,114.082598,6.166065193933595,244.16947296318176,-0.5240479652984442
541,2019-09-07 10:39:00,22.629513,114.082551,5.642017228635151,242.02799947877665,0.5254460080653622
541,2019-09-07 10:39:01,22.629488,114.0825,6.167463236700513,244.89687575454224,0.0577499641300125
541,2019-09-07 10:39:03,22.62944,114.082389,6.282963164960538,249.8258398836417,-0.0021961573442794
541,2019-09-07 10:39:05,22.629401,114.082274,6.278570850271979,247.5951164009485,0.0628210642269628
541,2019-09-07 10:39:07,22.629358,114.082161,6.404212978725905,247.4465860186255,0.8230336973035
541,2019-09-07 10:39:08,22.629335,114.082101,7.227246676029405,247.34863291878568,0.2180052325741241
541,2019-09-07 10:39:10,22.629283,114.081966,7.663257141177653,247.8891987526207,0.3082675141885875
541,2019-09-07 10:39:11,22.629256,114.081894,7.971524655366241,246.12973990570117,-0.4387392430201053
541,2019-09-07 10:39:12,22.629227,114.081823,7.532785412346135,244.8116645746096,-0.1433323281108864
541,2019-09-07 10:39:14,22.629171,114.081694,7.246120756124363,247.22127256746057,-0.3654239603391609
541,2019-09-07 10:39:16,22.629121,114.081565,6.515272835446041,247.0695055835506,-0.3649128040052449
541,2019-09-07 10:39:18,22.62908,114.08146,5.785447227435551,250.49635402849648,-0.0374045832815719
541,2019-09-07 10:39:19,22.629063,114.081408,5.748042644153979,248.77430134385295,-0.5426414063600191
541,2019-09-07 10:39:20,22.629044,114.081355,5.20540123779396,245.85304962358535,-0.4515712769733389
541,2019-09-07 10:39:22,22.629008,114.081268,4.302258683847282,242.4516760870432,-1.5628532536452382
541,2019-09-07 10:39:23,22.628995,114.081241,2.739405430202044,235.61788680093784,-0.3643926222032831
541,2019-09-07 10:39:24,22.628983,114.081222,2.3750128079987607,239.2104385843396,0.0674599706784588
541,2019-09-07 10:39:25,22.628972,114.081202,2.44247277867722,243.25604780079917,0.0368184067100356
541,2019-09-07 10:39:27,22.628952,114.081159,2.516109592097291,247.02592797738225,0.0312756504589795
541,2019-09-07 10:39:29,22.628934,114.081113,2.57866089301525,244.77743299247905,-0.0618598417891433
541,2019-09-07 10:39:30,22.628924,114.08109,2.5168010512261065,248.49728295455333,-0.0132201459589005
541,2019-09-07 10:39:31,22.628916,114.081068,2.503580905267206,252.46383221491467,0.1733442663738156
541,2019-09-07 10:39:32,22.628909,114.081044,2.6769251716410216,247.2129461031762,-0.0509894460500188
541,2019-09-07 10:39:34,22.62889,114.080995,2.574946279540984,245.60485552461412,-0.0756796841730838
541,2019-09-07 10:39:36,22.628872,114.080952,2.4235869111948163,248.4972903426605,0.6194512974704134
541,2019-09-07 10:39:37,22.628864,114.08093,3.0430382086652297,251.6332800954704,0.2063469433995672
541,2019-09-07 10:39:39,22.628845,114.080868,3.455732095464364,252.32561774493396,0.190233315563078
541,2019-09-07 10:39:40,22.628835,114.080834,3.645965411027442,253.99799359441656,-0.1622402941581207
541,2019-09-07 10:39:41,22.628826,114.0808,3.483725116869321,257.7741174874344,-0.0791007910954859
541,2019-09-07 10:39:43,22.628813,114.080735,3.3255235346783496,257.774111578644,-0.8416913378380864
541,2019-09-07 10:39:44,22.628807,114.080705,2.4838321968402632,258.06365160780786,-0.2084621554808334
541,2019-09-07 10:39:46,22.628799,114.08066399999998,2.0669078858785963,256.4632999830947,-0.1529167954612151
541,2019-09-07 10:39:47,22.628795,114.080646,1.9139910904173807,253.2510737109668,0.1137778905719726
541,2019-09-07 10:39:48,22.62879,114.080628,2.0277689809893538,254.8449974999712,0.0159433222415059
541,2019-09-07 10:39:49,22.628785,114.080608,2.04371230323086,250.14360187578848,0.0490222549362906
541,2019-09-07 10:39:50,22.628779,114.08059,2.0927345581671504,255.5356882889466,0.3458012400935586
541,2019-09-07 10:39:51,22.628774,114.080569,2.438535798260709,255.42488467469911,0.4783523106967409
541,2019-09-07 10:39:52,22.628768,114.080544,2.91688810895745,257.3658578643534,0.1949805842871561
541,2019-09-07 10:39:54,22.628756,114.080486,3.306849277531762,258.29829989380704,0.1303021810797828
541,2019-09-07 10:39:56,22.628743,114.080418,3.567453639691328,257.4258132629897,-0.1544144304844827
541,2019-09-07 10:39:57,22.628736,114.080384,3.413039209206845,258.157187528878,-0.2366572320886972
541,2019-09-07 10:39:58,22.62873,114.080353,3.176381977118148,258.76591074491625,-0.0707327700048701
541,2019-09-07 10:40:00,22.628719,114.080293,3.034916437108408,258.65535782345665,-0.2221955533758812
541,2019-09-07 10:40:01,22.628714,114.080266,2.8127208837325264,260.8815708595851,-0.0559160057940266
541,2019-09-07 10:40:03,22.628706,114.08021200000002,2.700888872144473,261.375329204894,0.0152090474125454
541,2019-09-07 10:40:05,22.628699,114.08016200000002,2.731306966969564,267.78417271248486,0.0499500056987611
541,2019-09-07 10:40:07,22.628697,114.080106,2.8312069783670863,263.1358818677245,0.048593767642205
541,2019-09-07 10:40:09,22.628691,114.080052,2.9283945136514964,271.034472676939,0.1830769472122984
541,2019-09-07 10:40:11,22.628692,114.079992,3.294548408076093,280.2354531812994,1.0858261318797076
541,2019-09-07 10:40:12,22.628698,114.079956,4.380374539955801,280.2354643235182,0.2398908025486821
541,2019-09-07 10:40:14,22.628713,114.079866,4.860156145053165,271.21697231567543,0.4267088396911962
541,2019-09-07 10:40:15,22.628714,114.079815,5.286864984744361,271.19357623417227,-0.2015741726479429
541,2019-09-07 10:40:16,22.628715,114.079763,5.085290812096418,273.9559084089573,-0.3124295522689984
541,2019-09-07 10:40:17,22.628718,114.079716,4.77286125982742,275.3819094317668,-0.0286160160588897
541,2019-09-07 10:40:19,22.628726,114.079624,4.71562922770964,278.2197406079728,0.1032988449806531
541,2019-09-07 10:40:20,22.628732,114.079579,4.818928072690293,277.7123932310503,0.254240287386354
541,2019-09-07 10:40:21,22.628738,114.079531,5.073168360076648,277.4073946696975,0.1092219117450561
541,2019-09-07 10:40:22,22.628744,114.079481,5.182390271821704,278.6246928118258,-0.0426856565606375
541,2019-09-07 10:40:23,22.628751,114.079431,5.139704615261066,278.7979801065874,-0.0449192076554503
541,2019-09-07 10:40:24,22.628758,114.079382,5.094785407605616,279.41552905266104,-0.0106482856845211
541,2019-09-07 10:40:26,22.628773,114.07928400000002,5.0734888362365735,281.4827251890382,0.1361346454094594
541,2019-09-07 10:40:27,22.628782,114.079236,5.209623481646033,282.1084527059299,0.1042517080395439
541,2019-09-07 10:40:29,22.628802,114.079135,5.418126897725121,281.3446650224992,0.1004895740495168
541,2019-09-07 10:40:30,22.628812,114.079081,5.518616471774638,281.7690543004905,-0.175148133855413
541,2019-09-07 10:40:32,22.628832,114.078977,5.168320204063812,274.1311334427812,-0.5227289694017463
541,2019-09-07 10:40:33,22.628835,114.078932,4.645591234662065,278.21974705020057,-0.1821521170053595
541,2019-09-07 10:40:34,22.628841,114.078887,4.463439117656706,279.00909036176586,-0.3548353545154565
541,2019-09-07 10:40:35,22.628847,114.078846,4.108603763141249,279.7072820567142,-0.4646991604823181
541,2019-09-07 10:40:36,22.628853,114.078808,3.6439046026589312,279.6080584821804,-0.8178270449913665
541,2019-09-07 10:40:37,22.628858,114.078776,2.8260775576675647,287.53617595673984,-0.164933697395325
541,2019-09-07 10:40:39,22.628872,114.078728,2.4962101628769147,283.8326749714687,-0.2335417864194284
541,2019-09-07 10:40:40,22.628877,114.078706,2.262668376457486,281.6600402535136,-0.6128741347341853
541,2019-09-07 10:40:41,22.628881,114.078685,1.649794241723301,298.44450794769256,-0.2477579229650366
541,2019-09-07 10:40:43,22.628893,114.078661,1.1542783957932277,295.3604622340363,-0.1181188409682285
541,2019-09-07 10:40:45,22.6289,114.078645,0.9180407138567708,283.5367150696932,0.0987141291496608
541,2019-09-07 10:40:46,22.628902,114.07863600000002,1.0167548430064317,282.2259061404503,0.1510588436080384
541,2019-09-07 10:40:48,22.628906,114.078616,1.3188725302225084,284.18683957570727,0.2691826759740289
541,2019-09-07 10:40:50,22.628913,114.07858600000002,1.8572378821705664,285.15502778090325,0.2051126044095096
541,2019-09-07 10:40:52,22.628923,114.078546,2.267463090989585,292.9740829648175,-0.1923006150318538
541,2019-09-07 10:40:53,22.628932,114.078523,2.075162475957732,303.6918148728877,-0.4667368983526503
541,2019-09-07 10:40:54,22.62894,114.07851,1.608425577605081,289.8564258467352,0.3075900583879574
541,2019-09-07 10:40:55,22.628945,114.078495,1.9160156359930387,290.76631645028914,0.5814524459457451
541,2019-09-07 10:40:56,22.628952,114.078475,2.497468081938784,288.3483483988789,0.1576991106791889
541,2019-09-07 10:40:58,22.628967000000006,114.078426,2.8128663032971617,288.5841515948464,0.4247249219341489
541,2019-09-07 10:40:59,22.628976,114.078397,3.2375912252313106,287.4602959218827,0.2876735203898182
541,2019-09-07 10:41:00,22.628985,114.078366,3.525264745621129,278.5572723008411,0.4412582356516936
541,2019-09-07 10:41:01,22.62899,114.07833,3.9665229812728224,282.2259177614781,0.0440617854254528
541,2019-09-07 10:41:02,22.628998,114.07829,4.010584766698275,280.6357348084487,-0.4582378399472229
541,2019-09-07 10:41:04,22.629011,114.078215,3.094109086803829,277.0186171348196,-0.5915665431781315
541,2019-09-07 10:41:06,22.629016,114.078171,1.9109760004475664,291.5027373796828,-1.1144816673130529
541,2019-09-07 10:41:07,22.62902,114.07816,0.7964943331345137,310.1191229784931,-0.2565896803449426
541,2019-09-07 10:41:09,22.629027,114.078151,0.2833149724446284,294.9062287919969,-0.0213976084265872
541,2019-09-07 10:41:14,22.62903,114.078144,0.1763269303116921,342.89834492790624,-0.1545133851958728
541,2019-09-07 10:41:15,22.629033,114.078143,0.0218135451158192,0.0,0.0006461619902431
541,2019-09-07 10:41:30,22.629033,114.078143,0.0315059749694667,285.1550338645565,0.0158256204319686
541,2019-09-07 10:41:42,22.629035,114.078135,0.221413420153091,285.9132118157495,2.5254280869970747
541,2019-09-07 10:41:43,22.62904,114.078116,2.7468415071501657,288.70427006560493,1.1953022753317804
541,2019-09-07 10:41:44,22.62905,114.078084,3.942143782481946,281.4827541225411,0.1086632832989413
541,2019-09-07 10:41:46,22.629065,114.078004,4.159470349079829,282.5296275559107,0.2831054463657905
541,2019-09-07 10:41:47,22.629073,114.077965,4.442575795445619,281.82106657931297,0.14045743372517
541,2019-09-07 10:41:49,22.62909,114.077877,4.723490662895959,279.2630250278322,-0.1747812644635238
541,2019-09-07 10:41:51,22.629104,114.077784,4.373928133968912,281.1436265678622,-1.5579811288944283
541,2019-09-07 10:41:52,22.62911,114.077751,2.8159470050744835,278.7979972032298,-0.6762472549279397
541,2019-09-07 10:41:53,22.629113,114.07773,2.139699750146544,282.2259243781648,0.1211165293813278
541,2019-09-07 10:41:54,22.629117,114.07771,2.260816279527872,279.5661674969087,0.02786408536395
541,2019-09-07 10:41:56,22.629124,114.077665,2.316544450255772,279.7794277315103,-0.0984911472402609
541,2019-09-07 10:41:58,22.629131,114.077621,2.1195621557752498,280.82372687159705,-0.0938399203810447
541,2019-09-07 10:41:59,22.629134,114.077604,2.025722235394205,281.93639244266365,0.1580599240056888
541,2019-09-07 10:42:01,22.629142,114.07756299999998,2.341842083405582,277.5568576678626,0.4190376944150187
541,2019-09-07 10:42:03,22.629148,114.077514,3.17991747223562,276.68034748111404,0.637770143247621
541,2019-09-07 10:42:05,22.629156,114.07744,4.455457758730862,278.79801526694087,0.5705985790534549
541,2019-09-07 10:42:07,22.62917,114.077342,5.596654916837772,276.757911858317,1.5324135802748398
541,2019-09-07 10:42:08,22.629177,114.077278,7.129068497112612,279.5284023813623,0.3494408668556774
541,2019-09-07 10:42:10,22.629199,114.077136,7.827950230823967,278.07494787968733,1.4598271440252306
541,2019-09-07 10:42:11,22.62921,114.077052,9.287777374849195,279.69008411092545,0.1704809279892867
541,2019-09-07 10:42:13,22.629239,114.076868,9.62873923082777,281.20204997187284,0.1142909973474104
541,2019-09-07 10:42:14,22.629256,114.076775,9.74303022817518,280.18193709390493,-0.0370061148974354
541,2019-09-07 10:42:16,22.629287,114.076588,9.66901799838031,280.7850377798869,-0.4594493729645457
541,2019-09-07 10:42:17,22.629303,114.076497,9.209568625415764,283.1191297922666,-0.066842746796107
541,2019-09-07 10:42:19,22.62934,114.076325,9.07588313182355,284.14165543343347,-0.0367260306972312
541,2019-09-07 10:42:20,22.62936,114.076239,9.03915710112632,283.613447077543,-0.688587885617018
541,2019-09-07 10:42:21,22.629379,114.076154,8.350569215509301,282.3808919185102,-0.7347384327840358
541,2019-09-07 10:42:23,22.62941,114.076001,6.8810923499412295,273.87377950045266,-0.8543262228089614
541,2019-09-07 10:42:25,22.629417,114.075889,5.172439904323307,270.0000075024201,-1.9189725992177595
541,2019-09-07 10:42:26,22.629417,114.07585,3.253467305105547,265.5749201599157,-0.3269737116955915
541,2019-09-07 10:42:28,22.629413,114.075794,2.599519881714364,254.84493688229952,-0.0626352168923292
541,2019-09-07 10:42:30,22.629402,114.07575,2.4742494479297057,248.6928763166162,0.339957524506751
541,2019-09-07 10:42:31,22.629393,114.075725,2.8142069724364567,261.201994612147,0.4016695566198311
541,2019-09-07 10:42:32,22.629389,114.075697,3.215876529056288,273.7567247972093,0.0767001095206985
541,2019-09-07 10:42:34,22.629393,114.075631,3.369276748097685,279.60809551674663,-0.7179313248964068
541,2019-09-07 10:42:35,22.629398,114.075599,2.651345423201278,282.49518179342067,-0.4536488099786238
541,2019-09-07 10:42:37,22.629407,114.075555,1.7440478032440303,286.4611000351622,-0.7960451380025311
541,2019-09-07 10:42:39,22.629413,114.075533,0.1519575272389683,298.4445958588705,-0.0096117209867247
541,2019-09-07 10:42:54,22.629414,114.075531,0.0077817124380972,0.0,-0.0005187808292064
541,2019-09-07 10:43:09,22.629414,114.075531,0.0,0.0,0.0010501964673865
541,2019-09-07 10:43:24,22.629414,114.075531,0.0157529470107979,254.8449285808711,0.0115165471308872
541,2019-09-07 10:43:36,22.629413,114.075527,0.1539515125814449,273.6465270499783,0.4375327611389952
541,2019-09-07 10:43:38,22.629414,114.07551,1.0290170348594354,274.76397358815854,0.5264777393926896
541,2019-09-07 10:43:39,22.629415,114.075497,1.555494774252125,280.823748719178,1.2043601954572192
541,2019-09-07 10:43:40,22.629418,114.07548,2.759854969709344,285.86371780876857,0.446661754705935
541,2019-09-07 10:43:42,22.629434,114.075419,3.6531784791212143,284.4643906149902,0.6356384231488938
541,2019-09-07 10:43:43,22.629444,114.075377,4.288816902270108,284.03719078490894,-0.1884231177748399
541,2019-09-07 10:43:44,22.629453,114.075338,4.100393784495268,281.00429733244806,0.0851773683743317
541,2019-09-07 10:43:45,22.62946,114.075299,4.1855711528696,281.3447233143972,0.2615979908289851
541,2019-09-07 10:43:47,22.629475,114.075218,4.70876713452757,281.14366906719954,0.3808859317185433
541,2019-09-07 10:43:49,22.629493,114.075119,5.470538997964657,280.5806230385911,1.4128675683068064
541,2019-09-07 10:43:50,22.629503,114.075061,6.883406566271463,280.09233826379403,0.54754317029554
541,2019-09-07 10:43:52,22.629526,114.074921,7.978492906862543,280.3562060665655,0.4617332067371098
541,2019-09-07 10:43:54,22.629554,114.074755,8.901959320336763,280.23552673236054,0.7371102529907301
541,2019-09-07 10:43:55,22.629569,114.074665,9.639069573327491,279.70734335174046,0.938280139206439
541,2019-09-07 10:43:56,22.629584,114.07457,10.577349712533932,280.85750613821153,0.4254403242598323
541,2019-09-07 10:43:58,22.629621,114.074361,11.428230361053595,282.6432536062004,0.3322578782479501
541,2019-09-07 10:44:00,22.629668,114.07413400000002,12.092746117549495,282.4268251781498,0.4709508458071525
541,2019-09-07 10:44:01,22.629692,114.074016,12.56369696335665,282.61741544514973,0.3135582408764445
541,2019-09-07 10:44:02,22.629717000000007,114.073895,12.877255204233094,281.8895353411804,0.0365921108420419
541,2019-09-07 10:44:04,22.629765,114.073648,12.950439425917178,280.63905086230466,0.024823619466221
541,2019-09-07 10:44:06,22.629808,114.0734,13.00008666484962,279.31490311041205,0.0516210648875272
541,2019-09-07 10:44:08,22.629846,114.073149,13.103328794624677,279.2067581691975,0.2621962327472111
541,2019-09-07 10:44:09,22.629865,114.073022,13.365525027371886,279.46302376405214,0.2666046122519194
541,2019-09-07 10:44:10,22.629885,114.072892,13.632129639623804,280.7700423148029,0.0926119273543202
541,2019-09-07 10:44:12,22.629931,114.07263,13.817353494332446,280.7974485798585,0.0770466822149051
541,2019-09-07 10:44:14,22.629978,114.072363,13.971446858762256,283.2915036361824,0.3575573622373102
541,2019-09-07 10:44:15,22.630007,114.07223,14.329004220999566,281.06527943139133,0.1530869561107586
541,2019-09-07 10:44:17,22.630057,114.071953,14.635178133221084,280.7252536703162,0.4536953517525575
541,2019-09-07 10:44:18,22.630082,114.07181,15.08887348497364,280.50983466079435,0.1917658118344007
541,2019-09-07 10:44:19,22.630107,114.07166399999998,15.280639296808042,280.6795130442433,0.0100807625397418
541,2019-09-07 10:44:21,22.630158,114.071371,15.300800821887526,279.6209988668356,0.1686485826504853
541,2019-09-07 10:44:22,22.630181,114.071224,15.469449404538013,281.5456017980777,0.0945985732336609
541,2019-09-07 10:44:24,22.630237,114.070927,15.658646551005331,280.4990305872575,0.2694643766870221
541,2019-09-07 10:44:25,22.630263,114.070775,15.928110927692355,278.7980960466578,-0.1135084317044192
541,2019-09-07 10:44:26,22.630285,114.070621,15.814602495987936,279.7704860877898,-0.1118346043727998
541,2019-09-07 10:44:28,22.630333,114.070319,15.590933287242336,280.03099073194,-0.459373460032765
541,2019-09-07 10:44:29,22.630357,114.070172,15.131559827209571,278.28976489341966,-0.2577037964885713
541,2019-09-07 10:44:31,22.630396,114.069882,14.616152234232429,276.29498457895875,-0.8034189632863571
541,2019-09-07 10:44:33,22.630424,114.069607,13.009314307659714,276.2102371979435,-0.8591298965257455
541,2019-09-07 10:44:35,22.630447,114.069378,11.291054514608224,279.5079607946442,-0.491904957250874
541,2019-09-07 10:44:37,22.630479,114.069171,10.307244600106475,273.55187310858696,-0.6539279414237358
541,2019-09-07 10:44:39,22.63049,114.068979,8.999388717259004,273.9227018984963,-0.6920923777408339
541,2019-09-07 10:44:41,22.6305,114.068821,7.615203961777336,274.83810792042925,-1.436896374713843
541,2019-09-07 10:44:42,22.630505,114.068757,6.178307587063493,274.4251364116552,-1.090348319759333
541,2019-09-07 10:44:43,22.630509,114.068701,5.08795926730416,271.44331300530393,-1.2388005853314707
541,2019-09-07 10:44:44,22.63051,114.068658,3.849158681972689,270.0000061574628,-1.7540643072485875
541,2019-09-07 10:44:45,22.63051,114.068626,2.095094374724101,259.4193177239713,-0.4182298873083547
541,2019-09-07 10:44:47,22.630505,114.068597,1.258634600107392,252.8002076452684,-0.3007216818187088
541,2019-09-07 10:44:48,22.630503,114.06859,0.9579129182886832,275.8910831369876,0.103813417344767
541,2019-09-07 10:44:50,22.630505,114.068569,1.1655397529782172,270.0000025058889,0.1344849213447174
541,2019-09-07 10:44:51,22.630505,114.068556,1.300024674322935,270.0000048094842,-0.0513167634486617
541,2019-09-07 10:44:53,22.630505,114.068531,1.1973911474256111,270.0000019151066,-1.1007948867907622
541,2019-09-07 10:44:54,22.630505,114.068521,0.096596260634849,270.00000115169644,-0.0028299685768569
541,2019-09-07 10:45:10,22.630505,114.068515,0.051316763405138,270.0000007897347,0.0342111756795927
541,2019-09-07 10:45:14,22.630505,114.06851100000002,0.1881614661235089,270.0000013538309,0.148248868489421
541,2019-09-07 10:45:16,22.630505,114.068504,0.4846592031023509,252.80020761585288,0.2930821528437421
541,2019-09-07 10:45:17,22.630503,114.068497,0.7777413559460931,270.0000015547901,0.1526291424463796
541,2019-09-07 10:45:18,22.630503,114.068489,0.9303704983924728,260.2926145001203,-0.0409102675392671
541,2019-09-07 10:45:20,22.6305,114.06847,0.8485499633139384,274.4251281065052,-0.1158171611466423
541,2019-09-07 10:45:22,22.630501,114.068456,0.6169156410206537,270.00000078973466,-0.5555349201205799
541,2019-09-07 10:45:23,22.630501,114.068452,0.0613807209000737,236.97410807388263,-0.0027319103635365
541,2019-09-07 10:45:38,22.630498,114.068447,0.020402065447026,0.0,-0.0013601376964684
541,2019-09-07 10:45:53,22.630498,114.068447,0.0,0.0,0.0008924654929514
541,2019-09-07 10:46:08,22.630498,114.068447,0.013386982394272,270.000000592301,0.0561248779003426
541,2019-09-07 10:46:16,22.630498,114.068444,0.4623860055970129,272.9533529692421,1.105100633671041
541,2019-09-07 10:46:18,22.6305,114.068402,2.672587272939095,273.4444752772722,1.1447439231993275
541,2019-09-07 10:46:19,22.630502,114.068366,3.817331196138423,278.1131376015728,-0.1074960174113894
541,2019-09-07 10:46:20,22.630507,114.068328,3.709835178727033,273.5426482423486,-0.0160834197182357
541,2019-09-07 10:46:22,22.630511,114.068258,3.6776683392905616,274.2439639853566,0.2534783101734268
541,2019-09-07 10:46:24,22.630516,114.068185,4.184624959637415,270.0000173149342,0.3369635922233707
541,2019-09-07 10:46:26,22.630516,114.068095,4.858552144084157,267.613881345069,0.92895484907576
541,2019-09-07 10:46:27,22.630514,114.068043,5.787506993159917,267.3491278312489,0.1182555033925041
541,2019-09-07 10:46:29,22.630509,114.067926,6.024017999944925,270.0000113507632,-0.0189273194698804
541,2019-09-07 10:46:30,22.630509,114.067867,6.005090680475044,272.13954145533256,0.0981317139470956
541,2019-09-07 10:46:31,22.630511,114.067809,6.10322239442214,274.64545982050294,0.1460481097765966
541,2019-09-07 10:46:33,22.63052,114.067689,6.395318613975333,276.7579901098756,0.6365651831929151
541,2019-09-07 10:46:35,22.630534,114.067561,7.6684489803611635,272.55437864847784,0.7011791097855125
541,2019-09-07 10:46:37,22.630541,114.067391,9.070807199932188,270.6534136173666,1.0581400348448344
541,2019-09-07 10:46:38,22.630542,114.067296,10.128947234777025,267.8392391436228,0.1218304978088582
541,2019-09-07 10:46:40,22.630535,114.067095,10.37260823039474,268.174894695939,-0.2037140700455122
541,2019-09-07 10:46:41,22.630532,114.066993,10.168894160349229,267.4550360047341,-0.2054732173356539
541,2019-09-07 10:46:43,22.630524,114.066798,9.75794772567792,267.9876125415467,-0.2559687409583286
541,2019-09-07 10:46:45,22.630518,114.066613,9.246010243761262,266.3534634104489,-1.1845412751727302
541,2019-09-07 10:46:46,22.630513,114.066528,8.061468968588532,265.4573873730597,-0.5130876080623792
541,2019-09-07 10:46:48,22.630502,114.066378,7.035293752463773,265.4947566394709,-2.45154996670988
541,2019-09-07 10:46:49,22.630498,114.066323,4.583743785753893,264.5393742252145,-2.7006693337186576
541,2019-09-07 10:46:50,22.630495,114.06628899999998,1.883074452035236,272.95334886175186,-0.8095200503616384
541,2019-09-07 10:46:52,22.630496,114.066268,0.2640343513119589,0.0,-0.0312207882425261
541,2019-09-07 10:46:59,22.630504,114.066268,0.0454888336142761,0.0,-0.0025138112567049
541,2019-09-07 10:47:14,22.630505,114.066268,0.0077816647637024,222.70718034261512,0.0001537587699577
541,2019-09-07 10:47:29,22.630503,114.06626599999998,0.0100880463130686,0.0,-0.0006725364208712
541,2019-09-07 10:47:44,22.630503,114.06626599999998,0.0,0.0,0.0
541,2019-09-07 10:47:59,22.630503,114.06626599999998,0.0,0.0,0.0021895152711774
541,2019-09-07 10:48:14,22.630503,114.06626599999998,0.0328427290676621,270.0000015547901,0.0098172316150421
541,2019-09-07 10:48:24,22.630503,114.066258,0.1310150452180838,259.7644231019886,0.6593261847518174
541,2019-09-07 10:48:25,22.630502,114.066252,0.7903412299699012,280.8238322812316,0.0681651657411951
541,2019-09-07 10:48:27,22.630505,114.066235,0.9266715614522916,263.81659692839264,0.3061850287498974
541,2019-09-07 10:48:28,22.630504,114.066225,1.2328565902021889,270.00000269355934,0.9275407846061547
541,2019-09-07 10:48:29,22.630504,114.066211,2.160397374808344,264.94579434374435,0.4899537345219626
541,2019-09-07 10:48:31,22.6305,114.066162,3.140304843852269,265.7560645973108,0.4397637023128593
541,2019-09-07 10:48:33,22.630495,114.066089,4.019832248477988,262.9813250355984,1.0780343358006466
541,2019-09-07 10:48:34,22.63049,114.066045,5.097866584278634,263.4628857704383,0.380258128135202
541,2019-09-07 10:48:36,22.630479,114.065941,5.858382840549038,262.51855567089206,1.2176857372578551
541,2019-09-07 10:48:37,22.630471,114.065875,7.076068577806893,258.6236559703558,0.8168284558900503
541,2019-09-07 10:48:38,22.630458,114.065805,7.892897033696943,259.39379889004607,0.8677445478114052
541,2019-09-07 10:48:39,22.630444,114.065724,8.760641581508349,260.11030513474066,0.7367108324653469
541,2019-09-07 10:48:40,22.63043,114.065637,9.497352413973696,259.0279445281316,1.1203724880055574
541,2019-09-07 10:48:41,22.630413,114.065542,10.617724901979251,259.4784681936522,0.3431278382726823
541,2019-09-07 10:48:43,22.630377,114.065332,11.303980578524618,259.8516011528915,1.0570972052469898
541,2019-09-07 10:48:44,22.630358,114.065217,12.361077783771607,260.3058400361287,0.0781442717573481
541,2019-09-07 10:48:46,22.63032,114.064976,12.517366327286304,261.2741384914127,-0.051425418753622
541,2019-09-07 10:48:47,22.630303,114.064856,12.465940908532682,261.0216421676036,0.1580126614850252
541,2019-09-07 10:48:49,22.630268,114.064616,12.781966231502732,262.4382196286782,0.3104690760079744
541,2019-09-07 10:48:51,22.630237,114.064363,13.40290438351868,259.72640241278333,0.1953970483317766
541,2019-09-07 10:48:53,22.630193,114.0641,13.793698480182234,257.5048102368879,0.0127740425034215
541,2019-09-07 10:48:55,22.630139,114.063836,13.819246565189076,258.77341072823765,-0.1730110036582353
541,2019-09-07 10:48:56,22.630115,114.063705,13.646235561530842,259.149131464802,0.0213167696879441
541,2019-09-07 10:48:57,22.630092,114.063575,13.667552331218786,261.1363995684556,0.0021915015783191
541,2019-09-07 10:48:59,22.630054,114.063311,13.671935334375425,261.53281466903866,-0.1126108479708118
541,2019-09-07 10:49:00,22.630036,114.06318,13.559324486404613,260.5370160496944,-0.1087211175727258
541,2019-09-07 10:49:01,22.630016,114.06305,13.450603368831889,259.49184971420004,-0.0386742539608953
541,2019-09-07 10:49:03,22.629972,114.062793,13.373254860910096,258.9416011259576,0.0050049327898236
541,2019-09-07 10:49:05,22.629926,114.062538,13.383264726489744,261.46864479727924,-0.3394690750951543
541,2019-09-07 10:49:06,22.629908,114.062408,13.04379565139459,260.3451504632209,-0.9054273963308308
541,2019-09-07 10:49:07,22.629889,114.062287,12.138368255063758,259.238078098409,-0.0466360305791457
541,2019-09-07 10:49:09,22.629849,114.062059,12.045096193905469,262.2235568464198,0.9078231548961212
541,2019-09-07 10:49:10,22.629834,114.06194,12.952919348801588,263.7450643622793,0.3698357194519177
541,2019-09-07 10:49:12,22.629808,114.061683,13.692590787705424,264.80367931114625,0.4584254337281876
541,2019-09-07 10:49:14,22.629785,114.061409,14.6094416551618,264.7185730632278,0.46247674237084
541,2019-09-07 10:49:16,22.62976,114.061116,15.53439513990348,265.0067005411587,0.3219335711309865
541,2019-09-07 10:49:18,22.629735,114.060806,16.178262282165452,264.6181000850532,0.6796952366675946
541,2019-09-07 10:49:19,22.629721,114.060645,16.857957518833047,264.40867386878006,0.5108891913492037
541,2019-09-07 10:49:20,22.629706,114.060479,17.36884671018225,264.93114575168994,0.4085307907928381
541,2019-09-07 10:49:21,22.629692,114.060308,17.77737750097509,265.7147135007354,0.0623621088799879
541,2019-09-07 10:49:23,22.629668,114.05996100000002,17.902101718735064,266.27018213720567,0.0411444171520631
541,2019-09-07 10:49:25,22.629647,114.05961200000002,17.98439055303919,267.8788204316496,-0.0431529094793017
541,2019-09-07 10:49:27,22.629635,114.059261,17.898084734080587,270.0000330905919,-0.1401958768927613
541,2019-09-07 10:49:28,22.629635,114.059089,17.757888857187826,268.21684971969114,0.268905140188032
541,2019-09-07 10:49:29,22.62963,114.05891499999998,18.026793997375854,267.1966310591677,0.107326321065404
541,2019-09-07 10:49:30,22.629622,114.058738,18.134120318441266,267.53267485536264,-0.0659021173307579
541,2019-09-07 10:49:31,22.629615,114.058562,18.068218201110504,269.2947075700424,-0.0018247556656927
541,2019-09-07 10:49:33,22.629611,114.05821,18.06456868977912,269.6473404275944,-0.0521818119161245
541,2019-09-07 10:49:34,22.62961,114.058034,18.012386877862994,270.7094240248979,-0.1843955672305846
541,2019-09-07 10:49:35,22.629612,114.057859,17.82799131063241,271.43502266872343,-0.0826307532629861
541,2019-09-07 10:49:37,22.629620000000006,114.057513,17.662729804106437,272.3583029863431,-0.0448780752358022
541,2019-09-07 10:49:39,22.629633,114.057171,17.572973653634833,273.44451268758365,-0.064774636669652
541,2019-09-07 10:49:41,22.629652,114.056829,17.44342438029553,274.9756770427688,-0.0960253642296962
541,2019-09-07 10:49:43,22.629679,114.056493,17.251373651836136,276.33120144856264,0.0661252012655531
541,2019-09-07 10:49:44,22.629696,114.056327,17.31749885310169,277.8938441161313,0.0606675267960508
541,2019-09-07 10:49:46,22.629739,114.055991,17.43883390669379,277.66738147895154,0.070305956910353
541,2019-09-07 10:49:47,22.62976,114.055822,17.509139863604144,278.0278409163466,0.0433524066699959
541,2019-09-07 10:49:48,22.629782,114.055653,17.55249227027414,277.2637963366635,0.2400944872719499
541,2019-09-07 10:49:49,22.629802,114.055483,17.79258675754609,277.0985382411259,0.3243400384282608
541,2019-09-07 10:49:50,22.629822,114.055309,18.11692679597435,277.7342202159956,0.1015125379832113
541,2019-09-07 10:49:52,22.629866,114.054958,18.319951871940773,278.310943220388,0.0599069886834424
541,2019-09-07 10:49:54,22.629914000000007,114.054602,18.43976584930766,279.04255949198244,-0.5177947977224306
541,2019-09-07 10:49:55,22.62994,114.054425,17.921971051585228,279.40840368128903,-0.235301570947918
541,2019-09-07 10:49:57,22.629992,114.054085,17.45136790968939,280.41766772310825,-0.0828248125611512
541,2019-09-07 10:49:59,22.630048,114.053755,17.28571828456709,280.2955616482509,0.1346193695357271
541,2019-09-07 10:50:00,22.63007600000001,114.053588,17.420337654102816,280.29556369397926,1.1102555243445629
541,2019-09-07 10:50:01,22.630104,114.053421,18.53059317844738,280.23562159566313,0.0778890047938283
541,2019-09-07 10:50:03,22.630165,114.053055,18.68637118803504,282.9217202831919,-1.2353592287209878
541,2019-09-07 10:50:04,22.630201,114.052885,17.451011959314048,283.0574662863956,-0.1192868176879216
541,2019-09-07 10:50:06,22.630271,114.052558,17.212438323938205,286.138328967873,0.0576597847768418
541,2019-09-07 10:50:07,22.630314,114.052397,17.270098108715047,285.24386329017824,0.0344965029910788
541,2019-09-07 10:50:08,22.630355,114.052234,17.304594611706126,285.68932290568296,-0.299803580854018
541,2019-09-07 10:50:09,22.630397,114.052072,17.004791030852108,286.6587879938214,-0.1259263364925367
541,2019-09-07 10:50:11,22.630484,114.051757,16.752938357867034,286.8312565525772,-0.1180947979131197
541,2019-09-07 10:50:12,22.630527,114.051603,16.634843559953914,285.8458402338744,-0.0102493776719718
541,2019-09-07 10:50:14,22.630609,114.05129,16.61434480460997,286.0898388574047,-0.1619665406158255
541,2019-09-07 10:50:15,22.63065,114.051136,16.452378263994145,285.48228682244314,0.0604161174430171
541,2019-09-07 10:50:17,22.630729,114.050827,16.57321049888018,286.4446737733926,-0.0095879660248492
541,2019-09-07 10:50:19,22.630814,114.050515,16.55403456683048,286.9350572577033,-0.0312199809850266
541,2019-09-07 10:50:21,22.6309,114.050209,16.491594604860428,285.8940745817182,0.2020595701863747
541,2019-09-07 10:50:22,22.630941,114.050053,16.693654175046802,286.9921459919299,-0.0390468606599725
541,2019-09-07 10:50:23,22.630985,114.049897,16.65460731438683,286.7288428888372,-0.0159172167152839
541,2019-09-07 10:50:25,22.631071,114.04958700000002,16.622772880956262,285.8940933572128,0.0223664981735751
541,2019-09-07 10:50:26,22.631112,114.049431,16.645139379129837,286.4947243415803,0.057256465801176
541,2019-09-07 10:50:28,22.631197,114.04912,16.75965231073219,286.06638254654047,0.0741709554165446
541,2019-09-07 10:50:30,22.631281,114.048804,16.90799422156528,285.9704812903919,0.1872822989568696
541,2019-09-07 10:50:31,22.631323,114.048645,17.095276520522148,285.60339186786973,-0.0264575619521814
541,2019-09-07 10:50:33,22.631406,114.048323,17.042361396617785,285.42779037718634,-0.0988512260820808
541,2019-09-07 10:50:35,22.631487,114.048005,16.844658944453624,286.2615391659955,-0.361969583032554
541,2019-09-07 10:50:36,22.631529,114.047849,16.48268936142107,285.952906229611,-0.0430886922776974
541,2019-09-07 10:50:38,22.63161,114.047542,16.396511976865675,285.7171286717233,0.0873289383527726
541,2019-09-07 10:50:39,22.63165,114.04738799999998,16.483840915218448,285.9914720178211,-0.1879130894031391
541,2019-09-07 10:50:40,22.631691,114.047233,16.29592782581531,286.58164288912906,-0.1148083308866496
541,2019-09-07 10:50:42,22.631774,114.046931,16.06631116404201,286.7065609488369,-0.8397537028737947
541,2019-09-07 10:50:43,22.631815,114.046783,15.226557461168214,287.57901709271766,-0.3051931530220848
541,2019-09-07 10:50:45,22.631896,114.046506,14.616171155124045,286.580189387814,-0.1714653631033726
541,2019-09-07 10:50:46,22.631932,114.046375,14.444705792020672,285.62750653442475,0.2553674338033449
541,2019-09-07 10:50:48,22.632003,114.0461,14.955440659627362,285.8607553465528,0.159845538795027
541,2019-09-07 10:50:50,22.632078,114.045814,15.275131737217416,285.1553821104852,0.0016035003244354
541,2019-09-07 10:50:51,22.632114,114.04567,15.276735237541851,285.6597016581742,-0.0839618350553177
541,2019-09-07 10:50:52,22.632151,114.045527,15.192773402486534,285.76452055105585,-0.0443202063253753
541,2019-09-07 10:50:53,22.632188,114.045385,15.148453196161158,284.44530564146595,-0.1015519755180509
541,2019-09-07 10:50:54,22.632222,114.045242,15.046901220643107,284.38634505880043,-0.1387845931305564
541,2019-09-07 10:50:56,22.632289,114.044959,14.769332034381994,283.0085995040997,-0.4810425052983866
541,2019-09-07 10:50:57,22.632318,114.044823,14.288289529083608,283.5370648960276,-0.2125467619781087
541,2019-09-07 10:50:58,22.632348,114.044688,14.0757427671055,282.9429330310112,-1.3833011324421935
541,2019-09-07 10:50:59,22.632376,114.044556,12.692441634663306,283.56555521432125,-0.5001371606657887
541,2019-09-07 10:51:01,22.632427,114.044327,11.692167313331728,281.7693552370782,-1.1521991199122752
541,2019-09-07 10:51:02,22.632447,114.044223,10.539968193419451,281.98149889834644,-0.8142595302946489
541,2019-09-07 10:51:03,22.632466,114.044126,9.725708663124804,283.16607455252114,-0.8419992035433932
541,2019-09-07 10:51:04,22.632485,114.044038,8.88370945958141,282.94295216620856,-0.0829940552185926
541,2019-09-07 10:51:06,22.63252,114.043873,8.717721349144226,280.9497607809417,0.0850298234169493
541,2019-09-07 10:51:07,22.632535,114.043789,8.802751172561175,282.01432272358875,-0.1655362623108169
541,2019-09-07 10:51:09,22.632568,114.043621,8.471678647939541,289.490002908129,-0.3320166067668815
541,2019-09-07 10:51:11,22.632617,114.043471,7.807645434405778,296.8744216230559,-1.20555543855565
541,2019-09-07 10:51:12,22.632646,114.043409,6.602089995850128,299.99169681271053,-0.2184547320612617
541,2019-09-07 10:51:14,22.632703,114.043302,6.1651805317276045,296.0405034915546,-0.7546039002197995
541,2019-09-07 10:51:15,22.632726,114.043251,5.410576631507805,317.69811798157497,0.0393217885522005
541,2019-09-07 10:51:17,22.632797,114.043181,5.489220208612206,346.6484530832456,0.4348151841792442
541,2019-09-07 10:51:19,22.632902,114.043154,6.358850576970695,9.526391864353345,1.3739731669906767
541,2019-09-07 10:51:20,22.632968,114.043166,7.732823743961371,10.314803975431232,0.7441249133882115
541,2019-09-07 10:51:21,22.633039,114.04318,8.476948657349583,13.980347437121225,0.1486906244547183
541,2019-09-07 10:51:23,22.633191,114.043221,8.77432990625902,16.049692553657962,0.8854597297767395
541,2019-09-07 10:51:24,22.633268,114.043245,9.65978963603576,15.420709966572131,0.3191508536101857
541,2019-09-07 10:51:26,22.633442,114.043297,10.29809134325613,10.352312440060643,0.6719154465324717
541,2019-09-07 10:51:27,22.633538,114.043316,10.970006789788602,10.66747959016493,0.2921572023995527
541,2019-09-07 10:51:28,22.633636,114.043336,11.262163992188157,10.863414665116466,0.6344752286508584
541,2019-09-07 10:51:29,22.633737,114.043357,11.896639220839011,13.70178061558846,0.2546831517272645
541,2019-09-07 10:51:31,22.633949,114.043413,12.406005524293542,16.089240165803403,0.7202926626013095
541,2019-09-07 10:51:32,22.634061,114.043448,13.126298186894852,17.52385501048235,0.484381755012107
541,2019-09-07 10:51:33,22.634175,114.043487,13.61067994190696,19.14205539518673,0.1265428607429157
541,2019-09-07 10:51:35,22.634409,114.043575,13.86376566339279,19.63546343266586,-0.1512245898281676
541,2019-09-07 10:51:36,22.634528,114.043621,13.712541073564624,19.245423287198207,-0.1148218233384854
541,2019-09-07 10:51:38,22.634758,114.043708,13.482897426887652,21.29089638277384,-0.0872291655513795
541,2019-09-07 10:51:40,22.634983,114.043803,13.308439095784893,20.685559793526807,-0.3284032851821585
541,2019-09-07 10:51:41,22.635093,114.043848,12.980035810602734,19.70912717909408,-0.0462765331401646
541,2019-09-07 10:51:43,22.635312,114.043933,12.887482744322403,21.64277611126693,0.0295001878143548
541,2019-09-07 10:51:44,22.635419,114.043979,12.91698293213676,23.53831518316929,0.0899739000965844
541,2019-09-07 10:51:46,22.635633,114.04408,13.096930732329929,25.27747384448781,0.0768206638765036
541,2019-09-07 10:51:48,22.635848,114.04419,13.250572060082936,25.574676923242464,0.0592159427479845
541,2019-09-07 10:51:49,22.635956,114.044246,13.30978800283092,26.07653829506347,-0.0201560180976683
541,2019-09-07 10:51:51,22.636171,114.04436,13.269475966635584,23.356945395054368,-0.148773505879868
541,2019-09-07 10:51:52,22.63628,114.044411,13.120702460755716,24.15834162537726,-0.0961535571486056
541,2019-09-07 10:51:53,22.636387,114.044463,13.02454890360711,26.20862959625771,0.1422376418526028
541,2019-09-07 10:51:54,22.636492,114.044519,13.166786545459711,30.21878022364285,-0.0097320840723789
541,2019-09-07 10:51:56,22.63669800000001,114.044649,13.147322377314955,31.028281759219908,-0.0835421855839992
541,2019-09-07 10:51:58,22.636899,114.04478,12.980238006146957,31.0874272347408,-0.2589004500057505
541,2019-09-07 10:52:00,22.637098,114.04491000000002,12.462437106135456,31.026061725285278,-3.196758214310826
541,2019-09-07 10:52:01,22.637187,114.044968,9.26567889182463,31.19329124703586,-1.2758487160780398
541,2019-09-07 10:52:03,22.637312,114.04505,6.71398145966855,29.558415633462232,-0.8709053304173544
541,2019-09-07 10:52:05,22.637395,114.045101,4.972170798833841,31.604233405668538,-1.80238216980936
541,2019-09-07 10:52:06,22.637428,114.045123,3.169788629024481,33.52992765574601,-0.6409682630752073
541,2019-09-07 10:52:08,22.637467,114.045151,1.887852102874067,31.604223294123187,-0.8542419644316683
541,2019-09-07 10:52:10,22.637485,114.045163,0.1793681740107301,27.80738326949853,-0.0055707171099797
541,2019-09-07 10:52:26,22.637492,114.045167,0.0902367002510548,21.5814547492368,0.1198735934763998
541,2019-09-07 10:52:29,22.637499,114.04517,0.4498574806802545,30.427299902034576,0.1826455952012726
541,2019-09-07 10:52:31,22.63751,114.045177,0.8151486710827998,29.978453986643444,1.3372691920385962
541,2019-09-07 10:52:32,22.637518,114.045182,2.152417863121396,30.68193469278998,0.5126208906060541
541,2019-09-07 10:52:34,22.63756,114.045209,3.177659644333504,26.72212596059484,1.3752509179498371
541,2019-09-07 10:52:35,22.637593,114.045227,4.5529105622833415,24.23837953934884,1.1503814865999846
541,2019-09-07 10:52:36,22.637634,114.045247,5.703292048883326,30.5032489222678,0.4404741317556735
541,2019-09-07 10:52:38,22.637728,114.045307,6.584240312394673,32.30909040485733,0.5208663634238082
541,2019-09-07 10:52:40,22.637836,114.045381,7.6259730392422895,33.653223136956456,0.3016148856513245
541,2019-09-07 10:52:42,22.637958,114.045469,8.229202810544939,33.39500781289297,0.1332677417603776
541,2019-09-07 10:52:43,22.638021,114.04551399999998,8.362470552305316,32.80595503217512,-0.0951064393481981
541,2019-09-07 10:52:44,22.638084,114.045558,8.267364112957118,29.47598614679345,-0.0517092038792794
541,2019-09-07 10:52:46,22.638213,114.045637,8.163945705198559,27.436587668472782,-0.6191521903552539
541,2019-09-07 10:52:47,22.638277,114.045673,7.544793514843305,23.129824452486677,-0.1452047071983031
541,2019-09-07 10:52:49,22.638398,114.045729,7.254384100446699,18.410947231379797,-0.2674377991521082
541,2019-09-07 10:52:50,22.638459,114.045751,6.986946301294591,11.544414671120135,0.0389932038881486
541,2019-09-07 10:52:52,22.638581,114.045778,7.064932709070888,10.458511383697044,0.984137887934418
541,2019-09-07 10:52:53,22.638646,114.045791,8.049070597005306,9.494611737582376,0.2100206458296751
541,2019-09-07 10:52:55,22.638795,114.045818,8.469111888664656,8.291277630473303,0.0972801791457982
541,2019-09-07 10:52:57,22.638947,114.045842,8.663672246956253,6.705649036846751,0.2251833921616679
541,2019-09-07 10:52:59,22.639104,114.045862,9.114039031279589,7.852222862498138,0.4632267451902088
541,2019-09-07 10:53:00,22.639191,114.045875,9.577265776469796,7.774550296698976,-0.1948316550718019
541,2019-09-07 10:53:02,22.63936,114.0459,9.187602466326194,5.477370363888895,-0.74608124665078
541,2019-09-07 10:53:03,22.639437,114.045908,8.441521219675414,4.222803172056501,0.1082711290075391
541,2019-09-07 10:53:05,22.639587,114.04592,8.658063477690492,3.817050767216245,0.7615577276089187
541,2019-09-07 10:53:06,22.63967,114.045926,9.41962120529941,4.296178061187391,0.4473164802358802
541,2019-09-07 10:53:07,22.639756,114.045933,9.86693768553529,4.060934191372837,0.2703569542426862
541,2019-09-07 10:53:08,22.639847,114.04594,10.137294639777975,6.977106176720554,-0.040349911376456
541,2019-09-07 10:53:10,22.640028,114.04596399999998,10.056594817025063,2.968163260075073,-0.0914288844039905
541,2019-09-07 10:53:11,22.640117,114.045969,9.965165932621074,2.935239743977263,-1.7118365391866064e-08
541,2019-09-07 10:53:12,22.640207,114.045974,9.965165915502707,2.9681593993976207,-0.4587276353042746
541,2019-09-07 10:53:13,22.640296,114.045979,9.506438280198434,3.794239296981516,-0.1246713847905027
541,2019-09-07 10:53:15,22.640463,114.045991,9.257095510617429,5.784221612107899,-0.3325412951510511
541,2019-09-07 10:53:16,22.640545,114.046,8.924554215466378,3.385824090295785,-0.6841209697384762
541,2019-09-07 10:53:17,22.640623,114.046005,8.240433245727901,2.93522779593269,-0.2259894167403167
541,2019-09-07 10:53:19,22.640767,114.046013,7.788454412247268,0.0,-1.0775137815516391
541,2019-09-07 10:53:20,22.640833,114.046013,6.710940630695629,2.2979106041580053,-0.3492633466263743
541,2019-09-07 10:53:22,22.640948,114.046018,6.01241393744288,4.491228044039417,-1.2250395625287371
541,2019-09-07 10:53:23,22.640995,114.046022,4.787374374914143,1.9339085412148047,-0.0932705735029624
541,2019-09-07 10:53:25,22.641077,114.046025,4.600833227908218,6.973581245134994,0.0506588337512612
541,2019-09-07 10:53:27,22.64116,114.04603600000002,4.702150895410741,6.125416669946958,0.1676501124669007
541,2019-09-07 10:53:28,22.641203,114.046041,4.8698010078776415,7.173219759502729,0.0204125589655248
541,2019-09-07 10:53:29,22.641247,114.046047,4.890213566843166,6.655893499193667,-0.6218245690543271
541,2019-09-07 10:53:31,22.641334,114.046058,3.646564428734512,9.743150995666554,-0.8703527639309777
541,2019-09-07 10:53:33,22.641377,114.046066,1.9058589008725568,33.394365653613704,-0.8832548218463381
541,2019-09-07 10:53:34,22.641384,114.046071,1.0226040790262183,13.651488826352477,0.1163383306826947
541,2019-09-07 10:53:36,22.641403,114.046076,1.255280740391608,12.489571066549274,0.2204100166421156
541,2019-09-07 10:53:38,22.641428,114.046082,1.6961007736758391,7.881917026323776,0.9192953097306868
541,2019-09-07 10:53:39,22.641448,114.046085,2.615396083406526,13.758701550920364,0.224680312808311
541,2019-09-07 10:53:41,22.641497,114.046098,3.064756709023148,8.205940408478739,1.4420996316622552
541,2019-09-07 10:53:42,22.641529,114.046103,4.506856340685403,4.742402375101108,0.4392205034443712
541,2019-09-07 10:53:44,22.641618,114.046111,5.385297347574146,1.8878886275303444,1.130234432839471
541,2019-09-07 10:53:45,22.641674,114.046113,6.515531780413617,7.073751552330919,0.4456162364780924
541,2019-09-07 10:53:47,22.641793,114.046129,7.4067642533698015,5.057500628571461,0.491799752559507
541,2019-09-07 10:53:49,22.641939,114.046143,8.390363758488816,0.0,0.91602630257006
541,2019-09-07 10:53:50,22.642019,114.046143,9.306390061058876,357.8363580068497,0.0207802152060523
541,2019-09-07 10:53:52,22.64219,114.046136,9.34795049147098,357.3904582112492,-0.3776393515310516
541,2019-09-07 10:53:53,22.642271,114.046132,8.970311139939929,0.3284419241367686,-0.051090860294976
541,2019-09-07 10:53:55,22.642432,114.046133,8.868129419349977,358.6615177827828,-0.0260987346373857
541,2019-09-07 10:53:57,22.64259,114.046129,8.815931950075205,358.00534936774955,-0.1993878470266867
541,2019-09-07 10:53:59,22.642749,114.046123,8.417156256021832,359.2224068703844,-1.578475761110283
541,2019-09-07 10:54:00,22.642817,114.046122,6.838680494911548,0.0,-1.2048042115915498
541,2019-09-07 10:54:01,22.642872,114.046122,5.633876283319999,0.0,-0.2408655585709
541,2019-09-07 10:54:03,22.642969,114.046122,5.152145166178198,358.74116676463194,-0.6786391349570087
541,2019-09-07 10:54:04,22.643011,114.046121,4.47350603122119,351.255292798891,0.0795978153831229
541,2019-09-07 10:54:06,22.643089,114.046108,4.632701661987436,355.41162023792367,0.9355623956148992
541,2019-09-07 10:54:07,22.643135,114.046104,5.568264057602335,358.04226461424406,1.1775614920801898
541,2019-09-07 10:54:08,22.643189000000003,114.046102,6.745825549682524,0.826183154750936,0.4080629270035669
541,2019-09-07 10:54:10,22.643317,114.046104,7.561951403689658,0.695746823174602,1.1682075919954116
541,2019-09-07 10:54:11,22.643393,114.046105,8.73015899568507,1.3054364685592077,0.9069774984620976
541,2019-09-07 10:54:12,22.643474,114.046107,9.637136494147168,0.0,0.259592647892533
541,2019-09-07 10:54:14,22.643653,114.046107,10.156321789932234,358.3306024057504,0.9265810375706884
541,2019-09-07 10:54:15,22.643748,114.046104,11.082902827502922,0.0,0.3661272626510117
541,2019-09-07 10:54:17,22.643952,114.046104,11.815157352804944,1.196184951288899,0.2656593009635717
541,2019-09-07 10:54:19,22.644173,114.046109,12.346475954732089,1.6594139099551626,0.0219275868264299
541,2019-09-07 10:54:21,22.644396,114.046116,12.390331128384949,3.805488272671141,0.2692235196100867
541,2019-09-07 10:54:22,22.644507,114.046124,12.659554647995035,2.9860974766727395,0.0528279134191667
541,2019-09-07 10:54:24,22.644737,114.04613700000002,12.765210474833369,2.3179800141194846,-0.3378461601268654
541,2019-09-07 10:54:25,22.644851,114.046142,12.427364314706503,2.391312424582452,-0.0740659822753162
541,2019-09-07 10:54:27,22.645072,114.046152,12.279232350155873,2.4021674084112306,0.2323039087413434
541,2019-09-07 10:54:28,22.645182,114.046157,12.511536258897214,3.721880805443618,0.0925117837480833
541,2019-09-07 10:54:30,22.645409,114.046173,12.69655982639338,2.768768186599573,0.0721902813515793
541,2019-09-07 10:54:32,22.645638,114.046185,12.84094038909654,3.1604585646244345,0.1361130284694613
541,2019-09-07 10:54:33,22.645755,114.046192,12.977053417566,3.641873882284642,0.0238449786144574
541,2019-09-07 10:54:34,22.645871,114.0462,13.00089839618046,3.835845787807557,0.211135519007823
541,2019-09-07 10:54:36,22.646105,114.046217,13.423169434196105,6.18424575042809,0.3304308297044374
541,2019-09-07 10:54:38,22.646352,114.046246,14.08403109360498,5.232853561224317,0.2855841843093252
541,2019-09-07 10:54:39,22.646483,114.046259,14.369615277914304,2.477114988274934,-0.2605941596524213
541,2019-09-07 10:54:41,22.646739,114.046271,13.848426958609462,0.4369995995219824,-0.2885027009448686
541,2019-09-07 10:54:43,22.646981,114.046273,13.271421556719725,355.90439183149914,-0.2193675529387082
541,2019-09-07 10:54:44,22.647097,114.046264,13.052054003781016,352.58455218710696,0.1199176031131807
541,2019-09-07 10:54:46,22.647331,114.046231,13.291889210007378,350.47459414281576,0.4502474028613612
541,2019-09-07 10:54:47,22.647452,114.046209,13.74213661286874,348.4563208692231,-0.1408553249064503
541,2019-09-07 10:54:48,22.647574,114.046182,13.601281287962289,345.6800732998638,-0.2872256674177977
541,2019-09-07 10:54:50,22.647809,114.046117,13.026829953126692,343.6455274032028,-0.4284592368752609
541,2019-09-07 10:54:52,22.648026,114.046048,12.169911479376172,341.7068293246456,-0.3939324908334285
541,2019-09-07 10:54:54,22.648227,114.045976,11.382046497709316,338.3846123981896,-0.4629656236084774
541,2019-09-07 10:54:56,22.648411,114.045897,10.45611525049236,336.0844356598092,-2.65661219689921
541,2019-09-07 10:54:57,22.648488,114.04586,7.79950305359315,333.51779336748376,-0.7453356026298512
541,2019-09-07 10:54:59,22.648601,114.045799,6.308831848333448,332.4984690984349,-2.0055467337103146
541,2019-09-07 10:55:00,22.64864,114.045777,4.303285114623133,333.7933816767303,-1.75787508142064
541,2019-09-07 10:55:01,22.648670000000006,114.045761,2.545410033202493,335.2294346235601,-0.4656144929759588
541,2019-09-07 10:55:03,22.648702,114.045745,1.6141810472505755,326.6070386557197,-0.978661226785986
541,2019-09-07 10:55:04,22.648709,114.04574,0.6355198204645897,342.90065117307086,-0.3247640211448885
541,2019-09-07 10:55:05,22.648712,114.04573899999998,0.3107557993197011,317.2966060830243,-0.1375765504435227
541,2019-09-07 10:55:07,22.648716,114.045735,0.0356026984326556,0.0,-0.000608180432857
541,2019-09-07 10:55:22,22.648716,114.045735,0.0264799919397995,331.0253918036188,0.0166126376541484
541,2019-09-07 10:55:31,22.648721,114.045732,0.1759937308271356,332.85520511021,1.7630744591873466
541,2019-09-07 10:55:32,22.64873,114.045727,1.9390681900144824,331.2446136793551,0.4564717811216552
541,2019-09-07 10:55:34,22.648767000000007,114.045705,2.852011752257793,329.69404357202734,1.7777458690815444
541,2019-09-07 10:55:35,22.648797,114.045686,4.629757621339337,329.89659218349664,0.2610360460910303
541,2019-09-07 10:55:37,22.648875,114.045637,5.151829713521398,329.320144286053,0.1901477766248955
541,2019-09-07 10:55:38,22.648917,114.04561,5.341977490146293,325.5403258518318,-0.0532577041286854
541,2019-09-07 10:55:39,22.648956,114.045581,5.288719786017608,324.6287296230661,0.209651839381312
541,2019-09-07 10:55:40,22.648995000000006,114.045551,5.49837162539892,323.3947919199848,0.1903249969298821
541,2019-09-07 10:55:41,22.649036,114.045518,5.688696622328802,324.142946496036,-0.1450421900508374
541,2019-09-07 10:55:43,22.649119,114.045453,5.398612242227127,321.791506745148,-0.2291827035829996
541,2019-09-07 10:55:44,22.649153,114.045424,5.169429538644128,323.56140401276866,0.8728793387295983
541,2019-09-07 10:55:45,22.649193,114.045392,6.042308877373726,321.2528200871416,0.713005630423508
541,2019-09-07 10:55:46,22.649239,114.045352,6.755314507797234,317.2967280817214,0.123698135826836
541,2019-09-07 10:55:47,22.649285,114.045306,6.87901264362407,316.3489757285348,-0.1781509575743336
541,2019-09-07 10:55:49,22.649374,114.045214,6.522710728475403,315.8296578544832,-0.6606057275409976
541,2019-09-07 10:55:50,22.649412,114.045174,5.862105000934405,314.7099304176298,0.0486968894751971
541,2019-09-07 10:55:52,22.649486,114.045093,5.959498779884799,313.10075529575545,0.5645777537335528
541,2019-09-07 10:55:53,22.649524,114.045049,6.524076533618352,314.14808393358464,1.09478950918285
541,2019-09-07 10:55:54,22.649567,114.045001,7.618866042801202,314.05282404496023,0.4419532807877462
541,2019-09-07 10:55:56,22.649667,114.04488899999998,8.502772604376695,311.294395668164,0.3645319635374893
541,2019-09-07 10:55:58,22.649774,114.044757,9.231836531451671,309.2277977706292,0.5451105676188792
541,2019-09-07 10:55:59,22.649829,114.044684,9.776947099070552,308.4713156811022,0.0577540115208714
541,2019-09-07 10:56:01,22.649939,114.044534,9.892455122112295,306.0153855438862,0.4746313308692844
541,2019-09-07 10:56:02,22.649992,114.044455,10.36708645298158,302.16867571715574,0.1237221608518686
541,2019-09-07 10:56:04,22.650093,114.044281,10.614530774685315,299.7503330165063,0.1681214208373003
541,2019-09-07 10:56:05,22.650141,114.04419,10.782652195522616,296.89432497261413,0.1216373098089249
541,2019-09-07 10:56:06,22.650185,114.044096,10.904289505331542,295.13484971883,0.1418273270121304
541,2019-09-07 10:56:07,22.650227,114.043999,11.046116832343673,291.11777669323567,-0.1627229718241398
541,2019-09-07 10:56:08,22.650263,114.043898,10.883393860519533,292.4564109563347,-0.1907834461932545
541,2019-09-07 10:56:10,22.650337,114.043704,10.501826968133024,292.6907270265084,-0.2785408504363333
541,2019-09-07 10:56:12,22.650408,114.04352,9.944745267260355,293.0589808379947,-1.560901355581418
541,2019-09-07 10:56:13,22.650441,114.043436,8.38384391167894,290.6183947795853,-0.5791659186122167
541,2019-09-07 10:56:15,22.650491,114.043292,7.225512074454506,291.3825472050638,-0.5544009822863329
541,2019-09-07 10:56:17,22.650534,114.043173,6.11671010988184,289.8593103368762,-1.7586524803779282
541,2019-09-07 10:56:18,22.65055,114.043125,4.358057629503912,291.64330326962715,-0.7680558757704141
541,2019-09-07 10:56:20,22.650576,114.043054,2.8219458779630835,292.7555506501718,-0.7664382265057627
541,2019-09-07 10:56:22,22.650588,114.043023,1.2890694249515582,317.29699570570807,-1.2390500916080975
541,2019-09-07 10:56:23,22.650591,114.04302,0.0500193333434605,270.0000005923876,0.0022919286169179
541,2019-09-07 10:56:36,22.650591,114.043017,0.0798144053633938,270.00000211823453,0.0499732092474474
541,2019-09-07 10:56:41,22.650591,114.043006,0.329680451600631,292.11391813644343,1.115578158834699
541,2019-09-07 10:56:42,22.650594,114.042998,1.44525861043533,292.8501006468315,1.2887715597633729
541,2019-09-07 10:56:43,22.650601,114.04298,2.734030170198703,288.70700168760857,1.5533360876092468
541,2019-09-07 10:56:44,22.650611,114.042948,4.28736625780795,290.0719089898813,0.3400746380542006
541,2019-09-07 10:56:46,22.65064,114.042862,4.967515533916351,291.3101388769709,0.5555280645237648
541,2019-09-07 10:56:47,22.650658,114.042812,5.523043598440116,294.90968458763587,0.6965300053850987
541,2019-09-07 10:56:48,22.650679,114.042763,6.219573603825214,294.78997154229626,1.3141317777348718
541,2019-09-07 10:56:49,22.650705,114.042702,7.533705381560086,292.9124355681857,0.189080721931397
541,2019-09-07 10:56:51,22.65076,114.042561,7.91186682542288,291.1031889797529,0.2307768995895731
541,2019-09-07 10:56:52,22.650786,114.042488,8.142643725012453,286.93734675190944,0.1571554700632331
541,2019-09-07 10:56:54,22.650829,114.042335,8.45695466513892,288.07560042472016,1.4751305833020574
541,2019-09-07 10:56:55,22.650854,114.042252,9.932085248440975,288.99666253757977,0.4276641897526172
541,2019-09-07 10:56:57,22.650915,114.04206,10.787413627946211,292.54348388851304,0.1910845459919503
541,2019-09-07 10:56:59,22.650992,114.041859,11.169582719930112,294.6882682699596,0.0815305535270312
541,2019-09-07 10:57:00,22.651034,114.04176,11.251113273457143,294.98267104312595,-0.0058537407198855
541,2019-09-07 10:57:01,22.651077,114.04166,11.245259532737258,293.0684458003065,-0.068126414556815
541,2019-09-07 10:57:03,22.651156,114.041459,11.109006703623628,292.7903998753095,-0.2263477725557177
541,2019-09-07 10:57:04,22.651194,114.041361,10.88265893106791,293.54115741101884,0.3873308331554135
541,2019-09-07 10:57:05,22.651233,114.04126399999998,11.269989764223324,291.59983249479933,0.1451535401701251
541,2019-09-07 10:57:07,22.651309,114.041056,11.560296844563574,290.5408128750235,0.0612585866452821
541,2019-09-07 10:57:08,22.651346,114.040949,11.621555431208856,292.1140490658881,-0.210884233130411
541,2019-09-07 10:57:09,22.651385,114.040845,11.410671198078443,292.14656112847547,-0.0650223408242602
541,2019-09-07 10:57:11,22.651462,114.04064,11.280626516429924,290.9289416206299,0.0282172626408518
541,2019-09-07 10:57:13,22.651534,114.040436,11.337061041711628,287.770512251954,0.1132003672949357
541,2019-09-07 10:57:15,22.651597,114.040223,11.5634617763015,287.6467367774757,0.1875277347053927
541,2019-09-07 10:57:16,22.651629,114.040114,11.750989511006892,288.75528399136863,-0.0219646397443789
541,2019-09-07 10:57:18,22.651697,114.039897,11.707060231518136,290.37349586549124,-0.0702341759228994
541,2019-09-07 10:57:20,22.65177000000001,114.039684,11.566591879672336,290.120601093551,-0.0200548258528296
541,2019-09-07 10:57:22,22.651841,114.039474,11.526482227966676,290.718278352635,-0.4478322738111515
541,2019-09-07 10:57:23,22.651878,114.039368,11.078649954155525,291.4312125971207,-0.3561822775537777
541,2019-09-07 10:57:25,22.651949,114.039172,10.36628539904797,294.90989833842355,-1.669820011485026
541,2019-09-07 10:57:26,22.651985,114.039088,8.696465387562943,294.56152043596114,-0.533702790839389
541,2019-09-07 10:57:28,22.652047,114.038941,7.629059805884165,296.035647309512,-0.6452762009439352
541,2019-09-07 10:57:30,22.652102,114.038819,6.338507403996295,297.3465137747627,-2.5678862209678086
541,2019-09-07 10:57:31,22.652123,114.038775,3.7706211830284864,301.1449392009522,-0.8364667318512602
541,2019-09-07 10:57:33,22.652152,114.038723,2.097687719325966,301.0476630531388,-0.9785736818541978
541,2019-09-07 10:57:35,22.652162,114.038705,0.1405403556175703,298.4485696684729,-0.0088506426245874
541,2019-09-07 10:57:50,22.652163,114.038703,0.0077807162487589,0.0,0.0024993633367615
541,2019-09-07 10:58:05,22.652163,114.038703,0.0452711663001815,286.46367723686205,0.0209799510910807
541,2019-09-07 10:58:16,22.652166,114.038692,0.27605062830207,294.52473316884425,2.737692954074836
541,2019-09-07 10:58:17,22.652174,114.038673,3.0137435823769056,296.8245718201071,0.3959103624308329
541,2019-09-07 10:58:19,22.652202,114.03861299999998,3.8055643072385714,294.72726304530806,1.0206314282799052
541,2019-09-07 10:58:20,22.652219,114.038573,4.826195735518477,290.2480785808583,0.8601964440280732
541,2019-09-07 10:58:21,22.652235,114.038526,5.68639217954655,295.30660702149163,1.355069293478434
541,2019-09-07 10:58:22,22.652259,114.038471,7.041461473024984,302.9584734910194,0.3819513132149614
541,2019-09-07 10:58:24,22.652332,114.038349,7.805364099454906,306.04654175849583,1.5678122889849826
541,2019-09-07 10:58:25,22.652377,114.038282,9.373176388439887,307.3360704210446,0.3665586602251132
541,2019-09-07 10:58:27,22.652484,114.03813,10.106293708890115,310.8312746306299,1.3111719029911608
541,2019-09-07 10:58:28,22.652547,114.038051,11.417465611881276,311.04388696541827,0.1364820224039524
541,2019-09-07 10:58:30,22.652686,114.037878,11.69042965668918,313.17473331644,-0.9349670591284464
541,2019-09-07 10:58:31,22.652757,114.037796,10.755462597560737,317.2974656838596,-2.2000889472754697
541,2019-09-07 10:58:32,22.652823,114.03773,8.555373650285265,318.5103658807836,-2.9749622217542218
541,2019-09-07 10:58:33,22.652871,114.037684,5.580411428531043,321.7922767503909,-0.8594242651736101
541,2019-09-07 10:58:35,22.652939,114.037626,3.861562898183823,317.2974878312698,-2.5671742381440827
541,2019-09-07 10:58:36,22.652952,114.037613,1.2943886600397403,331.02614104275966,-0.8739585236933063
541,2019-09-07 10:58:37,22.652957,114.03761000000002,0.420430136346434,0.0,-0.0248901904657772
541,2019-09-07 10:58:39,22.652963,114.03761000000002,0.3706497554148795,0.0,-0.0568756484176176
541,2019-09-07 10:58:40,22.652967,114.03761000000002,0.3137741069972619,335.230113244607,0.0454303418518047
541,2019-09-07 10:58:45,22.652979,114.037604,0.5409258162562859,317.2974958426187,2.8028396008405023
541,2019-09-07 10:58:46,22.652991,114.037592,3.343765417096788,310.4530686568331,0.6467714188089102
541,2019-09-07 10:58:48,22.653039,114.037531,4.6373082547146085,305.8442309890153,1.954476256283812
541,2019-09-07 10:58:49,22.653069,114.03748600000002,6.59178451099842,312.08193769605043,0.3868319699406886
541,2019-09-07 10:58:51,22.653154,114.037384,7.365448450879797,315.1368789152018,0.7428544347656407
541,2019-09-07 10:58:52,22.653205,114.037329,8.108302885645438,312.5613340240113,0.5659946009425774
541,2019-09-07 10:58:53,22.653255,114.03727,8.674297486588015,310.975384782593,0.4050556621180945
541,2019-09-07 10:58:55,22.65336,114.037139,9.484408810824204,312.3559866679502,0.4110295726225574
541,2019-09-07 10:58:57,22.653482,114.036994,10.30646795606932,314.4931800488614,0.2153596517543867
541,2019-09-07 10:58:58,22.65355,114.036919,10.521827607823706,313.0809934152171,-0.4145938758868492
541,2019-09-07 10:58:59,22.653613,114.036846,10.107233731936857,314.69396755716167,-0.3759064555262643
541,2019-09-07 10:59:00,22.653676,114.036777,9.731327276410592,313.65788731975096,-0.3295255975889599
541,2019-09-07 10:59:01,22.653735,114.03671,9.401801678821633,313.1355817957132,-0.0114972534298516
541,2019-09-07 10:59:03,22.65385,114.036577,9.37880717196193,315.9246360995119,-0.2033086256373479
541,2019-09-07 10:59:04,22.653911,114.036513,9.17549854632458,317.53660072733334,-0.1448817294191542
541,2019-09-07 10:59:06,22.654031,114.036394,8.885735087486273,319.277925590299,-0.1352076204703323
541,2019-09-07 10:59:08,22.65415,114.036283,8.615319846545608,316.7828758100872,-0.2234104528608416
541,2019-09-07 10:59:09,22.654205,114.036227,8.391909393684767,316.78288724773074,-0.1963997064645752
541,2019-09-07 10:59:10,22.65426,114.036171,8.195509687220191,315.13710971986785,-1.1501599820065502
541,2019-09-07 10:59:11,22.654311,114.036116,7.045349705213641,315.3237560315682,-0.4512022918632836
541,2019-09-07 10:59:13,22.654395,114.036026,6.142945121487074,317.29779720906845,-1.8515335047139656
541,2019-09-07 10:59:14,22.65443,114.035991,4.291411616773108,318.4380623789897,-0.4400369685151342
541,2019-09-07 10:59:16,22.654481,114.035942,3.41133767974284,318.9254043074513,-1.3381071954006716
541,2019-09-07 10:59:17,22.654499,114.035925,2.0732304843421683,331.70527517042893,-0.5578332079387385
541,2019-09-07 10:59:18,22.654511,114.035918,1.5153972764034298,331.7052773169897,-0.4399576092803092
541,2019-09-07 10:59:19,22.654523,114.035911,1.0754396671231206,331.0264186833353,-1.008926120418787
541,2019-09-07 10:59:20,22.654528,114.035908,0.0665135467043336,10.45732848402332,-0.0030172475817316
541,2019-09-07 10:59:36,22.654533,114.035909,0.0182375853966272,0.0,-0.0012158390264418
541,2019-09-07 10:59:51,22.654533,114.035909,0.0,0.0,0.0033038254553929
541,2019-09-07 11:00:06,22.654533,114.035909,0.0495573818308937,308.24085628469265,0.0169476523411736
541,2019-09-07 11:00:20,22.654541,114.035898,0.2868245146073246,311.2574225968034,3.735206532676732
541,2019-09-07 11:00:21,22.654558,114.035877,4.022031047284057,312.5961971446977,0.68506880478032
541,2019-09-07 11:00:23,22.654614,114.035811,5.392168656844697,313.8026891655487,0.9236614793525432
541,2019-09-07 11:00:25,22.654691,114.035724,7.239491615549783,311.5598559353947,0.8866469384120776
541,2019-09-07 11:00:27,22.65479,114.035603,9.012785492373938,311.96079956793665,0.5466667113223416
541,2019-09-07 11:00:29,22.654907,114.035462,10.10611891501862,311.71950240270803,1.335572030958005
541,2019-09-07 11:00:30,22.654972,114.035383,11.441690945976626,310.8396154191888,0.2006101284413208
541,2019-09-07 11:00:32,22.65511,114.03521,11.842911202859268,312.2782974374908,0.5503764700295299
541,2019-09-07 11:00:33,22.655183,114.035123,12.393287672888798,311.95687893102763,0.1192922401374803
541,2019-09-07 11:00:35,22.655334,114.034941,12.63187215316376,312.36151790402755,-0.0379419560134124
541,2019-09-07 11:00:37,22.655488,114.034758,12.555988241136934,312.5906937154963,-0.1320205258220896
541,2019-09-07 11:00:39,22.655639,114.03458,12.291947189492754,312.9969046672691,-0.2627059038746715
541,2019-09-07 11:00:40,22.655713,114.034494,12.029241285618085,314.05409783489154,-0.0741990933358067
541,2019-09-07 11:00:41,22.655788,114.03441,11.955042192282276,313.6698784297183,-0.2901260956489349
541,2019-09-07 11:00:42,22.655862,114.034326,11.66491609663334,313.5510568464897,-0.1382133343657061
541,2019-09-07 11:00:44,22.656005,114.034163,11.388489427901929,313.7886760660535,-0.4150347498447129
541,2019-09-07 11:00:45,22.656074,114.034085,10.973454678057216,313.3163086680948,-0.1385731644079921
541,2019-09-07 11:00:46,22.656141,114.034008,10.834881513649224,313.5026882220173,0.1349677900341106
541,2019-09-07 11:00:48,22.656275,114.033855,11.104817093717443,313.1207703432645,0.3171201460248474
541,2019-09-07 11:00:50,22.656415,114.033693,11.73905738576714,312.7793398601577,0.9829515194520386
541,2019-09-07 11:00:51,22.656491,114.033604,12.722008905219178,314.44202088190224,0.1142234225370106
541,2019-09-07 11:00:53,22.656653,114.033425,12.9504557502932,314.0044590264818,0.298677856454006
541,2019-09-07 11:00:54,22.656735,114.033333,13.249133606747206,313.56295038125745,0.135876057147156
541,2019-09-07 11:00:56,22.6569,114.033145,13.520885721041518,314.4652425763441,0.0292159500071971
541,2019-09-07 11:00:58,22.657073,114.032954,13.579317621055912,314.04206657239746,-1.2836050843282436
541,2019-09-07 11:00:59,22.657156,114.032861,12.295712536727669,314.18601081310027,-0.8580674759954867
541,2019-09-07 11:01:01,22.657304,114.032696,10.579577584736697,314.0631845446282,-0.7020226620666152
541,2019-09-07 11:01:03,22.657421,114.032565,9.175532260603465,311.90420790088564,-0.5776182468387532
541,2019-09-07 11:01:04,22.657474,114.032501,8.597914013764711,311.6121807304879,-0.3271107837722251
541,2019-09-07 11:01:05,22.657524,114.03244,8.270803229992486,312.0349328772638,-0.0066847421975788
541,2019-09-07 11:01:07,22.657623,114.032321,8.257433745597329,313.65043220126176,0.0692566588594134
541,2019-09-07 11:01:09,22.657726,114.032204,8.395947063316155,312.26622926149145,0.5025355565640126
541,2019-09-07 11:01:10,22.657778,114.032142,8.898482619880168,312.5968668208044,0.9305679725968456
541,2019-09-07 11:01:11,22.657834,114.032076,9.829050592477014,313.67572991576066,0.3029390086748664
541,2019-09-07 11:01:13,22.65796,114.031933,10.434928609826748,314.9450725736732,0.7278503168189268
541,2019-09-07 11:01:14,22.65803,114.031857,11.162778926645672,312.71000013903995,0.4261893448820029
541,2019-09-07 11:01:15,22.658099,114.031776,11.588968271527676,313.7966786723399,0.1513943757282128
541,2019-09-07 11:01:17,22.658245,114.031611,11.891757022984102,313.7601907856482,0.5006092144864223
541,2019-09-07 11:01:18,22.658321,114.031525,12.392366237470524,312.2724788055384,0.013467592236104
541,2019-09-07 11:01:20,22.658472,114.031345,12.419301421942732,310.60927582559907,-0.1628626235789294
541,2019-09-07 11:01:21,22.658544,114.031254,12.256438798363805,309.50588566164447,-0.0523432671426951
541,2019-09-07 11:01:23,22.658684,114.03107,12.151752264078413,311.88594089308253,-0.6641755528197706
541,2019-09-07 11:01:24,22.658756,114.030983,11.487576711258642,312.6793115390091,-0.3511878462462086
541,2019-09-07 11:01:26,22.658893,114.030822,10.785201018766225,314.7903260134427,-0.5113416488407765
541,2019-09-07 11:01:28,22.659024,114.030679,9.762517721084672,316.2955036388112,-2.3716672985425564
541,2019-09-07 11:01:29,22.65908,114.030621,7.390850422542115,318.25458974577487,-0.9374486456722968
541,2019-09-07 11:01:31,22.659171,114.030533,5.515953131197522,319.33181425832527,-1.0124913097284516
541,2019-09-07 11:01:33,22.659229,114.030479,3.4909705117406187,318.88130431996234,-0.4766403993334422
541,2019-09-07 11:01:35,22.659266,114.030444,2.537689713073734,317.2988093911041,-0.161002904881393
541,2019-09-07 11:01:37,22.659297,114.030413,2.215683903310948,312.8871080968584,-0.6930805269215374
541,2019-09-07 11:01:38,22.659309,114.030399,1.522603376389411,279.1204424100211,0.0856567851898945
541,2019-09-07 11:01:40,22.659313,114.030372,1.6939169467691997,240.90555525232577,0.329043631040063
541,2019-09-07 11:01:42,22.659294,114.030335,2.352004208849326,240.51707161277977,0.5147462831872245
541,2019-09-07 11:01:43,22.659282,114.030312,2.8667504920365503,240.59897040767632,-0.023666229526748
541,2019-09-07 11:01:45,22.659256,114.030262,2.8194180329830543,238.95104204665608,0.1052855364675131
541,2019-09-07 11:01:47,22.659231,114.030217,3.029989105918081,239.2788427202633,0.8934483579977766
541,2019-09-07 11:01:48,22.659214,114.030186,3.923437463915857,232.08609294538985,-0.397365133747944
541,2019-09-07 11:01:49,22.659191,114.030154,3.526072330167913,230.1277177333423,-0.1505402555781367
541,2019-09-07 11:01:51,22.659154,114.030106,3.22499181901164,221.37577095237933,-0.0830878589000452
541,2019-09-07 11:01:53,22.65911,114.030064,3.058816101211549,227.22930348744995,-0.2599605829714497
541,2019-09-07 11:01:55,22.659075,114.030023,2.5388949352686496,229.58781966540184,-0.7290532768254467
541,2019-09-07 11:01:56,22.659064,114.030009,1.8098416584432029,225.19146542498905,-0.2999848545531478
541,2019-09-07 11:01:57,22.659053,114.029997,1.509856803890055,224.24777705986412,-0.1389715209827718
541,2019-09-07 11:01:59,22.659035,114.029978,1.2319137619245113,232.25904903987015,-0.5258179762161223
541,2019-09-07 11:02:00,22.65903,114.029971,0.706095785708389,215.66867227572956,0.0460924732283596
541,2019-09-07 11:02:02,22.659021,114.029964,0.7982807321651084,222.7012546874253,0.0547783827048576
541,2019-09-07 11:02:04,22.659008,114.029951,0.9078374975748238,222.70125672523983,-0.1334396437400543
541,2019-09-07 11:02:06,22.658997,114.02994,0.6409582100947152,180.0,-0.3056244590866084
541,2019-09-07 11:02:07,22.658994,114.02994,0.3353337510081067,188.7437104876689,0.0545739834101048
541,2019-09-07 11:02:09,22.658988,114.02993899999998,0.4444817178283163,207.14305857326335,0.0636514985419036
541,2019-09-07 11:02:11,22.658979,114.029934,0.5717847149121236,222.70126073084268,0.2978523451432576
541,2019-09-07 11:02:12,22.658975,114.02993,0.8696370600553812,251.1089205206568,0.0022369668812387
541,2019-09-07 11:02:14,22.658969,114.029911,0.8741109938178586,204.76893679281744,-0.6596917170846892
541,2019-09-07 11:02:15,22.658963,114.029908,0.2144192767331694,218.3434222249216,0.0105559549629614
541,2019-09-07 11:02:22,22.658956,114.029902,0.2883109614738996,246.5653619819252,0.2495988993356868
541,2019-09-07 11:02:24,22.65895,114.02988700000002,0.7875087601452734,211.60022805298627,-0.6839258327795695
541,2019-09-07 11:02:25,22.658944,114.029883,0.1035829273657038,222.70126718448188,-0.0023988633953205
541,2019-09-07 11:02:33,22.658943,114.029882,0.0843920202031398,236.9686859534812,1.682704220397662
541,2019-09-07 11:02:34,22.65894,114.029877,1.7670962406008015,257.77151327726244,0.4445050639226789
541,2019-09-07 11:02:36,22.658931,114.029832,2.65610636844616,233.31377316167084,-0.0354077684969431
541,2019-09-07 11:02:38,22.658898,114.029784,2.5852908314522733,224.7459659301413,-0.4467477966325418
541,2019-09-07 11:02:40,22.658871,114.029755,1.6917952381871897,207.803704021542,-0.8192698190925768
541,2019-09-07 11:02:41,22.658864,114.029751,0.8725254190946129,186.580093142831,-0.2033860130160252
541,2019-09-07 11:02:42,22.658856,114.02975,0.6691394060785877,155.23104564263474,-0.4325998373946018
541,2019-09-07 11:02:43,22.658852,114.029752,0.2365395686839858,154.09451685782574,-0.0110130729787557
541,2019-09-07 11:02:54,22.658833,114.029762,0.1153957659176729,171.25627963742863,-0.0012909189214437
541,2019-09-07 11:03:09,22.658827,114.029763,0.0960319820960171,184.06037514875035,0.0555921113959443
541,2019-09-07 11:03:16,22.658814000000003,114.029762,0.4851767618676278,212.6987818080878,0.584095154483776
541,2019-09-07 11:03:18,22.658791,114.029746,1.6533670708351798,215.9447159767285,0.3147900512788277
541,2019-09-07 11:03:19,22.658777,114.029735,1.9681571221140075,214.0874483194407,0.3483770149923546
541,2019-09-07 11:03:20,22.658762,114.029724,2.316534137106362,227.9169188257035,-0.1401557322560236
541,2019-09-07 11:03:22,22.658732,114.029688,2.036222672594315,228.16571349729037,-0.2666373290617357
541,2019-09-07 11:03:24,22.658713,114.029665,1.5029480144708434,242.51894181471948,-0.1069703342446426
541,2019-09-07 11:03:26,22.658701,114.02964,1.289007345981558,250.13961280746972,-0.634398562971287
541,2019-09-07 11:03:27,22.658698,114.029631,0.654608783010271,250.1396116727932,0.1224758737695594
541,2019-09-07 11:03:28,22.658697,114.029628,0.7770846567798305,247.14869704867303,0.1949899413670127
541,2019-09-07 11:03:30,22.65869,114.02961,1.167064539513856,234.15466415322828,0.3852059132547747
541,2019-09-07 11:03:31,22.658682,114.029598,1.5522704527686306,230.8982209329139,0.1329421856789192
541,2019-09-07 11:03:32,22.658673,114.029586,1.68521263844755,222.70133002192327,0.0532264142308517
541,2019-09-07 11:03:34,22.65865,114.02956299999998,1.791665466909253,228.5566208941981,-0.0913352654877404
541,2019-09-07 11:03:36,22.658628,114.029536,1.6089949359337723,218.91964359930896,-1.3416314509622032
541,2019-09-07 11:03:37,22.65862000000001,114.029529,0.2673634849715693,232.2591347712574,0.0041279992616041
541,2019-09-07 11:03:47,22.65861,114.029515,0.3086434775876113,225.4292883983948,1.6583404834446402
541,2019-09-07 11:03:48,22.6586,114.029504,1.9669839610322517,220.8644192715529,0.4722710664328819
541,2019-09-07 11:03:49,22.658584,114.02948899999998,2.439255027465133,227.91695575408505,-0.0127200490281265
541,2019-09-07 11:03:51,22.658554,114.029453,2.4138149294088804,230.3526607851907,-0.2833075972778016
541,2019-09-07 11:03:52,22.658541,114.029436,2.130507332131079,237.48517316286,-0.1929411800508363
541,2019-09-07 11:03:54,22.658521,114.029402,1.744624972029406,218.91966546086672,-0.6619911007743884
541,2019-09-07 11:03:55,22.658513,114.029395,1.0826338712550176,226.79724733983755,0.1572846256476938
541,2019-09-07 11:03:57,22.6585,114.02938,1.3972031225504054,232.6723091162348,0.1786791471803475
541,2019-09-07 11:03:59,22.658481,114.029353,1.7545614169111003,226.36054441196157,-0.1223507250168461
541,2019-09-07 11:04:01,22.658459,114.029328,1.509859966877408,218.34352463212304,-0.6420597606026607
541,2019-09-07 11:04:02,22.658452,114.029322,0.8678002062747473,234.1547097772004,-0.0884565380298137
541,2019-09-07 11:04:03,22.658448,114.029316,0.7793436682449335,225.4293221996386,0.0003953051850314
541,2019-09-07 11:04:05,22.658438,114.029305,0.7801342786149964,222.70137336747632,-0.1642106279145762
541,2019-09-07 11:04:06,22.658433,114.0293,0.6159236507004202,204.7690217072167,-0.2436990278280872
541,2019-09-07 11:04:07,22.658429,114.029298,0.372224622872333,171.25625429281513,-0.1107775547397566
541,2019-09-07 11:04:09,22.65842300000001,114.029299,0.1506695133928197,206.71863820089436,0.0029820689392869
541,2019-09-07 11:04:20,22.658412,114.029293,0.1834722717249761,217.560824553745,0.8487407532942814
541,2019-09-07 11:04:21,22.658406,114.029288,1.0322130250192576,226.52358672862223,0.1249807161958995
541,2019-09-07 11:04:23,22.658392000000006,114.029272,1.2821744574110567,230.8982802157427,0.7800497433682738
541,2019-09-07 11:04:24,22.658383,114.02926,2.0622242007793306,223.63879394882895,0.203734023651088
541,2019-09-07 11:04:26,22.658353,114.029229,2.4696922480815067,230.89829569768995,0.0922071757245626
541,2019-09-07 11:04:28,22.658323,114.029189,2.654106599530632,235.76773885608824,0.047828362771753
541,2019-09-07 11:04:30,22.658296,114.029146,2.749763325074138,237.7021554028796,0.2413440310082282
541,2019-09-07 11:04:31,22.658282,114.029122,2.991107356082366,237.8502785022194,0.0343838542177241
541,2019-09-07 11:04:33,22.658253,114.029072,3.0598750645178145,235.25764982802133,-0.1418898999324152
541,2019-09-07 11:04:34,22.658237,114.029047,2.9179851645854,235.0717516318229,-0.2069308525236175
541,2019-09-07 11:04:36,22.658208,114.029002,2.5041234595381643,229.58799838672843,-1.1069185390906051
541,2019-09-07 11:04:37,22.658197,114.02898799999998,1.397204920447559,232.25921833761615,-0.8441664433886047
541,2019-09-07 11:04:38,22.658192,114.028981,0.5530384770589543,222.70142469448737,-0.1856707867164212
541,2019-09-07 11:04:40,22.658187,114.028976,0.1816969036261117,258.854081438646,0.0064531890531168
541,2019-09-07 11:04:48,22.658185,114.028965,0.2333224160510464,256.4605083290631,1.2449636138595157
541,2019-09-07 11:04:49,22.658183,114.028956,1.478286029910562,237.5748807688551,0.1788199485330728
541,2019-09-07 11:04:51,22.658166,114.028927,1.835925926976708,236.4093410351959,0.010232078131096
541,2019-09-07 11:04:53,22.658147,114.028896,1.8563900832389,235.13806014367012,-0.137517368105724
541,2019-09-07 11:04:54,22.658138,114.028882,1.7188727151331755,240.7293348266557,-0.0790789333804912
541,2019-09-07 11:04:56,22.658123,114.028853,1.560714848372193,249.43871408527397,-0.089431297659678
541,2019-09-07 11:04:58,22.658114,114.028827,1.3818522530528372,253.1212740749757,-0.1877180802708596
541,2019-09-07 11:05:00,22.658107,114.028802,1.006416092511118,260.53509366690366,-0.1029343242709029
541,2019-09-07 11:05:02,22.658105,114.028789,0.800547443969312,257.77157839272644,0.5118918994675666
541,2019-09-07 11:05:03,22.658103,114.028779,1.3124393434368786,257.7715795711468,0.3118710878982753
541,2019-09-07 11:05:04,22.6581,114.028764,1.624310431335154,248.33045938126045,0.0266285077603682
541,2019-09-07 11:05:06,22.658089,114.028734,1.6775674468558903,243.17445135174887,-0.0694142072866632
541,2019-09-07 11:05:07,22.658082,114.028719,1.6081532395692273,243.4285757897196,-0.3734726292821604
541,2019-09-07 11:05:08,22.658076,114.028706,1.2346806102870669,250.13969618062043,-0.5819669271825688
541,2019-09-07 11:05:09,22.658073,114.028697,0.6527136831044981,235.8913295432227,-0.1078280326543832
541,2019-09-07 11:05:11,22.658068,114.028689,0.4370576177957315,250.1396960751689,-0.1258393146635288
541,2019-09-07 11:05:12,22.65806700000001,114.028686,0.3112183031322027,236.96885303440047,0.0240502759156348
541,2019-09-07 11:05:14,22.658064000000003,114.028681,0.3593188549634723,241.55039996315804,-0.3301421385001605
541,2019-09-07 11:05:15,22.658062,114.028677,0.0291767164633118,0.0,-0.0019451144308874
541,2019-09-07 11:05:30,22.658062,114.028677,0.0,0.0,0.0
541,2019-09-07 11:05:45,22.658062,114.028677,0.0,0.0,0.0019382569589825
541,2019-09-07 11:06:00,22.658062,114.028677,0.0290738543847384,278.7998201114202,0.0085311568625598
541,2019-09-07 11:06:10,22.658063,114.02867,0.1143854230103365,211.60039330968044,0.5948435723759768
541,2019-09-07 11:06:11,22.658057,114.028666,0.7092289953863133,208.972958250231,-0.6840112067289548
541,2019-09-07 11:06:12,22.658052,114.028663,0.0252177886573586,24.76908082090347,0.0402265201960912
541,2019-09-07 11:06:17,22.658056,114.028665,0.2263503896378148,54.154784231541385,0.1382412626060984
541,2019-09-07 11:06:19,22.658062,114.028674,0.5028329148500118,31.600391765013228,-0.4271795492897566
541,2019-09-07 11:06:20,22.658065,114.028676,0.0756533655602551,180.0,-0.0149219619709589
541,2019-09-07 11:06:23,22.65806,114.028676,0.0308874796473784,0.0,0.0010785633243335
541,2019-09-07 11:06:38,22.65806,114.028676,0.0470659295123811,160.91143049313723,0.0429597041710777
541,2019-09-07 11:06:43,22.658052,114.028679,0.2618644503677697,151.0270408961394,0.5703226061800093
541,2019-09-07 11:06:44,22.658047,114.028682,0.832187056547779,129.10165044273293,0.9223162915524749
541,2019-09-07 11:06:45,22.658041,114.02869,1.754503348100254,101.93881631297717,0.4169955066646186
541,2019-09-07 11:06:47,22.658033,114.028731,2.588494361429491,64.09102922220495,0.5341403144335124
541,2019-09-07 11:06:49,22.658059,114.028789,3.656774990296516,51.81461602071806,0.3926978474593341
541,2019-09-07 11:06:51,22.658104,114.028851,4.442170685215184,53.496943082976486,1.1840162182249898
541,2019-09-07 11:06:52,22.658132,114.028892,5.626186903440174,51.64121791842092,0.1742379327642114
541,2019-09-07 11:06:54,22.658197,114.028981,5.974662768968597,51.6859251896326,0.3457867653586675
541,2019-09-07 11:06:55,22.658232,114.029029,6.320449534327264,50.21620901623976,-0.0132166746666699
541,2019-09-07 11:06:57,22.658305,114.029124,6.294016184993924,51.097729323534224,-0.1013383743883
541,2019-09-07 11:06:58,22.65834,114.029171,6.192677810605624,49.699924362279376,0.154274886527836
541,2019-09-07 11:06:59,22.658376,114.029217,6.34695269713346,52.03796652106684,0.1147305165432932
541,2019-09-07 11:07:00,22.658412,114.029267,6.4616832136767535,50.12785164617111,0.0916755968086642
541,2019-09-07 11:07:01,22.658449,114.029315,6.553358810485418,52.20479994024214,0.0632282975643621
541,2019-09-07 11:07:03,22.658522,114.029417,6.679815405614142,50.35264891693163,0.2414498099571238
541,2019-09-07 11:07:04,22.658561,114.029468,6.921265215571266,53.17794542740825,0.1700704894416125
541,2019-09-07 11:07:05,22.658599,114.029523,7.091335705012878,53.67196103982917,-0.4303246240833163
541,2019-09-07 11:07:06,22.658637,114.029579,6.661011080929562,51.47516817829143,-0.1453126773070852
541,2019-09-07 11:07:08,22.658709,114.029677,6.370385726315392,48.92382427892903,-0.6333884203181999
541,2019-09-07 11:07:09,22.658746,114.029723,5.736997305997192,42.30763838389055,-0.3738383978400517
541,2019-09-07 11:07:11,22.658819,114.029795,4.989320510317088,45.94527023798764,-1.925290894192913
541,2019-09-07 11:07:12,22.658844,114.029823,3.064029616124176,36.074758235174784,-0.3696728865246919
541,2019-09-07 11:07:14,22.658882,114.029853,2.324683843074792,27.80369809621135,-0.4879276737227904
541,2019-09-07 11:07:15,22.658896,114.029861,1.8367561693520007,35.94468813077145,0.7383814715424606
541,2019-09-07 11:07:16,22.65891,114.029872,2.5751376408944617,38.22991760489339,0.1911802096672212
541,2019-09-07 11:07:18,22.658951,114.029907,2.9574980602289043,46.897280062609525,-0.091926815336008
541,2019-09-07 11:07:19,22.65897,114.029929,2.8655712448928963,47.61827976229449,-0.4795258746865842
541,2019-09-07 11:07:20,22.658986,114.029948,2.386045370206312,58.95107646996416,-0.5222050343624642
541,2019-09-07 11:07:21,22.658996,114.029966,1.863840335843848,67.24319577493372,-0.1963145101123424
541,2019-09-07 11:07:23,22.659008,114.029997,1.4712113156191629,89.99999808449593,-0.5919479578424446
541,2019-09-07 11:07:24,22.659008,114.030007,0.8792633577767183,107.2031515829251,-0.8322680345109308
541,2019-09-07 11:07:25,22.659006,114.030014,0.0469953232657874,0.0,-0.0031330215510524
541,2019-09-07 11:07:40,22.659006,114.030014,0.0,0.0,0.0
541,2019-09-07 11:07:55,22.659006,114.030014,0.0,0.0,0.0
541,2019-09-07 11:08:10,22.659006,114.030014,0.0,0.0,0.0
541,2019-09-07 11:08:25,22.659006,114.030014,0.0,0.0,0.0037331467767638
541,2019-09-07 11:08:40,22.659006,114.030014,0.0559972016514583,52.81788262025509,0.0441836867974658
541,2019-09-07 11:08:48,22.659013,114.030024,0.4094666960311851,53.54126790246357,0.6813825023956954
541,2019-09-07 11:08:50,22.659028,114.030046,1.772231700822576,54.84037563679294,1.150182817933482
541,2019-09-07 11:08:51,22.659041,114.030066,2.922414518756058,53.122252465137535,0.9253333922164342
541,2019-09-07 11:08:52,22.659059,114.030092,3.847747910972492,47.437448638995306,0.1407230058574922
541,2019-09-07 11:08:54,22.659109,114.030151,4.1291939226874765,48.961481210049214,0.0036546435613864
541,2019-09-07 11:08:56,22.659158,114.030212,4.136503209810249,52.69487887060143,-0.0209197938886371
541,2019-09-07 11:08:58,22.659203,114.030276,4.094663622032975,54.58179507643831,0.0186075776053415
541,2019-09-07 11:08:59,22.659224,114.030308,4.113271199638317,56.20522505587997,0.1276109389218227
541,2019-09-07 11:09:00,22.659245,114.030342,4.240882138560139,56.96861832557198,-0.0734018478988129
541,2019-09-07 11:09:01,22.659266,114.030377,4.167480290661326,56.70492431051389,-0.538225130353271
541,2019-09-07 11:09:02,22.659286,114.03041,3.629255160308056,48.37606961340197,-0.0249192465215708
541,2019-09-07 11:09:04,22.659327,114.03046,3.5794166672649137,57.24219715953967,0.5919584413931913
541,2019-09-07 11:09:05,22.659346,114.030492,4.171375108658105,63.17421913957406,0.1795157842681605
541,2019-09-07 11:09:07,22.659381,114.030567,4.530406677194426,57.61185780326355,0.5248487682140546
541,2019-09-07 11:09:08,22.659405,114.030608,5.055255445408481,57.17688515980967,0.1343291497627845
541,2019-09-07 11:09:09,22.65943,114.03065,5.189584595171265,55.638444453148,-0.0164073272060782
541,2019-09-07 11:09:11,22.659483,114.030734,5.1567699407591086,59.90234769264276,-0.0468084295856674
541,2019-09-07 11:09:13,22.659529,114.03082,5.063153081587774,62.11118756219071,0.1280639957031955
541,2019-09-07 11:09:14,22.65955,114.03086299999998,5.191217077290969,63.13836332943941,0.0999117846418871
541,2019-09-07 11:09:16,22.659593,114.030955,5.391040646574743,64.05543452317704,0.2620524183563528
541,2019-09-07 11:09:17,22.659615,114.031004,5.653093064931096,64.50795571624292,-0.0580401414878113
541,2019-09-07 11:09:19,22.659659,114.031104,5.5370127819554735,61.03096052224038,-0.0616085933557668
541,2019-09-07 11:09:21,22.659706,114.031196,5.41379559524394,59.22995456882751,-0.3068966270862323
541,2019-09-07 11:09:23,22.659756,114.031287,4.800002341071475,63.92335693516583,-2.247026794641043
541,2019-09-07 11:09:24,22.65977,114.031318,2.552975546430432,97.18173052091788,-0.2495242774838328
541,2019-09-07 11:09:26,22.659765,114.031361,2.0539269914627662,86.64769048256733,-0.0288376710380647
541,2019-09-07 11:09:28,22.659767,114.031398,1.996251649386637,78.33740885869588,0.5784777533767789
541,2019-09-07 11:09:29,22.659771,114.031419,2.574729402763416,76.92700978709104,0.9354088034185528
541,2019-09-07 11:09:30,22.659777,114.031447,3.5101382061819684,62.28231707386982,0.1361053150322551
541,2019-09-07 11:09:32,22.659809,114.031513,3.782348836246479,59.27872167663725,0.2688189474914
541,2019-09-07 11:09:33,22.659826,114.031544,4.051167783737879,55.5791565298756,0.0575171810300965
541,2019-09-07 11:09:35,22.659869,114.031612,4.166202145798072,62.24019772077168,1.0081727035917272
541,2019-09-07 11:09:36,22.659886,114.031647,5.174374849389799,63.50470708136754,0.4652939269402258
541,2019-09-07 11:09:38,22.659932,114.031747,6.1049627032702505,64.0041697355224,0.9318972353287532
541,2019-09-07 11:09:39,22.659959,114.031807,7.036859938599004,63.48891791272587,0.5703175054413201
541,2019-09-07 11:09:40,22.659988,114.03187,7.607177444040324,61.01147661042876,0.2002458760419867
541,2019-09-07 11:09:42,22.660056,114.032003,8.007669196124297,59.88702724034238,0.7229412517644196
541,2019-09-07 11:09:43,22.660094,114.032074,8.730610447888717,58.71195191650378,0.140790472560397
541,2019-09-07 11:09:45,22.660177,114.032222,9.01219139300951,59.7362257455203,0.2583554882768197
541,2019-09-07 11:09:46,22.660219,114.0323,9.27054688128633,60.94591169038961,0.0480339398199838
541,2019-09-07 11:09:48,22.6603,114.032458,9.366614760926298,59.20466895829384,0.238347360088257
541,2019-09-07 11:09:49,22.660344,114.032538,9.604962121014555,56.746569645630416,0.0199817232697867
541,2019-09-07 11:09:51,22.660439,114.032695,9.644925567554129,58.07291876966099,-0.2327229364246132
541,2019-09-07 11:09:52,22.660485,114.032775,9.412202631129515,56.56559936983018,-0.1776259924433132
541,2019-09-07 11:09:54,22.660577,114.032926,9.056950646242887,56.78687860990863,-0.2647933939053768
541,2019-09-07 11:09:56,22.660664,114.03307,8.527363858432135,58.72115115998975,-1.1104128178410066
541,2019-09-07 11:09:57,22.660701,114.033136,7.416951040591129,54.65184205263592,-0.9412144556987974
541,2019-09-07 11:09:58,22.660737,114.033191,6.475736584892331,56.43719865428051,-1.504607155195356
541,2019-09-07 11:09:59,22.660767,114.03324,4.971129429696975,53.96043737329899,-0.5577085011192364
541,2019-09-07 11:10:01,22.660814,114.03331,3.8557124274585024,68.68842875033369,-2.033145128339902
541,2019-09-07 11:10:02,22.660823,114.033335,1.8225672991186004,70.87498097101968,-0.8154651304053724
541,2019-09-07 11:10:04,22.660831,114.03336000000002,0.1916370383078555,54.15423502830549,-0.0102740145913376
541,2019-09-07 11:10:20,22.660835,114.033366,0.0272528048464539,89.99999980252272,-0.0015888295149928
541,2019-09-07 11:10:35,22.660835,114.033367,0.0034203621215616,0.0,-0.0002280241414374
541,2019-09-07 11:10:50,22.660835,114.033367,0.0,0.0,0.0
541,2019-09-07 11:11:05,22.660835,114.033367,0.0,0.0,0.0040593057922836
541,2019-09-07 11:11:20,22.660835,114.033367,0.0608895868842545,61.5499115994204,0.0331513959859794
541,2019-09-07 11:11:28,22.660841,114.033379,0.3261007547720899,68.84255350034414,1.816859883487864
541,2019-09-07 11:11:29,22.660846,114.033393,2.142960638259954,63.58751013540473,0.5864574961337814
541,2019-09-07 11:11:30,22.660857,114.033417,2.729418134393736,53.83922722006759,0.1121452546373797
541,2019-09-07 11:11:32,22.660886,114.03346,2.953708643668495,60.7288316749931,0.3110924727482245
541,2019-09-07 11:11:33,22.66090100000001,114.033489,3.26480111641672,75.80998856535189,0.0265606955750596
541,2019-09-07 11:11:34,22.660908,114.033519,3.29136181199178,78.51465595275795,0.0348010386672621
541,2019-09-07 11:11:36,22.66092,114.033583,3.360963889326304,102.75864832315597,0.0286539676811163
541,2019-09-07 11:11:38,22.660906,114.03365,3.4182718246885364,102.60464124681688,0.0537993038260049
541,2019-09-07 11:11:40,22.660893,114.033713,3.5258704323405463,106.39046480485548,0.3075803126593339
541,2019-09-07 11:11:42,22.660874,114.033783,4.141031057659214,97.71415782946724,0.8038161227975253
541,2019-09-07 11:11:43,22.660868,114.033831,4.94484718045674,101.72299147271065,0.204150795636731
541,2019-09-07 11:11:44,22.660859,114.033878,5.148997976093471,111.70640069946212,0.3270680213594028
541,2019-09-07 11:11:45,22.660841,114.033927,5.476065997452873,100.99224989923648,0.0844120432270481
541,2019-09-07 11:11:47,22.660822,114.034033,5.64489008390697,117.51898975204654,0.505263637241411
541,2019-09-07 11:11:48,22.660797,114.034085,6.1501537211483805,129.1022015403696,0.3937249997499892
541,2019-09-07 11:11:49,22.660761,114.034133,6.54387872089837,130.12561865341502,-0.0029617782289812
541,2019-09-07 11:11:51,22.660684,114.034232,6.537955164440407,133.20319644598715,-0.2789354270075845
541,2019-09-07 11:11:52,22.660645,114.034277,6.259019737432823,131.70119174860145,-0.2735218395622913
541,2019-09-07 11:11:53,22.660608,114.034322,5.985497897870531,122.29827458847724,-0.2849590837554103
541,2019-09-07 11:11:54,22.66058,114.03437,5.700538814115121,122.17884820221671,0.0220939332442284
541,2019-09-07 11:11:56,22.660526,114.034463,5.744726680603578,127.86162471045692,0.3276932472052607
541,2019-09-07 11:11:57,22.660493,114.034509,6.072419927808839,134.5044035466068,0.1208134111030032
541,2019-09-07 11:11:58,22.660454,114.034552,6.193233338911842,137.29903522194627,-0.093039530208502
541,2019-09-07 11:11:59,22.660413,114.034593,6.10019380870334,139.46020594006507,0.0222277502247818
541,2019-09-07 11:12:00,22.660372,114.034631,6.122421558928122,149.20596366256484,0.1059447270293327
541,2019-09-07 11:12:02,22.660276,114.034693,6.334311012986787,165.9501450057146,0.375844486258047
541,2019-09-07 11:12:03,22.660217000000006,114.034709,6.710155499244834,185.18640356916032,-0.3880483287928022
541,2019-09-07 11:12:05,22.660095,114.034697,5.93405884165923,202.300319347899,-0.5039235901882959
541,2019-09-07 11:12:06,22.660059,114.034681,5.430135251470934,213.6823518915623,0.5462537571189707
541,2019-09-07 11:12:08,22.659969,114.034616,6.522642765708875,220.8641591307395,0.3354212194662755
541,2019-09-07 11:12:10,22.659873,114.034526,7.193485204641426,224.4354209924625,0.502848824954099
541,2019-09-07 11:12:11,22.659825,114.034475,7.696334029595525,218.5538565954977,0.0250036167112153
541,2019-09-07 11:12:13,22.659715,114.03438,7.746341263017956,216.43651367292503,-0.0079186478670738
541,2019-09-07 11:12:14,22.65966,114.034336,7.738422615150882,217.7578284116506,-0.1761622746266491
541,2019-09-07 11:12:15,22.659604,114.034289,7.562260340524233,218.5250550687,-0.4106119405642907
541,2019-09-07 11:12:16,22.659553,114.034245,7.151648399959942,220.8642314464066,0.1579522376932169
541,2019-09-07 11:12:17,22.659505,114.0342,7.309600637653159,220.9576883247481,0.0245980612246099
541,2019-09-07 11:12:19,22.659404,114.034105,7.358796760102379,224.1835183034377,-0.0399543962134303
541,2019-09-07 11:12:21,22.65931,114.034006,7.2788879676755185,222.70120489163537,0.2219256266609104
541,2019-09-07 11:12:22,22.659262,114.033958,7.500813594336429,221.28366464806936,-0.039338532709257
541,2019-09-07 11:12:24,22.659159,114.03386,7.422136528917915,232.46128240053304,-0.0809806922858591
541,2019-09-07 11:12:25,22.65912,114.033805,7.341155836632056,231.8784918390487,0.2250030792223638
541,2019-09-07 11:12:26,22.659078,114.033747,7.56615891585442,224.69498667512988,-0.0275780734270063
541,2019-09-07 11:12:28,22.658981,114.033643,7.511002769000407,219.77205327739352,-0.2409353033675527
541,2019-09-07 11:12:29,22.65893,114.033597,7.270067465632854,219.07926163123747,-0.1116849335611673
541,2019-09-07 11:12:30,22.65888,114.033553,7.158382532071687,221.7960046237647,-0.0641483471032731
541,2019-09-07 11:12:32,22.658784,114.03346,7.0300858378651405,226.52351706934652,-0.3929024831495766
541,2019-09-07 11:12:33,22.658742,114.033412,6.637183354715564,229.29761152861323,-0.0367457266413366
541,2019-09-07 11:12:35,22.658665,114.033315,6.5636919014328905,218.1452365916206,0.2865555424868633
541,2019-09-07 11:12:36,22.658618,114.033275,6.850247443919754,213.4903102323932,0.0747886376813804
541,2019-09-07 11:12:37,22.658565,114.033237,6.925036081601134,222.70137264610807,-0.0256383363461383
541,2019-09-07 11:12:39,22.658474,114.033146,6.873759408908858,221.1276083676704,-0.0255849121648452
541,2019-09-07 11:12:41,22.658381,114.033058,6.822589584579167,222.06029958308292,-0.2058506646220061
541,2019-09-07 11:12:42,22.658336,114.033014,6.616738919957161,224.03182044784091,-0.577294962256393
541,2019-09-07 11:12:43,22.658294,114.03297,6.039443957700768,224.93238855739057,-0.3170059795266073
541,2019-09-07 11:12:45,22.65822,114.03289,5.405431998647553,229.2868839693178,-1.3313310785876666
541,2019-09-07 11:12:46,22.658193,114.032856,4.074100920059887,228.80616007114105,-1.3319058758476827
541,2019-09-07 11:12:47,22.658172,114.03283,2.742195044212204,240.36408904184145,-0.2542778469863114
541,2019-09-07 11:12:49,22.658151,114.03279,2.233639350239581,235.8913165364744,-0.408896623435707
541,2019-09-07 11:12:50,22.658141,114.032774,1.824742726803874,233.12244304794964,-0.3968000868255019
541,2019-09-07 11:12:51,22.658132,114.032761,1.427942639978372,239.41378802522223,-0.1843136372858187
541,2019-09-07 11:12:53,22.65812,114.032739,1.0593153654067349,246.5654870666022,-0.9554802134573616
541,2019-09-07 11:12:54,22.658118,114.032734,0.103835151949373,298.4496109193098,-0.0154533693090266
541,2019-09-07 11:13:00,22.658119,114.032732,0.0111149360952132,0.0,-0.0007409957396808
541,2019-09-07 11:13:15,22.658119,114.032732,0.0,0.0,0.0
541,2019-09-07 11:13:30,22.658119,114.032732,0.0,0.0,0.0
541,2019-09-07 11:13:45,22.658119,114.032732,0.0,0.0,0.0
541,2019-09-07 11:14:00,22.658119,114.032732,0.0,0.0,0.0016016242679973
541,2019-09-07 11:14:15,22.658119,114.032732,0.02402436401996,192.99112223622413,0.0532581832301541
541,2019-09-07 11:14:19,22.658115,114.032731,0.2370570969405765,204.76907245040957,0.4248288699197503
541,2019-09-07 11:14:20,22.658109,114.032728,0.6618859668603269,222.70144171858715,-0.1038672691714669
541,2019-09-07 11:14:21,22.658105,114.032724,0.5580186976888599,190.45706286834792,0.1877927373892041
541,2019-09-07 11:14:23,22.658095,114.032722,0.933604172467268,207.80384059636208,0.4502076920617984
541,2019-09-07 11:14:25,22.658074,114.03271,1.834019556590865,223.60906706104544,0.4296381688062587
541,2019-09-07 11:14:27,22.658043,114.032678,2.6932958942033824,225.30513444022392,0.3874448868046509
541,2019-09-07 11:14:28,22.658022,114.032655,3.0807407810080334,201.70649376383776,-0.1542865353332545
541,2019-09-07 11:14:30,22.657971,114.032633,2.7721677103415243,177.7512081398579,-0.1442894019774179
541,2019-09-07 11:14:32,22.657924,114.032635,2.4835889063866885,187.88098431911905,-0.5774832191893233
541,2019-09-07 11:14:33,22.657904,114.032632,1.9061056871973647,209.26123553495816,-0.0505774155450136
541,2019-09-07 11:14:35,22.657876,114.032615,1.804950856107338,235.891369807562,0.1307749721914402
541,2019-09-07 11:14:36,22.657866,114.032599,1.9357258282987784,260.29071715415705,-0.9104283205667144
541,2019-09-07 11:14:37,22.657863,114.03258,1.025297507732064,246.5655273167514,-0.4170347192985241
541,2019-09-07 11:14:39,22.657859,114.03257,0.1912280691350157,331.02700880086627,-0.0052806209229696
541,2019-09-07 11:14:44,22.657864,114.032567,0.1648249645201674,0.0,0.0978635684014539
541,2019-09-07 11:14:46,22.657869,114.032567,0.3605521013230754,42.70148928287165,0.2433386635277452
541,2019-09-07 11:14:47,22.657873,114.032571,0.6038907648508206,56.96888751131405,-0.0894882922074167
541,2019-09-07 11:14:48,22.657876,114.032576,0.5144024726434039,102.22840182241475,0.0316973121501928
541,2019-09-07 11:14:50,22.657874,114.032586,0.5777970969437896,118.44956646237893,-0.5524793612759992
541,2019-09-07 11:14:51,22.657871,114.032592,0.0253177356677903,180.0,-0.0007858820091796
541,2019-09-07 11:15:20,22.65787000000001,114.032592,0.0025271574015813,0.0,-0.0001684771601054
541,2019-09-07 11:15:35,22.65787000000001,114.032592,0.0,0.0,0.0
541,2019-09-07 11:15:50,22.65787000000001,114.032592,0.0,0.0,0.0
