userid,checkin_time,lat,lon,speed,direction,acceleration
320,2019-10-20 06:52:53,22.646462,114.04897,0.0,183.91081790108305,3.045794345694086
320,2019-10-20 06:52:54,22.646435,114.048968,3.045794345694086,195.29373153072123,-0.0455598928281193
320,2019-10-20 06:52:55,22.646408,114.04896,3.000234452865967,186.07842469593191,-0.2085477120000907
320,2019-10-20 06:52:56,22.646382,114.048957,2.791686740865876,184.39786076405653,-0.1540365620978243
320,2019-10-20 06:52:57,22.646358,114.048955,2.637650178768052,191.34464991422183,-0.1689406428623145
320,2019-10-20 06:52:58,22.646335,114.04895,2.468709535905737,197.90122176509144,-0.1153915321851615
320,2019-10-20 06:52:59,22.646315,114.048943,2.353318003720576,200.2621172553313,0.1453401652492001
320,2019-10-20 06:53:00,22.646295,114.048935,2.498658168969776,222.7039030765092,0.2741929786263104
320,2019-10-20 06:53:01,22.646277,114.048917,2.772851147596086,218.11293382672565,0.1380976796989297
320,2019-10-20 06:53:02,22.646257,114.0489,2.910948827295016,203.8929558378613,0.0002023270250846
320,2019-10-20 06:53:03,22.646232,114.048888,2.9111511543201005,197.0996421663328,-0.2855062145082478
320,2019-10-20 06:53:04,22.646208,114.04888,2.6256449398118527,173.13586135240098,0.2011864566180268
320,2019-10-20 06:53:05,22.646185,114.048883,2.8268313964298795,203.95842108913203,0.3264039313162752
320,2019-10-20 06:53:06,22.646158,114.04887,3.1532353277461547,183.7715647861898,0.2307727507357513
320,2019-10-20 06:53:07,22.64613,114.048868,3.384008078481906,145.91009820442798,-0.230772675326627
320,2019-10-20 06:53:08,22.6461,114.04889,3.153235403155279,194.4889721446784,-0.3502543691730468
320,2019-10-20 06:53:09,22.646075,114.048883,2.802981033982232,180.0,0.1436845220788694
320,2019-10-20 06:53:10,22.64605,114.048883,2.946665556061101,180.0,-0.0266013617702753
320,2019-10-20 06:53:11,22.646022,114.048883,2.920064194290826,197.09966676316196,-0.1650363630375584
320,2019-10-20 06:53:12,22.645998,114.048875,2.755027831253268,180.0,0.029104021644486
320,2019-10-20 06:53:13,22.645973,114.048875,2.7841318528977537,186.3196516873758,-0.0840681660419888
320,2019-10-20 06:53:14,22.645948,114.048872,2.700063686855765,191.3446829299699,0.0636070796053696
320,2019-10-20 06:53:15,22.645925,114.048867,2.7636707664611344,198.37879615178085,0.2561238844949089
320,2019-10-20 06:53:16,22.6459,114.048858,3.0197946509560434,195.29378827535768,0.7369237018634647
320,2019-10-20 06:53:17,22.645873,114.04885,3.756718352819508,196.24838810544796,0.7375982008701687
320,2019-10-20 06:53:18,22.645835,114.048838,4.494316553689677,194.24088270721992,0.1787485703200833
320,2019-10-20 06:53:19,22.645795,114.048827,4.67306512400976,191.1867455683241,0.3182149214834711
320,2019-10-20 06:53:20,22.645753,114.048818,4.991280045493231,197.09970086265628,0.7776300910187777
320,2019-10-20 06:53:21,22.645708,114.048803,5.768910136512009,194.1279348205011,-0.1329704635766999
320,2019-10-20 06:53:22,22.645653,114.048788,5.635939672935309,183.52079545008647,-0.9396300530205384
320,2019-10-20 06:53:23,22.645608,114.048785,4.6963096199147705,154.09234122055875,0.1682546404731137
320,2019-10-20 06:53:24,22.645570000000006,114.048805,4.864564260387884,168.409930254065,-0.264179914071267
320,2019-10-20 06:53:25,22.645525,114.048815,4.600384346316617,177.14406750851322,-1.1533416203216469
320,2019-10-20 06:53:26,22.645488,114.048817,3.4470427259949705,184.2226232146772,-0.56551927863892
320,2019-10-20 06:53:27,22.645463,114.048815,2.8815234473560505,195.8529995391758,-0.2613968648262972
320,2019-10-20 06:53:28,22.645437,114.048807,2.6201265825297533,231.39634289563872,-0.0502737166834097
320,2019-10-20 06:53:29,22.645423,114.048788,2.5698528658463435,230.9009312776784,0.1693095501312891
320,2019-10-20 06:53:30,22.645408,114.048768,2.7391624159776327,247.3763596203786,0.6419580547322528
320,2019-10-20 06:53:31,22.645398,114.048742,3.3811204707098854,248.077405788736,0.3832029011005948
320,2019-10-20 06:53:32,22.645385,114.048707,3.76432337181048,252.32362237380016,-0.0963538719431258
320,2019-10-20 06:53:33,22.645375,114.048673,3.6679694998673535,246.88494452943968,0.2393107279169326
320,2019-10-20 06:53:34,22.645362,114.04864,3.907280227784287,259.2631384924586,0.28147555590458
320,2019-10-20 06:53:35,22.645355,114.0486,4.188755783688867,257.7726858136424,0.1632157905202591
320,2019-10-20 06:53:36,22.645347,114.04856,4.351971574209126,252.79846640968253,0.276641685371005
320,2019-10-20 06:53:37,22.645335,114.048518,4.628613259580131,256.461736150539,-0.1538179064136988
320,2019-10-20 06:53:38,22.645325,114.048473,4.474795353166432,257.77268839006547,0.1754910572467869
320,2019-10-20 06:53:39,22.645317,114.048433,4.650286410413219,254.8432640229273,0.3367096551346247
320,2019-10-20 06:53:40,22.645305,114.048385,4.986996065547844,267.41501796570014,0.2494069686276709
320,2019-10-20 06:53:41,22.645303,114.04833700000002,5.236403034175515,275.72916524707443,-0.2542472557246356
320,2019-10-20 06:53:42,22.645308,114.048283,4.982155778450879,268.55654815171414,-0.3098553424443899
320,2019-10-20 06:53:43,22.645307,114.04824,4.6723004360064895,267.4150179294756,0.3932539237193797
320,2019-10-20 06:53:44,22.645305,114.048192,5.065554359725869,285.7335371778548,0.0597257968503051
320,2019-10-20 06:53:45,22.645318,114.048142,5.125280156576174,281.7217193074615,-0.331547970810119
320,2019-10-20 06:53:46,22.645327,114.048095,4.793732185766055,278.22072027289835,0.0104906615767621
320,2019-10-20 06:53:47,22.645333,114.04805,4.8042228473428175,275.15951203529187,0.2549192688237554
320,2019-10-20 06:53:48,22.645337,114.048002,5.059142116166573,277.4082796906649,-0.0509974105406305
320,2019-10-20 06:53:49,22.645343,114.047952,5.008144705625942,275.26867747002973,-0.1836083493389129
320,2019-10-20 06:53:50,22.645347,114.047905,4.824536356287029,267.3600941507605,-0.1039041149734441
320,2019-10-20 06:53:51,22.645345,114.047858,4.720632241313585,272.75707591355456,-0.4603495264318749
320,2019-10-20 06:53:52,22.645347,114.047813,4.26028271488171,263.4931846677474,-0.2268493349428038
320,2019-10-20 06:53:53,22.645343,114.047775,4.033433379938907,262.2867027371394,0.4337578076409016
320,2019-10-20 06:53:54,22.645338,114.047735,4.467191187579808,272.6399238044129,0.5149633217869276
320,2019-10-20 06:53:55,22.64534,114.047688,4.982154509366736,272.48173389192624,0.2029622632898569
320,2019-10-20 06:53:56,22.645342000000007,114.047638,5.185116772656593,271.21711957202467,0.2025615250533761
320,2019-10-20 06:53:57,22.645343,114.047587,5.387678297709969,268.85049917360703,0.1026224041996171
320,2019-10-20 06:53:58,22.645342000000007,114.047533,5.490300701909586,271.1712043313147,0.0582792048794571
320,2019-10-20 06:53:59,22.645343,114.04748,5.548579906789043,274.5057493626852,-0.2343607918494434
320,2019-10-20 06:54:00,22.645347,114.047425,5.3142191149396,252.4618685268944,0.2309819083114588
320,2019-10-20 06:54:01,22.645333,114.047377,5.5452010232510585,270.0000113586814,4.475922233548767
320,2019-10-20 06:54:02,22.645333,114.047318,10.021123256799823,274.555252349439,-0.2718318939207673
320,2019-10-20 06:54:03,22.645343,114.047182,9.749291362879058,257.5532536588797,-4.2694565049924575
320,2019-10-20 06:54:04,22.645332,114.047128,5.4798348578866,261.5409619976943,0.0628930249373942
320,2019-10-20 06:54:05,22.645325,114.047077,5.5427278828239945,275.42948369627743,0.1083486271821394
320,2019-10-20 06:54:06,22.64533,114.04702,5.651076510006134,270.0000102043241,-0.2450696821723719
320,2019-10-20 06:54:07,22.64533,114.046967,5.406006827833762,279.46405432496334,-0.0048673209747844
320,2019-10-20 06:54:08,22.645338,114.04691499999998,5.401139506858978,278.29867188835755,-0.1250427205928677
320,2019-10-20 06:54:09,22.645345,114.046863,5.27609678626611,276.1840775163316,-0.101782659255508
320,2019-10-20 06:54:10,22.64535,114.046813,5.174314127010602,278.62571962282703,0.3124875745600368
320,2019-10-20 06:54:11,22.645357,114.04676299999998,5.486801701570639,276.6220043612283,0.3435296260053881
320,2019-10-20 06:54:12,22.645363,114.046707,5.830331327576027,275.42948518958434,0.0320793229685456
320,2019-10-20 06:54:13,22.645368,114.04665,5.8624106505445726,272.17727633505194,-0.3317232239228511
320,2019-10-20 06:54:14,22.64537,114.046593,5.530687426621721,282.2273335979206,-0.3132433741720142
320,2019-10-20 06:54:15,22.64538,114.046543,5.217444052449707,278.62572147652486,-0.2388254051334133
320,2019-10-20 06:54:16,22.645387,114.046493,4.978618647316294,278.04437755626043,-0.6836518698802054
320,2019-10-20 06:54:17,22.645393,114.046447,4.2949667774360885,276.6811230602642,-1.2655644270913895
320,2019-10-20 06:54:18,22.645397,114.04641,3.0294023503446987,264.37433782360586,-1.12763436297393
320,2019-10-20 06:54:19,22.645395,114.046388,1.901767987370769,270.0000028960077,-0.5120693872735951
320,2019-10-20 06:54:20,22.645395,114.046373,1.3896986000971736,304.5871213409092,-0.3116690474048724
320,2019-10-20 06:54:21,22.645402,114.04636200000002,1.0780295526923012,294.9088372594299,-0.8653878228243987
320,2019-10-20 06:54:22,22.645405,114.046355,0.2126417298679024,125.84270654121816,-0.0438467570328125
320,2019-10-20 06:54:23,22.645403,114.046358,0.1687949728350898,305.842710764758,0.0151384360854275
320,2019-10-20 06:54:31,22.645413,114.046343,0.2899024615185105,270.0000015549589,0.5385726585436703
320,2019-10-20 06:54:32,22.645413,114.046335,0.8284751200621808,285.15675761845193,-0.0508164373834877
320,2019-10-20 06:54:33,22.645415,114.046327,0.7776586826786931,270.0000013539778,-0.0593019572366828
320,2019-10-20 06:54:34,22.645415,114.04632,0.7183567254420102,270.00000135397784,-0.2052447805628379
320,2019-10-20 06:54:35,22.645415,114.04631299999998,0.5131119448791723,270.00000059236527,0.0119101282314063
320,2019-10-20 06:54:36,22.645415,114.04631,0.5250220731105787,287.20155186930555,-0.3351277329724722
320,2019-10-20 06:54:37,22.645417,114.046303,0.1898943401381064,137.29591845531513,0.5135807455801585
320,2019-10-20 06:54:38,22.645413,114.046307,0.703475085718265,287.9087428963336,0.0459491017485881
320,2019-10-20 06:54:45,22.64543,114.04625,1.0251187979583822,317.2959268088542,1.3464749007175627
320,2019-10-20 06:54:46,22.645445,114.046235,2.371593698675945,341.4481544902819,0.2460046384562719
320,2019-10-20 06:54:47,22.645467,114.046227,2.617598337132217,344.3107932784067,0.5378578809772043
320,2019-10-20 06:54:48,22.64549,114.04622,3.155456218109421,355.20409238033056,0.7529054253363276
320,2019-10-20 06:54:49,22.645523,114.046217,3.908361643445749,354.30225941165565,0.3974786364121736
320,2019-10-20 06:54:50,22.64556,114.046213,4.3058402798579225,353.4192769995677,0.4377384584449126
320,2019-10-20 06:54:51,22.6456,114.046208,4.743578738302835,356.4792055300796,0.151419008343181
320,2019-10-20 06:54:52,22.645645,114.046205,4.894997746646016,0.0,-0.001344838531172
320,2019-10-20 06:54:53,22.645688,114.046205,4.893652908114844,2.348836955798617,0.388106107696589
320,2019-10-20 06:54:54,22.645733,114.046207,5.281759015811433,357.88582253833954,0.3928951547706161
320,2019-10-20 06:54:55,22.645783,114.046205,5.674654170582049,357.967068233318,0.1630794779980409
320,2019-10-20 06:54:56,22.645835,114.046203,5.83773364858009,1.9946050746008268,0.3893936464261527
320,2019-10-20 06:54:57,22.645888,114.046205,6.227127295006243,357.3132401497329,0.3897666751164266
320,2019-10-20 06:54:58,22.645947,114.046202,6.616893970122669,0.8812363707045847,0.0565772033644291
320,2019-10-20 06:54:59,22.646007,114.046203,6.673471173487099,1.762055228856127,0.3365055398117222
320,2019-10-20 06:55:00,22.646067,114.046205,7.009976713298821,2.402150780101806,0.277808176473151
320,2019-10-20 06:55:01,22.646133,114.046208,7.287784889771972,1.6265868356491069,0.1765739421459988
320,2019-10-20 06:55:02,22.646198,114.04621000000002,7.464358831917971,5.348867085266988,0.1697568492595484
320,2019-10-20 06:55:03,22.646267,114.046217,7.634115681177519,2.3315750225009424,0.1556152707551401
320,2019-10-20 06:55:04,22.646335,114.04622,7.789730951932659,2.202173189664393,0.1712961042272773
320,2019-10-20 06:55:05,22.646407,114.046223,7.961027056159937,3.7185848393091305,-0.1050102480500623
320,2019-10-20 06:55:06,22.646478,114.046228,7.856016808109874,3.7715533332744826,-0.103479212609737
320,2019-10-20 06:55:07,22.646548000000006,114.046233,7.752537595500137,5.348853532729152,-0.2848288082289487
320,2019-10-20 06:55:08,22.64661700000001,114.04624,7.467708787271189,2.4390529135932297,-0.3466105205559664
320,2019-10-20 06:55:09,22.646682,114.046243,7.121098266715222,1.678188746917499,-0.0016639229321153
320,2019-10-20 06:55:10,22.646745000000006,114.046245,7.119434343783107,1.6265795599419448,-0.0494271039479388
320,2019-10-20 06:55:11,22.64681,114.046247,7.070007239835168,4.256508448570912,-0.2245928512836394
320,2019-10-20 06:55:12,22.646872,114.046252,6.845414388551529,0.8667862405191045,-0.1163604455855082
320,2019-10-20 06:55:13,22.646933,114.046253,6.72905394296602,1.762043354946229,0.0555830320967718
320,2019-10-20 06:55:14,22.646993,114.046255,6.784636975062792,355.7434972247617,0.3991729782069431
320,2019-10-20 06:55:15,22.647055,114.04625,7.183809953269735,357.6336781541592,0.3393657429847012
320,2019-10-20 06:55:16,22.647122,114.046247,7.523175696254436,354.5729756523268,0.0721255087214194
320,2019-10-20 06:55:17,22.64719,114.04624,7.595301204975856,354.57297830400034,-0.0330322278223986
320,2019-10-20 06:55:18,22.647258,114.046233,7.562268977153457,351.38409926038906,0.0356009977295279
320,2019-10-20 06:55:19,22.647325,114.046222,7.597869974882985,350.749835020528,0.1810737077403628
320,2019-10-20 06:55:20,22.647393,114.04621000000002,7.778943682623348,350.27433764909887,0.2455550108285127
320,2019-10-20 06:55:21,22.647463,114.046197,8.02449869345186,349.1166123773,0.1481713410809693
320,2019-10-20 06:55:22,22.647535,114.046182,8.17267003453283,347.7071402150775,-0.0873772292338976
320,2019-10-20 06:55:23,22.647607,114.046165,8.085292805298932,347.36704596967394,0.0886713435334005
320,2019-10-20 06:55:24,22.647677,114.046148,8.173964148832333,345.81036253370024,0.0120692264776529
320,2019-10-20 06:55:25,22.64775,114.046128,8.186033375309986,346.6498509364384,-0.0539868189378616
320,2019-10-20 06:55:26,22.64782,114.04611,8.132046556372124,345.6214169492343,0.2537282694177314
320,2019-10-20 06:55:27,22.647892,114.04609,8.385774825789856,342.4604638720002,0.1272310716020062
320,2019-10-20 06:55:28,22.647965,114.04606499999998,8.513005897391862,342.46047264883447,0.1371903255958138
320,2019-10-20 06:55:29,22.648038,114.04604,8.650196222987676,341.6214808273398,0.1058399507843752
320,2019-10-20 06:55:30,22.648113,114.046013,8.756036173772051,342.9005905897658,0.0157708576325106
320,2019-10-20 06:55:31,22.648188,114.045988,8.771807031404562,340.9889085055835,0.2223071815061299
320,2019-10-20 06:55:32,22.648263,114.04596,8.994114212910691,339.0163389430203,0.0538444647444595
320,2019-10-20 06:55:33,22.64834,114.045928,9.047958677655153,339.12018861262595,-0.4654920569563749
320,2019-10-20 06:55:34,22.648415,114.045897,8.582466620698776,336.5247582639271,-0.4304683967801956
320,2019-10-20 06:55:35,22.648483,114.045865,8.15199822391858,337.54803285412873,-0.2343927171025939
320,2019-10-20 06:55:36,22.64855,114.045835,7.917605506815986,334.20016608316763,-0.1412457010986223
320,2019-10-20 06:55:37,22.648613,114.045802,7.776359805717364,332.48127313900034,-0.0030500686261278
320,2019-10-20 06:55:38,22.648675,114.045767,7.773309737091236,329.0415559603713,-0.2413449435990893
320,2019-10-20 06:55:39,22.648735,114.045728,7.531964793492147,330.4605408205589,-0.3176755819676904
320,2019-10-20 06:55:40,22.648792,114.045693,7.214289211524457,328.8651549359035,-0.6032587052456799
320,2019-10-20 06:55:41,22.648847,114.045657,6.611030506278777,327.29934284330665,-0.8576180396632509
320,2019-10-20 06:55:42,22.648893,114.045625,5.753412466615526,329.32014758383286,-1.080106247930118
320,2019-10-20 06:55:43,22.648935,114.045598,4.673306218685408,328.39791444568687,-1.3228901272039404
320,2019-10-20 06:55:44,22.648965,114.045578,3.350416091481468,331.3946452642009,-0.8792329375774592
320,2019-10-20 06:55:45,22.648987,114.045565,2.471183153904008,337.69806151341106,-0.7775682049033465
320,2019-10-20 06:55:46,22.649005,114.045557,1.6936149490006616,335.2294839615119,-0.6303597667915812
320,2019-10-20 06:55:47,22.649015,114.045552,1.0632551822090803,347.0080467329944,-0.3626762883923421
320,2019-10-20 06:55:48,22.649023,114.04555,0.7005788938167382,319.9050984942875,0.0227973807151506
320,2019-10-20 06:56:00,22.64908,114.045498,0.9741474623985462,324.2083840329091,3.699155103780596
320,2019-10-20 06:56:01,22.649112,114.045473,4.673302566179142,321.6545884091673,1.0869725718735117
320,2019-10-20 06:56:02,22.649147,114.045443,5.760275138052654,321.25281071573903,0.9289862894646604
320,2019-10-20 06:56:03,22.649193,114.045403,6.689261427517314,323.00668910425856,0.270068245113185
320,2019-10-20 06:56:04,22.649242,114.045363,6.959329672630499,321.56180979297574,0.3673964293803458
320,2019-10-20 06:56:05,22.64929200000001,114.04532,7.326726102010845,317.2967402852715,0.547873656794116
320,2019-10-20 06:56:06,22.649342,114.04527,7.874599758804961,318.3526909184644,0.5174474414147943
320,2019-10-20 06:56:07,22.649397,114.045217,8.392047200219755,315.28802002223387,0.4843345149188458
320,2019-10-20 06:56:08,22.649452,114.045158,8.876381715138601,316.8244769464745,0.2983564072579838
320,2019-10-20 06:56:09,22.649512,114.045097,9.174738122396583,314.47918235446497,-0.0875243480590821
320,2019-10-20 06:56:10,22.64957,114.045033,9.087213774337505,311.0277736378761,-0.0285340110744662
320,2019-10-20 06:56:11,22.649623,114.044967,9.058679763263036,309.235161190032,0.2775078664315753
320,2019-10-20 06:56:12,22.649675,114.044898,9.336187629694612,308.19216073169866,0.4254455159529389
320,2019-10-20 06:56:13,22.649728,114.044825,9.76163314564755,307.73909293519006,0.2371179281737312
320,2019-10-20 06:56:14,22.649783,114.044748,9.998751073821282,306.8759062709332,0.1395960065875936
320,2019-10-20 06:56:15,22.649837,114.04467,10.138347080408876,305.00572833484773,0.1573638794425331
320,2019-10-20 06:56:16,22.64989,114.044588,10.295710959851409,306.3440745443091,0.2938288023912232
320,2019-10-20 06:56:17,22.649945,114.044507,10.589539762242632,302.83305590083364,0.2066555239288998
320,2019-10-20 06:56:18,22.649998,114.044418,10.796195286171532,302.6311287213381,0.0853570819159017
320,2019-10-20 06:56:19,22.65005,114.04433,10.881552368087434,300.2236131339316,0.5647413395497161
320,2019-10-20 06:56:20,22.6501,114.044237,11.44629370763715,297.97559345514765,0.9503820786166326
320,2019-10-20 06:56:21,22.65015,114.044135,12.396675786253782,305.5787445661117,-0.0869542788562238
320,2019-10-20 06:56:22,22.650218,114.044032,12.309721507397558,298.44825302929013,-0.8928986933642307
320,2019-10-20 06:56:23,22.650268,114.043932,11.416822814033328,293.4333405156599,-0.1878224415387865
320,2019-10-20 06:56:24,22.650308,114.043832,11.22900037249454,294.4703431892882,-0.0666798398769099
320,2019-10-20 06:56:25,22.65035,114.043732,11.162320532617631,291.8469706158947,-0.1746979411889437
320,2019-10-20 06:56:26,22.650387,114.043632,10.987622591428687,291.505796453998,-0.5383616280917511
320,2019-10-20 06:56:27,22.650423,114.043533,10.449260963336936,292.2617729296606,-1.0626179016065578
320,2019-10-20 06:56:28,22.650457,114.043443,9.386643061730378,289.1784102753782,-1.3963274942393165
320,2019-10-20 06:56:29,22.650483,114.04336200000002,7.990315567491062,291.8058265323424,-1.2129865360450438
320,2019-10-20 06:56:30,22.650507,114.043297,6.777329031446018,288.29297825353285,-1.1208802097216273
320,2019-10-20 06:56:31,22.650525,114.043238,5.656448821724391,287.0260510385947,-1.274133262576826
320,2019-10-20 06:56:32,22.650538,114.043192,4.382315559147565,290.38061778540083,-0.5881059321297655
320,2019-10-20 06:56:33,22.65055,114.043157,3.7942096270178,287.20216301309057,0.2122257290642086
320,2019-10-20 06:56:34,22.65056,114.043122,4.006435356082008,289.859311874589,0.3160300999101491
320,2019-10-20 06:56:35,22.650573,114.043083,4.322465455992157,290.76931148074306,0.2928918221533099
320,2019-10-20 06:56:36,22.650587,114.043043,4.615357278145467,294.39856793376714,0.3696881512921779
320,2019-10-20 06:56:37,22.650605,114.043,4.985045429437645,295.7149746015641,0.8153915157856408
320,2019-10-20 06:56:38,22.650625,114.042955,5.800436945223286,293.25291378400794,0.8455709386290451
320,2019-10-20 06:56:39,22.650648,114.042897,6.646007883852331,291.03150215405213,0.2383503728767975
320,2019-10-20 06:56:40,22.65067,114.042835,6.884358256729128,291.58333538073055,0.3952638433447655
320,2019-10-20 06:56:41,22.650693,114.042772,7.279622100073894,291.4349943837498,0.4029120758384339
320,2019-10-20 06:56:42,22.650718,114.042703,7.682534175912328,290.1167580566539,0.7422350252775844
320,2019-10-20 06:56:43,22.650742,114.042632,8.424769201189912,288.5411008152452,0.8368032559912315
320,2019-10-20 06:56:44,22.650768,114.042548,9.261572457181144,290.7062086611075,0.1250499975243304
320,2019-10-20 06:56:45,22.650798,114.042462,9.386622454705474,290.9288233319663,0.3272749649730233
320,2019-10-20 06:56:46,22.650828,114.042377,9.713897419678498,290.6512712671812,0.244669539245562
320,2019-10-20 06:56:47,22.65086,114.042285,9.95856695892406,293.3145356745639,0.3431736328991093
320,2019-10-20 06:56:48,22.650895,114.042197,10.301740591823169,292.4564826539782,0.7274017189554485
320,2019-10-20 06:56:49,22.650932,114.0421,11.029142310778616,291.98326409751144,0.3909710865799294
320,2019-10-20 06:56:50,22.65097,114.041998,11.420113397358548,293.8381458177078,0.4867148480448033
320,2019-10-20 06:56:51,22.651012,114.041895,11.90682824540335,292.95661009874027,0.2358974436305789
320,2019-10-20 06:56:52,22.651055,114.041785,12.142725689033927,292.85018942705835,0.0945895642580101
320,2019-10-20 06:56:53,22.651097,114.041677,12.23731525329194,292.5881738725448,0.4956013928576528
320,2019-10-20 06:56:54,22.65114,114.041565,12.732916646149592,291.54729878089586,0.5927345597625404
320,2019-10-20 06:56:55,22.651183,114.041447,13.325651205912132,291.0315904149361,0.183871079990805
320,2019-10-20 06:56:56,22.651227,114.041323,13.509522285902936,291.94869886541966,0.0411189116474943
320,2019-10-20 06:56:57,22.651272,114.041202,13.550641197550432,291.8988517070289,0.1779997977408154
320,2019-10-20 06:56:58,22.651318,114.041078,13.728640995291247,289.8594316225981,0.1244144584444963
320,2019-10-20 06:56:59,22.65136,114.040952,13.853055453735744,291.0041337970045,0.1950149352582855
320,2019-10-20 06:57:00,22.651405,114.040825,14.048070388994027,291.69653813012815,0.3549648159787786
320,2019-10-20 06:57:01,22.651452,114.040697,14.403035204972808,290.4040245262432,0.0565390038016992
320,2019-10-20 06:57:02,22.651498,114.040563,14.459574208774509,290.56041037764044,-0.1636542051174299
320,2019-10-20 06:57:03,22.651543,114.040433,14.295920003657075,290.4164628703526,0.0392940138627242
320,2019-10-20 06:57:04,22.651588,114.040302,14.3352140175198,291.3931435524049,-0.0077391168703968
320,2019-10-20 06:57:05,22.651635,114.040172,14.327474900649404,291.3931502190724,0.0755392850095031
320,2019-10-20 06:57:06,22.651682,114.040042,14.403014185658908,290.687201010025,0.2448799240807861
320,2019-10-20 06:57:07,22.651728,114.03991,14.647894109739694,292.9603205058759,0.4162838725649234
320,2019-10-20 06:57:08,22.65178,114.039777,15.064177982304615,291.294811201324,0.3007816210465854
320,2019-10-20 06:57:09,22.65183,114.03963799999998,15.364959603351204,290.24804614223865,-0.578120478736464
320,2019-10-20 06:57:10,22.651878,114.039497,14.78683912461474,290.7063711738897,-1.556816198715321
320,2019-10-20 06:57:11,22.651923,114.039368,13.230022925899418,292.2939263245337,-1.4308379616513491
320,2019-10-20 06:57:12,22.651965,114.039257,11.799184964248068,291.98341373518247,-1.2927153995500031
320,2019-10-20 06:57:13,22.652003,114.039155,10.506469564698063,296.4354405986745,-0.3021333897494216
320,2019-10-20 06:57:14,22.652042,114.03907,10.204336174948644,291.3547751660657,-1.1841977618637447
320,2019-10-20 06:57:15,22.652077,114.038973,9.0201384130849,304.4607330069066,-1.9697266800043025
320,2019-10-20 06:57:16,22.652115,114.038913,7.050411733080597,309.4723775402845,-0.6771120333515999
320,2019-10-20 06:57:17,22.652153,114.038863,6.373299699728997,303.0300326208936,-0.5198784036082422
320,2019-10-20 06:57:18,22.652183,114.038813,5.853421296120755,316.53507998016823,-0.8192025799999634
320,2019-10-20 06:57:19,22.65222,114.038775,5.034218716120791,319.2605165750981,-1.0519738695073744
320,2019-10-20 06:57:20,22.65225,114.038747,3.982244846613417,326.9995238156416,-0.0542527305353495
320,2019-10-20 06:57:21,22.652277,114.038728,3.9279921160780673,345.04308575568643,0.397169166995329
320,2019-10-20 06:57:22,22.652315,114.038717,4.325161283073396,350.35193884334444,-0.5098760225875938
320,2019-10-20 06:57:23,22.652353,114.03871,3.8152852604858025,354.72734502386857,-1.0311538045276616
320,2019-10-20 06:57:24,22.652383,114.038707,2.784131455958141,0.0,-0.4439702221229589
320,2019-10-20 06:57:25,22.652403,114.038707,2.340161233835182,7.172642012527092,-0.0786995023044849
320,2019-10-20 06:57:26,22.652425,114.03871,2.261461731530697,14.378126428574149,0.2738720180509304
320,2019-10-20 06:57:27,22.652443,114.038715,2.5353337495816275,5.854633760268655,0.4009107115839061
320,2019-10-20 06:57:28,22.65247,114.038718,2.9362444611655336,14.488323070328365,0.2732519879233357
320,2019-10-20 06:57:29,22.652495,114.038725,3.2094964490888693,20.26127222033506,0.5206298281567743
320,2019-10-20 06:57:30,22.652525,114.038737,3.730126277245644,19.97872814833488,0.4023274548616449
320,2019-10-20 06:57:31,22.652558,114.03875,4.1324537321072885,9.405135077151442,0.3780276896456698
320,2019-10-20 06:57:32,22.652597,114.038757,4.510481421752958,16.69548311309012,0.4535113285427288
320,2019-10-20 06:57:33,22.652637,114.03877,4.963992750295687,14.617531579134152,0.8058154695218054
320,2019-10-20 06:57:34,22.652683,114.038783,5.7698082198174925,23.07078344038422,0.4544162185718701
320,2019-10-20 06:57:35,22.652735,114.038807,6.224224438389363,25.635649842105465,0.159875162092983
320,2019-10-20 06:57:36,22.652785,114.038833,6.384099600482346,26.791885830538547,0.5574408625584519
320,2019-10-20 06:57:37,22.652838,114.038862,6.9415404630407975,29.53872477183944,0.6611973928685577
320,2019-10-20 06:57:38,22.652895,114.038897,7.602737855909355,29.49339193197233,0.2441092133564693
320,2019-10-20 06:57:39,22.652957,114.038935,7.846847069265824,29.23853140030468,0.1215007682768263
320,2019-10-20 06:57:40,22.653018,114.038972,7.968347837542651,18.92039390551446,0.4079266430762009
320,2019-10-20 06:57:41,22.653088,114.038998,8.376274480618852,15.34224891993,0.0682886230053512
320,2019-10-20 06:57:42,22.653162,114.03902,8.444563103624203,19.33821669560541,-0.0775541253103959
320,2019-10-20 06:57:43,22.653233,114.039047,8.367008978313807,21.57919907607584,0.092970556695759
320,2019-10-20 06:57:44,22.653303,114.039077,8.459979535009566,13.825407560568578,0.0054003849405521
320,2019-10-20 06:57:45,22.653378,114.039097,8.465379919950118,16.42550206982429,-0.0054012064057662
320,2019-10-20 06:57:46,22.65345,114.03912,8.459978713544352,18.84622928312501,0.3775738820907897
320,2019-10-20 06:57:47,22.653523,114.039147,8.837552595635142,19.776152324146157,0.2794074602484109
320,2019-10-20 06:57:48,22.6536,114.039177,9.116960055883553,18.328970025038014,0.2456915380288276
320,2019-10-20 06:57:49,22.653678,114.039205,9.36265159391238,23.93653753475013,0.1173985931212993
320,2019-10-20 06:57:50,22.653757,114.039243,9.48005018703368,25.340694805175477,0.2599038920014127
320,2019-10-20 06:57:51,22.653833,114.039282,9.739954079035092,25.823851060329844,0.2896178796592714
320,2019-10-20 06:57:52,22.653915,114.039325,10.029571958694364,26.382817478088043,-0.076830593262148
320,2019-10-20 06:57:53,22.653995,114.039368,9.952741365432216,26.910794755834672,0.2047414007433463
320,2019-10-20 06:57:54,22.654075,114.039412,10.157482766175562,23.99564998980441,0.2620115049279619
320,2019-10-20 06:57:55,22.65416,114.039453,10.419494271103524,28.5821068338567,-1.26742979489336e-06
320,2019-10-20 06:57:56,22.654243,114.039502,10.419493003673727,23.995623931936905,0.2562519719221097
320,2019-10-20 06:57:57,22.654328,114.039543,10.67574497559584,25.982056533810574,0.2385486563985885
320,2019-10-20 06:57:58,22.654417,114.03959,10.914293631994427,25.26304374935876,-0.1376877957552515
320,2019-10-20 06:57:59,22.654505,114.039635,10.776605836239176,24.272276369910912,0.2023240564292923
320,2019-10-20 06:58:00,22.654593,114.039678,10.978929892668468,24.29396777331857,0.0859814686282529
320,2019-10-20 06:58:01,22.654685,114.039723,11.06491136129672,26.237844647068755,0.2167214125976073
320,2019-10-20 06:58:02,22.654773,114.03977,11.281632773894328,24.99860032924255,0.2009628486507679
320,2019-10-20 06:58:03,22.654868,114.039818,11.482595622545096,25.241600774971914,-0.2279685394446637
320,2019-10-20 06:58:04,22.65496,114.039865,11.254627083100432,19.76955773698262,-0.3769091366508768
320,2019-10-20 06:58:05,22.655055,114.039902,10.877717946449556,21.727234448665968,-0.19436746038288
320,2019-10-20 06:58:06,22.655143,114.03994,10.683350486066676,26.983042399426267,0.4666896483035518
320,2019-10-20 06:58:07,22.65523,114.039988,11.150040134370228,26.63572179073697,-0.1223846108397666
320,2019-10-20 06:58:08,22.655322,114.040038,11.02765552353046,27.0340922439928,-0.8257119270599436
320,2019-10-20 06:58:09,22.655407,114.040085,10.201943596470516,24.769487344776337,-0.562177870302941
320,2019-10-20 06:58:10,22.655487,114.040125,9.639765726167576,27.02107652817517,-0.9583928012837308
320,2019-10-20 06:58:11,22.655563,114.040167,8.681372924883846,13.34941658846509,-0.9001898301116986
320,2019-10-20 06:58:12,22.655633,114.040185,7.781183094772147,17.345910237451335,-0.7886958922656317
320,2019-10-20 06:58:13,22.655698,114.040207,6.992487202506515,26.423314067657657,-1.1706429100727913
320,2019-10-20 06:58:14,22.65575,114.040235,5.821844292433724,25.798660375313037,-1.029076119107791
320,2019-10-20 06:58:15,22.655792,114.040257,4.792768173325933,27.80422623661548,-0.5850626385364084
320,2019-10-20 06:58:16,22.655827,114.040277,4.2077055347895245,24.105422299385395,-0.7787914151035569
320,2019-10-20 06:58:17,22.65586,114.040293,3.428914119685968,25.70984297887361,0.0962298082169441
320,2019-10-20 06:58:18,22.655883,114.040305,3.525143927902912,69.29309459735418,-2.5992031076233206
320,2019-10-20 06:58:19,22.655898,114.040348,0.9259408202795912,33.27440178734088,-0.0101903609986415
320,2019-10-20 06:58:29,22.655943,114.04038,0.8240372102931756,355.05532680517285,2.737528048918289
320,2019-10-20 06:58:30,22.655975,114.040377,3.5615652592114646,0.0,-0.3222514857827647
320,2019-10-20 06:58:31,22.656007,114.040377,3.2393137734287,12.02220635958389,0.1907218099413077
320,2019-10-20 06:58:32,22.656033,114.040383,3.430035583370008,6.02054055129463,0.5101867189925877
320,2019-10-20 06:58:33,22.656068,114.040387,3.9402223023625953,11.910988664500051,0.261034202175439
320,2019-10-20 06:58:34,22.656103,114.040395,4.201256504538034,2.641848585757145,0.2056024998947601
320,2019-10-20 06:58:35,22.656143,114.040397,4.406859004432794,347.97780633879285,0.0927009135428891
320,2019-10-20 06:58:36,22.656182,114.040388,4.499559917975684,336.38835750247347,0.1698098129101941
320,2019-10-20 06:58:37,22.65622,114.04037,4.669369730885878,324.55296365926404,0.0778955213108831
320,2019-10-20 06:58:38,22.656255,114.040343,4.747265252196761,314.5702328014199,0.4561817642824657
320,2019-10-20 06:58:39,22.656285,114.04031,5.203447016479227,310.411620730082,0.8355005667609072
320,2019-10-20 06:58:40,22.656318,114.040268,6.038947583240134,309.87171829210695,0.3754811588533124
320,2019-10-20 06:58:41,22.656355,114.04022,6.414428742093446,311.22223658761567,0.1096564460000495
320,2019-10-20 06:58:42,22.656393,114.040173,6.524085188093496,312.0826127283403,0.1916280760880386
320,2019-10-20 06:58:43,22.656433,114.040125,6.715713264181535,317.29822412887887,0.078705169603138
320,2019-10-20 06:58:44,22.656478,114.04008,6.7944184337846725,313.47602956314745,0.3718490247183368
320,2019-10-20 06:58:45,22.65652,114.040032,7.166267458503009,309.26496767028016,0.610315642927298
320,2019-10-20 06:58:46,22.656563,114.039975,7.776583101430307,303.69714795016495,-0.0674052809892522
320,2019-10-20 06:58:47,22.656603,114.03991,7.709177820441055,314.404582721246,-0.2376188848948537
320,2019-10-20 06:58:48,22.65665,114.039858,7.471558935546201,315.56393607755,0.0729261175267321
320,2019-10-20 06:58:49,22.656698,114.039807,7.544485053072933,313.32433562301446,0.3363590045490499
320,2019-10-20 06:58:50,22.656745,114.039753,7.880844057621983,310.92201211708385,-0.251303288644543
320,2019-10-20 06:58:51,22.656793,114.039693,7.62954076897744,307.5382694641129,-0.6388989347986014
320,2019-10-20 06:58:52,22.656832,114.03963799999998,6.990641834178839,310.36128591577915,-0.8208484661962725
320,2019-10-20 06:58:53,22.656872,114.039587,6.169793367982567,333.36454424724946,-0.7873675534818734
320,2019-10-20 06:58:54,22.656918,114.03956200000002,5.382425814500693,324.12188295228924,-1.0840518530679333
320,2019-10-20 06:58:55,22.656955,114.039533,4.29837396143276,328.3994075971939,-0.582197147345684
320,2019-10-20 06:58:56,22.656982,114.039515,3.716176814087076,331.81602605484466,0.0246858997862897
320,2019-10-20 06:58:57,22.657013,114.039497,3.7408627138733657,317.2983385835621,-0.1947109978002221
320,2019-10-20 06:58:58,22.657037,114.039473,3.5461517160731435,341.868720862648,0.0270175846517295
320,2019-10-20 06:58:59,22.657068,114.039462,3.573169300724873,327.0004423366052,0.3177458388552101
320,2019-10-20 06:59:00,22.657095,114.039443,3.890915139580083,322.4389191529562,0.5616082566222715
320,2019-10-20 06:59:01,22.657125,114.039418,4.452523396202355,300.1762336269148,0.6314907345545757
320,2019-10-20 06:59:02,22.657147,114.039377,5.08401413075693,301.62050834833445,0.6996676029317133
320,2019-10-20 06:59:03,22.657172,114.039333,5.783681733688644,299.79039410138864,0.924321001791098
320,2019-10-20 06:59:04,22.6572,114.03928,6.708002735479742,308.2414092145014,0.8227652047886451
320,2019-10-20 06:59:05,22.65724,114.039225,7.530767940268387,302.3545057957076,1.132201965093785
320,2019-10-20 06:59:06,22.657278,114.03916,8.662969905362171,295.783500443541,0.9121892011568882
320,2019-10-20 06:59:07,22.657315,114.039077,9.57515910651906,295.84769099154744,-0.5287315191099271
320,2019-10-20 06:59:08,22.657353,114.038992,9.046427587409132,309.6809315437108,-0.2680985966337275
320,2019-10-20 06:59:09,22.657402,114.038928,8.778328990775405,306.2263186138211,0.5976302223875933
320,2019-10-20 06:59:10,22.65745,114.038857,9.375959213162998,310.6254400710492,0.3106867996447402
320,2019-10-20 06:59:11,22.657507,114.038785,9.68664601280774,305.1323837847578,0.1747254149692025
320,2019-10-20 06:59:12,22.657557,114.038708,9.86137142777694,304.3051886391808,0.4957018800160675
320,2019-10-20 06:59:13,22.657608,114.038627,10.357073307793009,305.037123075124,0.1107190509626612
320,2019-10-20 06:59:14,22.657663,114.038542,10.46779235875567,308.0204738570528,-0.2637677801788829
320,2019-10-20 06:59:15,22.65772,114.038463,10.204024578576789,309.590164084328,-0.093428143869211
320,2019-10-20 06:59:16,22.657778,114.038387,10.110596434707576,295.7161552575473,0.1267048137297273
320,2019-10-20 06:59:17,22.657818,114.038297,10.237301248437303,299.270635868225,-0.0776508736347665
320,2019-10-20 06:59:18,22.657863,114.03821,10.159650374802537,287.1178007968364,-0.4558499625782968
320,2019-10-20 06:59:19,22.65789,114.038115,9.70380041222424,292.67452233144604,-0.399812513830124
320,2019-10-20 06:59:20,22.657922,114.038032,9.303987898394116,291.5643222198468,-0.3127821586228982
320,2019-10-20 06:59:21,22.657953,114.037947,8.991205739771218,298.44959907230566,-0.6856955603567982
320,2019-10-20 06:59:22,22.65799,114.037873,8.30551017941442,301.96048822857927,-0.1335589376465762
320,2019-10-20 06:59:23,22.658028,114.037807,8.171951241767843,302.1368008466713,-0.493977623125958
320,2019-10-20 06:59:24,22.658068,114.037738,7.677973618641885,298.4496158853381,-1.0648377534810436
320,2019-10-20 06:59:25,22.65809800000001,114.037678,6.613135865160841,304.74233899921506,-0.4104276163141698
320,2019-10-20 06:59:26,22.65813,114.037628,6.202708248846672,311.7006952506749,-0.3938184663465236
320,2019-10-20 06:59:27,22.658167,114.037583,5.808889782500148,317.2985822456116,-0.3382601025499356
320,2019-10-20 06:59:28,22.658203,114.037547,5.470629679950212,327.49534187984983,-0.1108842830527594
320,2019-10-20 06:59:29,22.658245,114.037518,5.359745396897453,341.834646777116,0.0522310184264434
320,2019-10-20 06:59:30,22.65829,114.037502,5.411976415323896,352.6384727093353,0.4257572336098549
320,2019-10-20 06:59:31,22.65834,114.037495,5.837733648933751,6.698675875365268,0.5765270005872605
320,2019-10-20 06:59:32,22.658395,114.037502,6.414260649521012,2.6418041542916058,0.4673957021329977
320,2019-10-20 06:59:33,22.658455,114.037505,6.8816563516540095,9.96930855803322,0.3238795381272954
320,2019-10-20 06:59:34,22.658518,114.037517,7.205535889781305,12.991079156776834,0.6320623349139636
320,2019-10-20 06:59:35,22.658582,114.037533,7.837598224695268,14.188555880229105,0.9128744768128172
320,2019-10-20 06:59:36,22.658655,114.037553,8.750472701508086,12.99106513043563,0.6967905614613592
320,2019-10-20 06:59:37,22.658735,114.037573,9.447263262969445,14.604243757521717,0.4148488027939727
320,2019-10-20 06:59:38,22.65882,114.037597,9.862112065763418,13.710208063674088,0.2402862604618629
320,2019-10-20 06:59:39,22.658907,114.03762,10.10239832622528,17.46335038677705,0.1555534340673467
320,2019-10-20 06:59:40,22.658995,114.03765,10.257951760292627,17.46333987258447,0.0841465446784557
320,2019-10-20 06:59:41,22.659083,114.03768,10.342098304971085,18.35573412588451,0.1215946668137331
320,2019-10-20 06:59:42,22.659172,114.037712,10.463692971784816,17.633250897536527,0.2593402101708975
320,2019-10-20 06:59:43,22.659262,114.037743,10.723033181955714,19.1518422072175,0.0520298116220274
320,2019-10-20 06:59:44,22.659355,114.037778,10.77506299357774,13.395183262951946,-0.2567527927831463
320,2019-10-20 06:59:45,22.659448,114.037802,10.518310200794597,16.018590174470432,-0.1042537779352219
320,2019-10-20 06:59:46,22.659538,114.03783,10.414056422859373,5.606832232953934,0.2762841549937889
320,2019-10-20 06:59:47,22.659632,114.03784,10.690340577853162,11.94081108528684,0.2988720016622679
320,2019-10-20 06:59:48,22.659728,114.03786200000002,10.98921257951543,6.909236342347469,0.3275002727486349
320,2019-10-20 06:59:49,22.659827,114.037875,11.316712852264065,14.350081402009664,0.4282454982638146
320,2019-10-20 06:59:50,22.659928,114.037903,11.74495835052788,5.908641221531752,0.2656939806907701
320,2019-10-20 06:59:51,22.660035,114.03791499999998,12.01065233121865,16.173471789320274,0.9444753923630388
320,2019-10-20 06:59:52,22.66014,114.037948,12.955127723581688,25.92534828770016,0.5739664026893525
320,2019-10-20 06:59:53,22.660252,114.038007,13.52909412627104,16.112843322757442,-0.4710252715959395
320,2019-10-20 06:59:54,22.660367,114.038043,13.0580688546751,17.244223665233847,-0.2323932278394203
320,2019-10-20 06:59:55,22.660477,114.03808,12.82567562683568,12.43434880372871,0.086907686663574
320,2019-10-20 06:59:56,22.66059,114.038107,12.912583313499256,14.206424651075622,-0.1379082473820307
320,2019-10-20 06:59:57,22.660703,114.038138,12.774675066117224,13.673517698112732,-0.7228936799064272
320,2019-10-20 06:59:58,22.660813,114.038167,12.051781386210797,10.256210338247456,-0.1502339666090915
320,2019-10-20 06:59:59,22.660915,114.038187,11.901547419601703,12.057801833519475,0.1444530190739428
320,2019-10-20 07:00:00,22.661023,114.03821200000002,12.046000438675648,8.989368216011826,-0.1525154479781409
320,2019-10-20 07:00:01,22.661128,114.03823,11.893484990697509,6.397045767718055,0.3668110206274946
320,2019-10-20 07:00:02,22.661235,114.038243,12.260296011325002,7.04540462159946,-0.0776628539187793
320,2019-10-20 07:00:03,22.661347,114.038258,12.182633157406222,4.480013846741088,-0.4111373664427251
320,2019-10-20 07:00:04,22.661453,114.038267,11.771495790963495,5.022558406263386,-0.2371190176211222
320,2019-10-20 07:00:05,22.661558,114.038277,11.534376773342377,2.5900149103865715,-0.1295088774018289
320,2019-10-20 07:00:06,22.66166,114.038282,11.404867895940546,1.5395987508561009,0.1066655996852379
320,2019-10-20 07:00:07,22.661763,114.03828500000002,11.511533495625784,1.016667180298782,0.1083363386996083
320,2019-10-20 07:00:08,22.661867,114.038287,11.619869834325392,358.9930141313147,0.0611196188107978
320,2019-10-20 07:00:09,22.661972,114.03828500000002,11.68098945313619,357.4838966475047,0.0662194567750269
320,2019-10-20 07:00:10,22.662077,114.03828,11.747208909911215,356.5127572820411,-0.0555207177358845
320,2019-10-20 07:00:11,22.662183,114.038273,11.691688192175333,357.45973876954486,-0.2682564379086312
320,2019-10-20 07:00:12,22.662287,114.038268,11.4234317542667,354.7796380656508,-0.2013323753610798
320,2019-10-20 07:00:13,22.662388,114.038258,11.222099378905622,354.7277310112672,-0.0228818423150212
320,2019-10-20 07:00:14,22.662488,114.038248,11.1992175365906,351.60116484665303,0.072624481208031
320,2019-10-20 07:00:15,22.662588,114.038232,11.271842017798631,349.5432794448155,0.1061013110917876
320,2019-10-20 07:00:16,22.662688,114.03821200000002,11.37794332889042,346.0094460027516,-0.0205577120118185
320,2019-10-20 07:00:17,22.662788,114.038185,11.3573856168786,347.89980106928925,-0.2937009662484211
320,2019-10-20 07:00:18,22.662887,114.038162,11.06368465063018,349.1178078833205,-0.0984927706128804
320,2019-10-20 07:00:19,22.662983,114.038142,10.9651918800173,347.1387811269783,0.415807224388617
320,2019-10-20 07:00:20,22.66308,114.038118,11.380999104405916,345.78520009794056,0.4248602896058138
320,2019-10-20 07:00:21,22.663182,114.03809,11.80585939401173,344.0029039993631,-0.1140513189563083
320,2019-10-20 07:00:22,22.663285,114.038058,11.69180807505542,341.7595429726673,-0.7733495435740814
320,2019-10-20 07:00:23,22.663383,114.038023,10.91845853148134,342.7216547552572,-0.6811433285916895
320,2019-10-20 07:00:24,22.663472,114.037993,10.23731520288965,345.3102251926813,-0.4416108380491721
320,2019-10-20 07:00:25,22.66356,114.037968,9.795704364840478,346.85827158771355,-0.1361478035649526
320,2019-10-20 07:00:26,22.663643,114.037947,9.659556561275526,343.6631340931928,0.4291280859852655
320,2019-10-20 07:00:27,22.663728,114.03792,10.088684647260791,345.623016001342,-0.0536080181767619
320,2019-10-20 07:00:28,22.663818,114.037895,10.03507662908403,343.479212427311,-0.3603298843401994
320,2019-10-20 07:00:29,22.663902,114.037868,9.67474674474383,343.8773347325876,-0.0238438881185487
320,2019-10-20 07:00:30,22.663985,114.037842,9.65090285662528,342.129792582168,0.1148277057903133
320,2019-10-20 07:00:31,22.664068,114.037813,9.765730562415596,341.759638347104,-0.0909852100810706
320,2019-10-20 07:00:32,22.664152,114.037783,9.674745352334524,345.6562700531272,-0.0957038775833538
320,2019-10-20 07:00:33,22.664235,114.03776,9.57904147475117,343.29124906552306,0.2558840086702307
320,2019-10-20 07:00:34,22.664318,114.037733,9.8349254834214,344.5826010739147,0.2139089431379002
320,2019-10-20 07:00:35,22.664405,114.037707,10.0488344265593,344.0193949163661,-0.0942807504194185
320,2019-10-20 07:00:36,22.664492000000006,114.03768,9.954553676139884,346.1370384252504,0.0818116204886365
320,2019-10-20 07:00:37,22.664578,114.037657,10.03636529662852,345.4683664011002,0.0799317626532545
320,2019-10-20 07:00:38,22.664667,114.037632,10.116297059281774,342.7155083634866,-0.0925769574788812
320,2019-10-20 07:00:39,22.664753,114.037603,10.023720101802892,344.582647643761,0.0786465807341372
320,2019-10-20 07:00:40,22.66484,114.037577,10.10236668253703,344.1919158580651,0.1744464536769001
320,2019-10-20 07:00:41,22.664928,114.03755,10.27681313621393,344.5262057819145,0.2560172187618743
320,2019-10-20 07:00:42,22.665018,114.037523,10.532830354975804,343.2532382875685,0.281337764323208
320,2019-10-20 07:00:43,22.66511,114.037493,10.814168119299012,344.78500810571734,0.2014121373022082
320,2019-10-20 07:00:44,22.665205,114.037465,11.01558025660122,346.6220077834435,0.1617065096724115
320,2019-10-20 07:00:45,22.665302,114.03744,11.177286766273632,345.23013307539605,0.0539349140430722
320,2019-10-20 07:00:46,22.6654,114.03741200000002,11.231221680316704,346.7537001823881,0.0380665912531004
320,2019-10-20 07:00:47,22.665498,114.037387,11.269288271569804,348.52437436085864,0.1662399465017241
320,2019-10-20 07:00:48,22.665598000000006,114.037365,11.435528218071529,349.7441397106666,0.0476147907970752
320,2019-10-20 07:00:49,22.6657,114.037345,11.483143008868604,352.2720984232026,-0.0923975798452012
320,2019-10-20 07:00:50,22.665802,114.03733,11.390745429023402,352.19652838521745,-0.1301323938566785
320,2019-10-20 07:00:51,22.665903,114.037315,11.260613035166724,353.6812641001462,-0.1582456787765966
320,2019-10-20 07:00:52,22.666003,114.037303,11.102367356390127,356.7990548865521,-0.5733023298023987
320,2019-10-20 07:00:53,22.666102,114.037297,10.529065026587729,355.8948829182397,-1.015118435171992
320,2019-10-20 07:00:54,22.666192,114.03728999999998,9.513946591415737,0.0,-0.8407423129746157
320,2019-10-20 07:00:55,22.666273,114.03728999999998,8.673204278441121,0.0,-0.6630611574068581
320,2019-10-20 07:00:56,22.666348,114.03728999999998,8.010143121034263,3.825500189339039,-0.6455009295691703
320,2019-10-20 07:00:57,22.666417000000006,114.037295,7.364642191465093,5.854040283557197,-0.5934769390952335
320,2019-10-20 07:00:58,22.66648,114.037302,6.771165252369859,7.253474849823192,-0.2010402165854223
320,2019-10-20 07:00:59,22.666538,114.03731,6.570125035784437,8.889076059233673,0.180010714599561
320,2019-10-20 07:01:00,22.666597,114.03732,6.750135750383998,8.602059069903305,-6.73241862259033e-08
320,2019-10-20 07:01:01,22.666658,114.03733,6.750135683059812,8.889068420437866,-0.2746191568868497
320,2019-10-20 07:01:02,22.666717,114.03734,6.475516526172962,9.357051155212275,-0.6829437453414435
320,2019-10-20 07:01:03,22.666773000000006,114.03735,5.792572780831518,7.825283599114016,-0.9165724320796312
320,2019-10-20 07:01:04,22.66682,114.037357,4.876000348751887,6.579712770996082,-0.9842247063659147
320,2019-10-20 07:01:05,22.66686,114.03736200000002,3.891775642385973,23.191488750477674,-1.0653096739309929
320,2019-10-20 07:01:06,22.666888,114.037375,2.8264659684549795,21.23268517056283,-1.1006019444036013
320,2019-10-20 07:01:07,22.666907,114.037383,1.7258640240513785,20.259320485031022,-0.7198633754946446
320,2019-10-20 07:01:08,22.666917,114.037387,1.0060006485567337,347.009683858861,-0.9123826343460308
320,2019-10-20 07:01:09,22.666925,114.037385,0.0936180142107027,25.387262955742244,0.0006725349437359
320,2019-10-20 07:02:02,22.66696,114.037403,0.129262366228706,4.221963608031501,3.327311636297285
320,2019-10-20 07:02:03,22.666985,114.037405,3.456574002525992,4.278805490264347,0.9102691477789158
320,2019-10-20 07:02:04,22.667022,114.037408,4.366843150304907,8.953038290024097,0.5858843133102196
320,2019-10-20 07:02:05,22.667063,114.037415,4.952727463615127,8.926261247246543,0.628349929559664
320,2019-10-20 07:02:06,22.66711,114.037423,5.581077393174791,10.062596134250668,0.4864577119757349
320,2019-10-20 07:02:07,22.667162,114.037433,6.067535105150526,6.5796957475863564,0.4404748268975558
320,2019-10-20 07:02:08,22.667218,114.03744,6.508009932048082,8.743190212088564,0.4863265083998156
320,2019-10-20 07:02:09,22.667278,114.03745,6.994336440447897,10.616068412314805,0.3953871568316724
320,2019-10-20 07:02:10,22.667342,114.037463,7.38972359727957,13.369977798888783,0.4355740697616648
320,2019-10-20 07:02:11,22.667408,114.03748,7.825297667041235,9.459101677750596,0.6123707632849298
320,2019-10-20 07:02:12,22.66748,114.037493,8.437668430326164,8.079863672886859,0.4805410195262745
320,2019-10-20 07:02:13,22.667558,114.037505,8.918209449852439,11.72911674067285,0.2971493232992568
320,2019-10-20 07:02:14,22.667638,114.037523,9.215358773151696,12.683779851852478,0.2414510292203697
320,2019-10-20 07:02:15,22.667720000000006,114.037543,9.456809802372064,9.248813202906431,0.1638101096664677
320,2019-10-20 07:02:16,22.667805,114.037558,9.620619912038531,12.249855124264345,0.0511593831667394
320,2019-10-20 07:02:17,22.66789,114.037578,9.671779295205273,12.24984777190906,0.2158805598995954
320,2019-10-20 07:02:18,22.667975,114.037598,9.887659855104868,17.097077923772304,0.2981996920731316
320,2019-10-20 07:02:19,22.668062,114.037627,10.185859547178,10.343902511724592,-0.0956028072228285
320,2019-10-20 07:02:20,22.668153,114.037645,10.090256739955173,18.039244466234663,-0.1500746513929378
320,2019-10-20 07:02:21,22.668238,114.037675,9.940182088562231,18.039234028035025,0.1057875199713738
320,2019-10-20 07:02:22,22.668323,114.037705,10.045969608533609,17.65054432363371,0.3711447522932776
320,2019-10-20 07:02:23,22.66841,114.037735,10.417114360826885,16.74637084794091,0.2760310053834942
320,2019-10-20 07:02:24,22.668502,114.037765,10.69314536621038,14.997103070375031,0.0141428323377663
320,2019-10-20 07:02:25,22.668595,114.037792,10.707288198548143,17.271840009314644,-5.60938660854049e-07
320,2019-10-20 07:02:26,22.668687,114.037823,10.707287637609484,14.997083750409274,-0.041746480743658
320,2019-10-20 07:02:27,22.66878,114.03785,10.665541156865826,15.686665579727958,0.0276020524416491
320,2019-10-20 07:02:28,22.668872,114.037878,10.693143209307475,16.05255364466734,0.2276001979061437
320,2019-10-20 07:02:29,22.668965,114.037907,10.92074340721362,13.377638761558272,0.563892175364856
320,2019-10-20 07:02:30,22.669062,114.037932,11.484635582578475,15.52101391548183,0.1009535032012785
320,2019-10-20 07:02:31,22.669165,114.037963,11.585589085779754,10.45623035790726,-0.2592555731707122
320,2019-10-20 07:02:32,22.669265,114.037983,11.32633351260904,11.475318912258558,-0.4110821494002614
320,2019-10-20 07:02:33,22.669365,114.038005,10.91525136320878,9.57416511983513,-0.9923108094559012
320,2019-10-20 07:02:34,22.669458,114.038022,9.92294055375288,13.29578228717969,-1.2834753765046862
320,2019-10-20 07:02:35,22.66954,114.038043,8.639465177248193,10.456204668682004,-1.412798193316637
320,2019-10-20 07:02:36,22.66961,114.038057,7.226666983931556,14.521360517729818,-1.1894613454705594
320,2019-10-20 07:02:37,22.669667,114.038073,6.037205638460996,15.063268196284014,-0.9523292873851554
320,2019-10-20 07:02:38,22.669715,114.038087,5.084876351075841,16.693516556859947,-0.7795577843274639
320,2019-10-20 07:02:39,22.669755,114.0381,4.305318566748377,22.75453736226245,-0.5709489814496722
320,2019-10-20 07:02:40,22.669788,114.038115,3.7343695852987047,22.472072622441544,-1.3435848258165386
320,2019-10-20 07:02:41,22.669817,114.038128,2.390784759482166,347.9789671532056,-0.606489391633835
320,2019-10-20 07:02:42,22.66983,114.038125,1.784295367848331,31.59819512503037,0.1678765577828864
320,2019-10-20 07:02:43,22.669848,114.038137,1.9521719256312176,3.5201748426794666,-0.6178328059254545
320,2019-10-20 07:02:44,22.669863,114.038138,1.334339119705763,354.1461034976829,-1.2252250353795415
320,2019-10-20 07:02:45,22.669872,114.038137,0.1091140843262214,0.0,0.0006515211941486
320,2019-10-20 07:03:37,22.669915,114.038137,0.1429931864219489,10.45618012950905,3.479329709064044
320,2019-10-20 07:03:38,22.66994,114.038142,3.622322895485993,17.519565761902243,1.3638871301075426
320,2019-10-20 07:03:39,22.669978,114.038155,4.986210025593535,19.46288474533964,1.184345930454124
320,2019-10-20 07:03:40,22.670025,114.038173,6.170555956047659,21.232237102325428,0.8550645030934056
320,2019-10-20 07:03:41,22.670082,114.038197,7.025620459141065,20.71520113737012,0.5390306198877566
320,2019-10-20 07:03:42,22.670143,114.038222,7.564651079028821,18.99886429725524,0.522957577425804
320,2019-10-20 07:03:43,22.67021,114.038247,8.087608656454625,20.258863698122184,0.4202041021955089
320,2019-10-20 07:03:44,22.67028,114.038275,8.507812758650134,17.096808877154785,0.5924142545358677
320,2019-10-20 07:03:45,22.670355,114.0383,9.100227013186002,20.258842569534465,0.5438508147092627
320,2019-10-20 07:03:46,22.670435,114.038332,9.644077827895265,15.7616567828224,0.3796088781517621
320,2019-10-20 07:03:47,22.67052,114.038358,10.023686706047028,16.913647148777727,0.5528725309037181
320,2019-10-20 07:03:48,22.670608,114.038387,10.576559236950745,16.925336139281285,0.6860183169400198
320,2019-10-20 07:03:49,22.670702,114.038418,11.262577553890765,20.163775672395445,0.4753429295698783
320,2019-10-20 07:03:50,22.6708,114.038457,11.737920483460645,15.520826734544473,0.7137192478711469
320,2019-10-20 07:03:51,22.670903,114.038488,12.45163973133179,20.258763876252544,0.2432430115933357
320,2019-10-20 07:03:52,22.671013,114.038532,12.694882742925126,15.885348080181927,-0.1744759623610434
320,2019-10-20 07:03:53,22.67112,114.038565,12.520406780564082,20.345657849987333,0.168796583112238
320,2019-10-20 07:03:54,22.671227,114.038608,12.68920336367632,18.867976987259908,-0.0788323620454445
320,2019-10-20 07:03:55,22.671335,114.038648,12.610371001630876,16.648398437279752,-0.0211192973353533
320,2019-10-20 07:03:56,22.671443,114.038683,12.589251704295522,19.91002756595469,-0.0743856161453635
320,2019-10-20 07:03:57,22.67155,114.038725,12.51486608815016,19.367378099576054,-0.400978339850722
320,2019-10-20 07:03:58,22.671655,114.03876499999998,12.113887748299437,20.258663287568595,-0.1562817947434371
320,2019-10-20 07:03:59,22.671755,114.038805,11.957605953556,18.33856304711702,0.2299453737151982
320,2019-10-20 07:04:00,22.671858,114.038842,12.187551327271198,18.466186153067326,0.6064464048810638
320,2019-10-20 07:04:01,22.671963,114.03888,12.793997732152262,20.34166393322215,0.4354444990930499
320,2019-10-20 07:04:02,22.672075,114.038925,13.229442231245311,19.08674450198305,-0.2948191441951895
320,2019-10-20 07:04:03,22.672187,114.038967,12.934623087050122,18.867854270707085,-0.3085131349608616
320,2019-10-20 07:04:04,22.672295,114.039007,12.62610995208926,17.09656830341055,-0.1740203084993847
320,2019-10-20 07:04:05,22.672403,114.039043,12.452089643589876,15.42708657303092,0.1211265318652596
320,2019-10-20 07:04:06,22.67251,114.039075,12.573216175455135,17.242787987053703,0.2802691513779365
320,2019-10-20 07:04:07,22.67262,114.03911200000002,12.853485326833072,18.548412159078453,0.1844884610039692
320,2019-10-20 07:04:08,22.67273,114.039152,13.03797378783704,21.931778112746542,0.2837411395722569
320,2019-10-20 07:04:09,22.67284,114.0392,13.321714927409298,20.996114858016934,-0.1074767325907721
320,2019-10-20 07:04:10,22.672953,114.039247,13.214238194818526,20.85379801870755,0.1102793202412524
320,2019-10-20 07:04:11,22.673062,114.039292,13.324517515059778,12.052895226546012,0.5318689245652983
320,2019-10-20 07:04:12,22.673183,114.03932,13.856386439625076,13.605351533941814,-0.1833809909236823
320,2019-10-20 07:04:13,22.673305,114.039352,13.673005448701394,22.38809607006351,1.1353373549523391
320,2019-10-20 07:04:14,22.673417,114.039402,14.808342803653732,39.02080238280843,0.7432241193646743
320,2019-10-20 07:04:15,22.673532,114.039503,15.551566923018408,35.01432403182645,-1.550026259687593
320,2019-10-20 07:04:16,22.67364,114.039585,14.001540663330816,35.22817925786171,-1.6577288846796492
320,2019-10-20 07:04:17,22.673738,114.03966,12.343811778651164,28.51860098323317,-1.1473399995627371
320,2019-10-20 07:04:18,22.673828,114.039713,11.196471779088428,30.839312387244437,-0.5887138644661274
320,2019-10-20 07:04:19,22.673913,114.039768,10.6077579146223,26.85614597603802,-1.68026136479698
320,2019-10-20 07:04:20,22.673995,114.039813,8.927496549825321,25.46560215887922,-1.9978141657437616
320,2019-10-20 07:04:21,22.674057,114.039845,6.929682384081559,24.337714056544428,-1.0124872481694922
320,2019-10-20 07:04:22,22.674108,114.03987,5.917195135912067,29.518958397453048,-1.1995676223850549
320,2019-10-20 07:04:23,22.674152,114.039897,4.717627513527012,28.970102790007672,-1.4628380202919176
320,2019-10-20 07:04:24,22.674182,114.039915,3.2547894932350947,34.684543467343985,-0.924252102257972
320,2019-10-20 07:04:25,22.674202,114.03993,2.3305373909771228,31.597380689435116,-0.5205410176734038
320,2019-10-20 07:04:26,22.674217,114.03994,1.809996373303719,29.58888486147549,-0.8308815229301153
320,2019-10-20 07:04:27,22.67423,114.039948,0.9791148503736036,42.698084898581726,-0.9290775110432152
320,2019-10-20 07:04:28,22.674232,114.03995,0.0500373393303884,0.0,0.0027141416855415
320,2019-10-20 07:05:05,22.674247,114.03995,0.1504605816954271,18.91767975893833,4.330856874182039
320,2019-10-20 07:05:06,22.674282,114.039963,4.481317455877465,23.66724735294514,0.5740664985191959
320,2019-10-20 07:05:07,22.674322,114.039982,5.055383954396661,18.163364459802665,0.5232220617833345
320,2019-10-20 07:05:08,22.674367,114.039998,5.578606016179996,19.322192364888508,0.5957353335299542
320,2019-10-20 07:05:09,22.674417,114.040017,6.17434134970995,24.35389211584186,0.4600612855979777
320,2019-10-20 07:05:10,22.67447,114.040043,6.634402635307928,25.94382844099539,0.3962424365024874
320,2019-10-20 07:05:11,22.674525,114.040072,7.030645071810415,23.29659538546844,0.4699578690308295
320,2019-10-20 07:05:12,22.674585,114.0401,7.500602940841245,20.970779229816745,0.3261058421611142
320,2019-10-20 07:05:13,22.67465,114.040127,7.826708783002359,17.332751352463788,0.4525462472190744
320,2019-10-20 07:05:14,22.674718,114.04015,8.279255030221433,22.29815815309865,0.3313343804114836
320,2019-10-20 07:05:15,22.67479,114.040182,8.610589410632917,24.76641000296803,0.127423707414426
320,2019-10-20 07:05:16,22.67486,114.040217,8.738013118047343,25.965347463472995,0.209186087391247
320,2019-10-20 07:05:17,22.674932,114.040255,8.94719920543859,28.626871149940087,0.2181688759584439
320,2019-10-20 07:05:18,22.675003,114.040297,9.165368081397034,28.198735504569584,0.391952027475428
320,2019-10-20 07:05:19,22.675077,114.04034,9.557320108872462,30.23197379420867,0.5245116564683556
320,2019-10-20 07:05:20,22.675153,114.040388,10.081831765340818,32.2400217610533,0.2293265462522189
320,2019-10-20 07:05:21,22.675232,114.040442,10.311158311593037,35.510055950516175,0.0353973178862006
320,2019-10-20 07:05:22,22.675307,114.0405,10.346555629479235,26.035055016436104,0.1428942914348123
320,2019-10-20 07:05:23,22.675392,114.040545,10.48944992091405,42.29301787474111,0.093352859473482
320,2019-10-20 07:05:24,22.675463,114.040615,10.582802780387532,33.653590522651314,-0.4263656404089069
320,2019-10-20 07:05:25,22.675542,114.040672,10.156437139978625,36.04581913422646,2.244140814299124
320,2019-10-20 07:05:26,22.675613,114.040728,12.400577954277749,47.54942907847652,2.3830906531916884
320,2019-10-20 07:05:27,22.675705,114.040837,14.783668607469435,44.19560541175366,-0.3750862262233525
320,2019-10-20 07:05:28,22.675798,114.040935,14.408582381246084,38.20306129014,-0.4981877996531896
320,2019-10-20 07:05:29,22.6759,114.041022,13.910394581592897,33.96305065137187,-0.8539659062130234
320,2019-10-20 07:05:30,22.676,114.041095,13.056428675379872,35.54002231992786,-0.457236965779817
320,2019-10-20 07:05:31,22.676093,114.041167,12.599191709600056,40.97176322287567,-0.2380513259830401
320,2019-10-20 07:05:32,22.676178,114.041247,12.361140383617014,35.96904110194714,-0.1139034506499925
320,2019-10-20 07:05:33,22.676267000000006,114.041317,12.247236932967022,38.82285794303414,0.3562381673725507
320,2019-10-20 07:05:34,22.676353,114.041392,12.603475100339573,33.658194748586936,0.4206747711125267
320,2019-10-20 07:05:35,22.67645,114.041462,13.0241498714521,38.74161208736433,0.3003524458178042
320,2019-10-20 07:05:36,22.676542,114.041542,13.324502317269904,32.457690108964584,0.5725375477733987
320,2019-10-20 07:05:37,22.676645,114.04161299999998,13.897039865043302,37.22996712454773,0.058953950260415
320,2019-10-20 07:05:38,22.676747,114.041697,13.955993815303716,33.18260024663027,-0.2407607046701354
320,2019-10-20 07:05:39,22.67685,114.04177,13.715233110633582,37.66991086877448,0.4205122066238242
320,2019-10-20 07:05:40,22.676948,114.041852,14.135745317257406,33.43579657345765,-0.026719794267306
320,2019-10-20 07:05:41,22.677057,114.04193,14.1090255229901,35.74254736839555,-0.529360044463596
320,2019-10-20 07:05:42,22.677157,114.042008,13.579665478526504,35.94104266534555,0.3629878726389801
320,2019-10-20 07:05:43,22.677255,114.042085,13.942653351165484,33.678990840588824,0.7195097554497423
320,2019-10-20 07:05:44,22.677363,114.042163,14.662163106615226,39.22219580421,0.5251591917684628
320,2019-10-20 07:05:45,22.677467,114.042255,15.18732229838369,37.6574904348538,-0.033363164024168
320,2019-10-20 07:05:46,22.677577,114.042347,15.15395913435952,40.95389436072662,-0.7715673609895575
320,2019-10-20 07:05:47,22.677678,114.042442,14.382391773369964,33.9906708482315,-0.3140020247795032
320,2019-10-20 07:05:48,22.677782,114.042518,14.06838974859046,33.83211300106888,-0.0669926696302223
320,2019-10-20 07:05:49,22.677888,114.042595,14.001397078960238,36.43284752257495,-0.1640128632671409
320,2019-10-20 07:05:50,22.677988,114.042675,13.837384215693096,37.38867172813218,-0.0829976565095833
320,2019-10-20 07:05:51,22.678087,114.042757,13.754386559183514,38.58069009418455,-0.3015488851908259
320,2019-10-20 07:05:52,22.678183,114.04283999999998,13.452837673992688,37.14655883521471,-0.2335535296537614
320,2019-10-20 07:05:53,22.678278,114.042918,13.219284144338928,35.141825000522374,-3.187258652559421e-06
320,2019-10-20 07:05:54,22.678375,114.042992,13.219280957080274,37.14652020720621,0.0303202454743836
320,2019-10-20 07:05:55,22.67847,114.04307,13.249601202554658,35.50459534720562,0.4802424325980983
320,2019-10-20 07:05:56,22.678567,114.043145,13.729843635152756,36.29958859812973,-0.1502294279845664
320,2019-10-20 07:05:57,22.67867,114.043227,13.57961420716819,35.33692374343224,-1.32172908637647
320,2019-10-20 07:05:58,22.678765,114.0433,12.25788512079172,37.086760264502914,-2.7842254011772827
320,2019-10-20 07:05:59,22.678848,114.043368,9.473659719614435,23.34387564761289,-2.089793460967856
320,2019-10-20 07:06:00,22.67891,114.043397,7.383866258646581,36.81812678650738,-1.104651582321182
320,2019-10-20 07:06:01,22.678963,114.04344,6.279214676325399,33.5219443328898,-2.0749540297956983
320,2019-10-20 07:06:02,22.679002,114.043468,4.2042606465297006,18.23851452420638,-1.3027374647300558
320,2019-10-20 07:06:03,22.67903,114.043478,2.9015231817996447,4.5871841630679455,-0.299980869947511
320,2019-10-20 07:06:04,22.679053,114.04348,2.6015423118521337,39.70661475097188,0.062559961234875
320,2019-10-20 07:06:05,22.679073,114.043498,2.6641022730870088,39.150013097472026,0.0663428275889921
320,2019-10-20 07:06:06,22.67909,114.043513,2.730445100676001,42.69706718261892,0.699407735271385
320,2019-10-20 07:06:07,22.67911,114.043533,3.429852835947386,35.94067239552214,0.9115006806255512
320,2019-10-20 07:06:08,22.679138,114.043555,4.341353516572937,36.432614460839375,0.8904090013108501
320,2019-10-20 07:06:09,22.679173,114.043583,5.231762517883787,39.6262629711901,0.5715954752442718
320,2019-10-20 07:06:10,22.679212,114.043618,5.803357993128059,36.90716149340375,0.4774099854563651
320,2019-10-20 07:06:11,22.679255,114.043653,6.280767978584424,37.43860340447861,0.4651481686234078
320,2019-10-20 07:06:12,22.679302,114.043692,6.745916147207832,36.43257790852971,0.419601706198879
320,2019-10-20 07:06:13,22.679352,114.043732,7.165517853406711,34.520718264469394,0.2742852182500579
320,2019-10-20 07:06:14,22.679407,114.043773,7.439803071656769,33.38705841872229,0.2985414689047312
320,2019-10-20 07:06:15,22.679463,114.043813,7.7383445405615,30.76427023792036,0.4495473231010196
320,2019-10-20 07:06:16,22.679525,114.043853,8.18789186366252,25.40334558563876,0.2616755970903757
320,2019-10-20 07:06:17,22.679593,114.043888,8.449567460752895,24.139842781419816,0.0618411505905172
320,2019-10-20 07:06:18,22.679663,114.043922,8.511408611343413,19.738892951634625,0.365990187314221
320,2019-10-20 07:06:19,22.679735,114.04395,8.877398798657634,16.084155382471863,0.4495797012806157
320,2019-10-20 07:06:20,22.679815,114.043975,9.32697849993825,11.315323079301436,0.1655608908258532
320,2019-10-20 07:06:21,22.679898,114.043993,9.492539390764104,9.248006169409791,0.0388772576461295
320,2019-10-20 07:06:22,22.679983,114.044008,9.531416648410232,5.579787978679804,0.4502323849939458
320,2019-10-20 07:06:23,22.680068,114.044017,9.981649033404178,3.3704806868676656,0.3166660061078374
320,2019-10-20 07:06:24,22.680162,114.044023,10.298315039512016,2.322470307641538,-0.0107377677567352
320,2019-10-20 07:06:25,22.680253,114.044027,10.28757727175528,0.0,0.3871356860676549
320,2019-10-20 07:06:26,22.680347,114.044027,10.674712957822935,0.0,0.7284222755428402
320,2019-10-20 07:06:27,22.680445,114.044027,11.403135233365775,356.5457305339538,0.2723320645017271
320,2019-10-20 07:06:28,22.680552,114.04402,11.675467297867502,3.588069239855372,0.0253284492299563
320,2019-10-20 07:06:29,22.680655,114.044027,11.70079574709746,3.9462683775969936,0.2659701738917768
320,2019-10-20 07:06:30,22.680762,114.044035,11.966765920989236,1.4681485523278752,0.0580527762513565
320,2019-10-20 07:06:31,22.68087,114.044038,12.024818697240592,4.3967556169614,0.3331591666132905
320,2019-10-20 07:06:32,22.680978,114.044047,12.357977863853884,1.3909065159782583,0.3841712724267498
320,2019-10-20 07:06:33,22.681092,114.04405,12.742149136280633,3.214479821953205,-0.1535838482167175
320,2019-10-20 07:06:34,22.681207,114.044057,12.588565288063917,3.804470538787598,-0.0522391049275601
320,2019-10-20 07:06:35,22.681318,114.044065,12.536326183136357,3.704632366123178,0.3795127206753008
320,2019-10-20 07:06:36,22.681432,114.044073,12.915838903811656,2.2388875622859814,0.2195942983341794
320,2019-10-20 07:06:37,22.68155,114.044078,13.135433202145837,3.132910160758172,0.1162377083721875
320,2019-10-20 07:06:38,22.681668,114.044085,13.251670910518024,3.0807937518058,0.1083740953576199
320,2019-10-20 07:06:39,22.681788,114.044092,13.360045005875644,2.6413531378911443,-0.0499910612981597
320,2019-10-20 07:06:40,22.681908,114.044098,13.310053944577485,3.9916827396539247,0.0526497382187951
320,2019-10-20 07:06:41,22.682027,114.044107,13.362703682796278,2.1834228463171144,0.1693742133349562
320,2019-10-20 07:06:42,22.682148,114.044112,13.532077896131234,4.32491280791794,-0.1567771413807772
320,2019-10-20 07:06:43,22.68227000000001,114.044122,13.375300754750455,3.5793589013446763,-0.0152558956405712
320,2019-10-20 07:06:44,22.682388,114.04413,13.360044859109886,2.16553733443277,0.222117146338256
320,2019-10-20 07:06:45,22.68251,114.044135,13.582162005448142,3.462287031460505,-0.0993445882616441
320,2019-10-20 07:06:46,22.682632,114.044143,13.482817417186498,3.958504048861528,-0.2282678378950038
320,2019-10-20 07:06:47,22.682752,114.044152,13.254549579291494,2.686037992984552,0.1110089202625719
320,2019-10-20 07:06:48,22.68287,114.044158,13.365558499554066,3.893805017944203,0.3857806030795654
320,2019-10-20 07:06:49,22.682992,114.044167,13.751339102633631,2.11360281552345,0.048373044537822
320,2019-10-20 07:06:50,22.683117000000006,114.044172,13.799712147171451,2.5769928174651118,0.1020199451378474
320,2019-10-20 07:06:51,22.68324,114.044178,13.9017320923093,359.583755708415,-0.1120345250597019
320,2019-10-20 07:06:52,22.683367,114.044177,13.7896975672496,2.1834015242796454,0.0019080852747439
320,2019-10-20 07:06:53,22.683488,114.044182,13.791605652524344,0.4162435385739513,0.2213025774298511
320,2019-10-20 07:06:54,22.683615,114.044183,14.012908229954194,1.691150690987456,-0.1058772266239991
320,2019-10-20 07:06:55,22.68374,114.044187,13.907031003330196,2.1135912822779237,0.0017973743781833
320,2019-10-20 07:06:56,22.683865,114.044192,13.908828377708378,2.113589362091261,0.1111198602072995
320,2019-10-20 07:06:57,22.68399,114.044197,14.019948237915678,2.080332038628057,0.1633429495506533
320,2019-10-20 07:06:58,22.684117,114.044202,14.183291187466333,1.2387979554882804,-0.1077826001901538
320,2019-10-20 07:06:59,22.684245,114.044205,14.075508587276175,2.9577297512422547,0.2337422122179351
320,2019-10-20 07:07:00,22.68437,114.04421200000002,14.309250799494112,3.200516540360581,0.3488290477097777
320,2019-10-20 07:07:01,22.684502,114.04422,14.65807984720389,4.830974140127864,0.0075375912237909
320,2019-10-20 07:07:02,22.684633,114.044232,14.66561743842768,3.998301370351783,-0.0593047837325819
320,2019-10-20 07:07:03,22.684765,114.044242,14.6063126546951,4.463999612610735,-0.1029048382524582
320,2019-10-20 07:07:04,22.684895,114.044253,14.50340781644264,4.867943726363819,-0.15742648244548
320,2019-10-20 07:07:05,22.685025,114.044265,14.34598133399716,5.395197649449642,-0.1011376980307545
320,2019-10-20 07:07:06,22.685152,114.044278,14.244843635966406,5.762406719930254,0.045763464756412
320,2019-10-20 07:07:07,22.68528,114.044292,14.290607100722818,4.5334441741897535,0.3157051790513581
320,2019-10-20 07:07:08,22.685408,114.044303,14.606312279774176,3.9387922223078817,0.2736196440611955
320,2019-10-20 07:07:09,22.685542,114.044313,14.879931923835372,3.968309102674596,0.0628632419676087
320,2019-10-20 07:07:10,22.685675,114.044323,14.94279516580298,4.688441884204508,0.2297435720595899
320,2019-10-20 07:07:11,22.68581,114.044335,15.17253873786257,4.620291384663631,0.0474641576793413
320,2019-10-20 07:07:12,22.685947,114.044347,15.220002895541912,3.881031872908352,0.0971542317564502
320,2019-10-20 07:07:13,22.686083,114.044357,15.317157127298362,3.0396116231771657,0.2162328072707726
320,2019-10-20 07:07:14,22.686222,114.04436499999998,15.533389934569136,3.0179373241028884,0.3358646479208715
320,2019-10-20 07:07:15,22.686362,114.044373,15.869254582490006,3.2775561105874544,0.3161926536488781
320,2019-10-20 07:07:16,22.686507,114.044382,16.185447236138884,0.0,-0.0065040918737651
320,2019-10-20 07:07:17,22.686653,114.044382,16.17894314426512,0.3645649639587418,-0.3196403186227776
320,2019-10-20 07:07:18,22.686798,114.044383,15.859302825642342,4.52166762409081,-0.0363296685591478
320,2019-10-20 07:07:19,22.686938,114.044395,15.822973157083194,2.934238931829896,0.6014441837620232
320,2019-10-20 07:07:20,22.687082,114.044403,16.424417340845217,3.147572716907348,-0.122735011149679
320,2019-10-20 07:07:21,22.687233,114.044412,16.301682329695538,1.1166700696553562,-0.8981099335499358
320,2019-10-20 07:07:22,22.687375,114.044415,15.403572396145602,1.1745544932879284,-0.2129883696732815
320,2019-10-20 07:07:23,22.68751,114.044418,15.19058402647232,3.4433899490172166,0.2440460507742194
320,2019-10-20 07:07:24,22.687648,114.044427,15.43463007724654,4.175933580155174,0.4438235566545589
320,2019-10-20 07:07:25,22.687787,114.044438,15.8784536339011,3.2551217463487774,0.2842552384479653
320,2019-10-20 07:07:26,22.687933,114.044447,16.162708872349064,4.761286166066896,-0.1626806354321992
320,2019-10-20 07:07:27,22.688077,114.04446000000002,16.000028236916865,3.691532677939392,-0.127872986660158
320,2019-10-20 07:07:28,22.68822,114.04447,15.872155250256707,2.975464745752504,-0.1794960620465637
320,2019-10-20 07:07:29,22.688362,114.044478,15.692659188210143,1.8872448658982532,-0.6131782677437183
320,2019-10-20 07:07:30,22.688502,114.044483,15.079480920466423,2.82239785220861,-1.161575837301493
320,2019-10-20 07:07:31,22.688633,114.04449,13.917905083164932,3.1064747445660714,-1.2868610982325936
320,2019-10-20 07:07:32,22.688752,114.044497,12.631043984932338,1.4680630068073128,-0.6110419478346216
320,2019-10-20 07:07:33,22.68886,114.0445,12.020002037097717,3.422152243855294,-0.1617558491384763
320,2019-10-20 07:07:34,22.688968,114.044507,11.85824618795924,2.5156087152284954,0.0678840572194516
320,2019-10-20 07:07:35,22.689073,114.044512,11.926130245178692,5.319332499859229,0.0629303042922604
320,2019-10-20 07:07:36,22.689182,114.044523,11.989060549470953,3.486555216112152,-0.0140539256337284
320,2019-10-20 07:07:37,22.689288,114.04453,11.975006623837224,3.390819368534494,0.2163868260916253
320,2019-10-20 07:07:38,22.689397,114.044537,12.19139344992885,2.4013923122911933,0.0507994253876447
320,2019-10-20 07:07:39,22.689507,114.044542,12.242192875316494,2.4013903808843224,0.168874062205143
320,2019-10-20 07:07:40,22.689617,114.044547,12.411066937521635,2.804563327213714,0.100991188761748
320,2019-10-20 07:07:41,22.68973,114.044553,12.512058126283383,359.52803337435336,-0.0025237130595208
320,2019-10-20 07:07:42,22.689842,114.044552,12.509534413223864,0.0,-0.0001051654076356
320,2019-10-20 07:07:43,22.689955,114.044552,12.509429247816229,0.0,0.0009464549889628
320,2019-10-20 07:07:44,22.69006700000001,114.044552,12.510375702805192,1.4031175260105329,0.0016824062014002
320,2019-10-20 07:07:45,22.69018,114.044555,12.512058109006592,0.9438661170543696,-0.1689949130322698
320,2019-10-20 07:07:46,22.690292000000003,114.044557,12.343063195974322,0.0,-0.2227076503453631
320,2019-10-20 07:07:47,22.690402,114.044557,12.12035554562896,0.489443650065084,0.0026047019654846
320,2019-10-20 07:07:48,22.69051,114.044558,12.122960247594444,1.921503233618921,0.002604132880311
320,2019-10-20 07:07:49,22.690620000000006,114.044562,12.125564380474756,1.4680430166820315,-0.0539381879030518
320,2019-10-20 07:07:50,22.690728,114.044565,12.071626192571705,2.4233737832641964,0.0087151251768862
320,2019-10-20 07:07:51,22.690837,114.04457,12.080341317748587,3.422102997231661,-0.0527901833465396
320,2019-10-20 07:07:52,22.690945000000006,114.044577,12.02755113440205,2.934154062947414,0.11102543847241
320,2019-10-20 07:07:53,22.691053,114.044583,12.13857657287446,3.3600214609336376,0.0528164770637147
320,2019-10-20 07:07:54,22.691163,114.04459,12.191393049938174,2.4233661240463107,-0.1197669122441418
320,2019-10-20 07:07:55,22.691272,114.044595,12.071626137694032,1.4680360222004083,-0.0516245031571358
320,2019-10-20 07:07:56,22.69138,114.044598,12.020001634536897,3.4220894566269067,-0.222183468670762
320,2019-10-20 07:07:57,22.691488,114.044605,11.797818165866136,1.524470437437003,-0.1588308708549632
320,2019-10-20 07:07:58,22.691592,114.044608,11.638987295011171,5.02146028161053,0.0770850111706682
320,2019-10-20 07:07:59,22.691697,114.044618,11.71607230618184,4.521507808762237,-0.1063858771962529
320,2019-10-20 07:08:00,22.691802,114.044627,11.609686428985588,5.627150833941812,-0.372495169919393
320,2019-10-20 07:08:01,22.691905,114.044638,11.237191259066194,6.445402769044904,-0.3371147954765732
320,2019-10-20 07:08:02,22.692003,114.04465,10.90007646358962,5.4332007626818495,-0.442288408200481
320,2019-10-20 07:08:03,22.6921,114.04466,10.45778805538914,7.012842521498612,-0.6440902815770766
320,2019-10-20 07:08:04,22.69219,114.044672,9.813697773812065,8.031528114156288,-0.4336308339084311
320,2019-10-20 07:08:05,22.692275,114.04468500000002,9.380066939903632,8.321316084055582,-0.6675732832895012
320,2019-10-20 07:08:06,22.692357,114.044698,8.71249365661413,8.623675609070574,-1.156352822841944
320,2019-10-20 07:08:07,22.69243,114.04471,7.556140833772186,4.255098271426334,-1.160581054537384
320,2019-10-20 07:08:08,22.692492,114.044715,6.3955597792348025,358.0060726607414,-0.4966507823033943
320,2019-10-20 07:08:09,22.69254500000001,114.044713,5.898908996931408,357.01061769225703,-0.8885689962990071
320,2019-10-20 07:08:10,22.692598,114.04471,5.010340000632401,357.1450472791179,-1.8375507813791008
320,2019-10-20 07:08:11,22.692635,114.044708,3.1727892192533,12.987961261621535,-0.939446186566284
320,2019-10-20 07:08:12,22.692655,114.044713,2.233343032687016,357.35885407868807,-0.4075146120874815
320,2019-10-20 07:08:13,22.692675,114.044712,1.8258284205995343,331.7119312218897,-1.783879574374318
320,2019-10-20 07:08:14,22.692687,114.044705,0.0419488462252163,3.519589614914139,9.677371291020405e-05
320,2019-10-20 07:10:05,22.692717,114.044707,0.0526907283582489,2.297044179895068,3.0645676161267854
320,2019-10-20 07:10:06,22.69274,114.044708,3.1172583444850344,3.200323818408549,1.057596106101761
320,2019-10-20 07:10:07,22.69277300000001,114.04471,4.174854450586795,2.515540107214008,0.4025676686084667
320,2019-10-20 07:10:08,22.692815,114.044712,4.577422119195262,7.879001198946185,0.2866780703876292
320,2019-10-20 07:10:09,22.692855,114.044718,4.864100189582891,4.489536045154182,0.5883129165071157
320,2019-10-20 07:10:10,22.692902,114.044722,5.452413106090007,0.0,-0.0036202640453133
320,2019-10-20 07:10:11,22.692953,114.044722,5.448792842044694,1.1245415400152297,-0.0555949746229131
320,2019-10-20 07:10:12,22.693,114.044723,5.39319786742178,0.0,0.2786712074137929
320,2019-10-20 07:10:13,22.69305,114.044723,5.671869074835573,2.032231966418294,0.2779439668555925
320,2019-10-20 07:10:14,22.693102,114.044725,5.949813041691166,0.0,0.1667682709040123
320,2019-10-20 07:10:15,22.693157,114.044725,6.116581312595178,1.9214669201413697,0.2789784470263612
320,2019-10-20 07:10:16,22.693212,114.044727,6.395559759621539,0.8809328300554284,0.6099084036544706
320,2019-10-20 07:10:17,22.693272,114.044728,7.00546816327601,0.0,0.5559608254228214
320,2019-10-20 07:10:18,22.693338,114.044728,7.561428988698831,359.24489968095526,0.2223848824536896
320,2019-10-20 07:10:19,22.693408,114.044727,7.783813871152521,0.0,0.2792867968854011
320,2019-10-20 07:10:20,22.693478,114.044727,8.063100668037922,2.1134420208635447,0.1137494429144041
320,2019-10-20 07:10:21,22.693553,114.04473,8.176850110952326,1.468011967673533,0.0038602119618769
320,2019-10-20 07:10:22,22.693625,114.044732,8.180710322914203,3.5195644033108806,1.0020441474282291
320,2019-10-20 07:10:23,22.6937,114.044737,9.182754470342433,1.7614426882696534,0.6613379186717623
320,2019-10-20 07:10:24,22.69379,114.04474,9.844092389014197,1.214988006295357,-0.1133195344381956
320,2019-10-20 07:10:25,22.693877,114.044742,9.730772854576,0.6006583028467958,0.0592192300292175
320,2019-10-20 07:10:26,22.693965,114.044743,9.789992084605217,3.000653272740408,0.3351144789752052
320,2019-10-20 07:10:27,22.694053,114.044748,10.125106563580422,1.1245321284173428,0.4415242813691407
320,2019-10-20 07:10:28,22.694147,114.04475,10.566630844949565,1.6514100684678965,0.3309548296656199
320,2019-10-20 07:10:29,22.694243,114.044753,10.897585674615184,357.35888615400256,0.5040486168586042
320,2019-10-20 07:10:30,22.694343,114.044748,11.401634291473789,359.4965874229886,0.3961833921359385
320,2019-10-20 07:10:31,22.694448,114.044747,11.797817683609724,355.5627544295261,0.2087829370776539
320,2019-10-20 07:10:32,22.694555,114.044738,12.00660062068738,353.66323430116654,-0.0894853666918464
320,2019-10-20 07:10:33,22.694663,114.044725,11.917115253995531,353.4837246594576,-0.2267039911919557
320,2019-10-20 07:10:34,22.694768,114.044712,11.690411262803575,353.9237076372516,-0.2513413886913227
320,2019-10-20 07:10:35,22.694872,114.0447,11.439069874112256,356.3414522199773,-0.0300539828134969
320,2019-10-20 07:10:36,22.694973,114.044693,11.409015891298758,358.4755683255218,-0.0629587508818581
320,2019-10-20 07:10:37,22.695077,114.04469,11.3460571404169,358.4146227298289,-0.4368893171841286
320,2019-10-20 07:10:38,22.695177,114.044687,10.909167823232773,356.15146978215364,-0.0502041775276289
320,2019-10-20 07:10:39,22.695273,114.04468,10.858963645705142,357.33226660585416,-0.1634448407682303
320,2019-10-20 07:10:40,22.695372,114.044675,10.695518804936912,355.46247442854195,-0.9355895964797174
320,2019-10-20 07:10:41,22.695465,114.044667,9.759929208457194,355.49691912603026,-1.500230042173918
320,2019-10-20 07:10:42,22.695547,114.04466,8.259699166283276,354.41150774632604,-1.267557296162436
320,2019-10-20 07:10:43,22.695613,114.044653,6.99214187012084,352.8696885537284,-0.9242089741495176
320,2019-10-20 07:10:44,22.695672,114.044645,6.067932895971323,2.113408566030955,-1.1753561233631968
320,2019-10-20 07:10:45,22.695722,114.044647,4.892576772608126,357.2201215135454,-1.0838699324228074
320,2019-10-20 07:10:46,22.69576,114.044645,3.808706840185319,347.8515805748077,-0.5435151596850281
320,2019-10-20 07:10:47,22.69579,114.044638,3.2651916805002905,354.3548571703254,-0.3185261242623585
320,2019-10-20 07:10:48,22.695818,114.044635,2.946665556237932,6.31737190829034,-0.6939696227243672
320,2019-10-20 07:10:49,22.695843,114.044638,2.252695933513565,328.4066560751275,-0.2799756455989963
320,2019-10-20 07:10:50,22.695858,114.044628,1.9727202879145684,357.22012388298174,-0.026133181322117
320,2019-10-20 07:10:51,22.695877,114.044627,1.9465871065924516,0.0,-0.2755114825162867
320,2019-10-20 07:10:52,22.695893,114.044627,1.6710756240761646,352.49196917529827,-0.6600189070337339
320,2019-10-20 07:10:53,22.695907,114.044625,1.0110567170424307,303.03837528911896,-0.7133561584003921
320,2019-10-20 07:10:54,22.69591,114.04462,0.2977005586420386,341.873527891665,0.0056479988721489
320,2019-10-20 07:11:19,22.695972,114.044598,0.4389005304457612,355.83427058497244,4.31463791215615
320,2019-10-20 07:11:20,22.69601,114.044595,4.753538442601911,352.1763643742072,1.0985988967791993
320,2019-10-20 07:11:21,22.696057,114.044588,5.852137339381111,359.0887141202768,0.7283837931302548
320,2019-10-20 07:11:22,22.696115,114.044587,6.5805211325113655,352.12118734324645,0.2458654884110096
320,2019-10-20 07:11:23,22.696175,114.044578,6.826386620922375,354.8981407019895,0.2659060990027546
320,2019-10-20 07:11:24,22.696237,114.044572,7.09229271992513,354.32611608943483,0.4863394742324525
320,2019-10-20 07:11:25,22.696302,114.044565,7.578632194157582,357.76765397531744,0.6576220639028056
320,2019-10-20 07:11:26,22.696373,114.044562,8.236254258060388,357.2561820710145,0.4999287169298299
320,2019-10-20 07:11:27,22.69645,114.044558,8.736182974990218,358.0185823449651,0.3437501521066028
320,2019-10-20 07:11:28,22.69653,114.044555,9.07993312709682,354.91853647031866,0.5026184773400697
320,2019-10-20 07:11:29,22.696613,114.044547,9.58255160443689,357.6256831097532,0.4282773634592107
320,2019-10-20 07:11:30,22.696702,114.044543,10.0108289678961,359.41915422856795,0.3430118021279646
320,2019-10-20 07:11:31,22.696793,114.044542,10.353840770024066,355.00502268811573,0.0610883416459664
320,2019-10-20 07:11:32,22.696888,114.044533,10.414929111670032,358.27686628556177,-0.2915118901800007
320,2019-10-20 07:11:33,22.69698,114.04453,10.123417221490032,358.2385994562849,-0.1125882711784278
320,2019-10-20 07:11:34,22.69707,114.044527,10.010828950311604,358.8255281908789,-0.3919207631749515
320,2019-10-20 07:11:35,22.69716,114.044525,9.618908187136652,0.0,-0.833910020234212
320,2019-10-20 07:11:36,22.697243,114.044525,8.78499816690244,1.4092777079022198,-0.2131618213559463
320,2019-10-20 07:11:37,22.697318,114.044527,8.571836345546494,4.008022405712268,0.0459231115314882
320,2019-10-20 07:11:38,22.697397,114.044533,8.617759457077982,356.52672695625324,-0.1099559342767531
320,2019-10-20 07:11:39,22.697473,114.044528,8.507803522801229,1.3726849514737296,0.2247648733119138
320,2019-10-20 07:11:40,22.69755,114.04453,8.732568396113143,1.981401774326912,0.2748048321651382
320,2019-10-20 07:11:41,22.69763,114.044533,9.00737322827828,359.3554122922937,-0.0004381240295199
320,2019-10-20 07:11:42,22.697712,114.044532,9.006935104248761,0.0,-0.2225358989002472
320,2019-10-20 07:11:43,22.697792,114.044532,8.784399205348514,0.0,-0.3885555231575957
320,2019-10-20 07:11:44,22.69787,114.044532,8.395843682190918,358.55213476299303,-0.3316012134278452
320,2019-10-20 07:11:45,22.697943,114.04453,8.064242468763073,358.5320350430679,-0.0011418979592541
320,2019-10-20 07:11:46,22.698015,114.044528,8.063100570803819,359.2759525674832,0.1653240008918839
320,2019-10-20 07:11:47,22.698088,114.044527,8.228424571695703,0.7047410891818799,0.2237906275732477
320,2019-10-20 07:11:48,22.698163,114.044528,8.45221519926895,1.3726780398683331,0.2771893102196952
320,2019-10-20 07:11:49,22.69824,114.04453,8.729404509488646,0.0,0.1675203653552213
320,2019-10-20 07:11:50,22.69832,114.04453,8.896924874843867,358.0186093714955,0.1111784984819337
320,2019-10-20 07:11:51,22.6984,114.044527,9.0081033733258,0.0,0.4502823989774285
320,2019-10-20 07:11:52,22.698482,114.044527,9.45838577230323,355.8029025420802,0.3402013593634407
320,2019-10-20 07:11:53,22.69857,114.04452,9.79858713166667,358.1986145625246,0.2173649331246778
320,2019-10-20 07:11:54,22.698658,114.044517,10.015952064791348,357.1296850335948,0.2823595088133803
320,2019-10-20 07:11:55,22.69875,114.044512,10.298311573604728,357.1604997756583,0.172117825062946
320,2019-10-20 07:11:56,22.698843,114.044507,10.470429398667674,356.11118632254465,0.0619980737913206
320,2019-10-20 07:11:57,22.698938,114.0445,10.532427472458997,356.0699476147404,0.2612826808476907
320,2019-10-20 07:11:58,22.699032,114.044493,10.793710153306684,359.4714362601832,0.2188884074971628
320,2019-10-20 07:11:59,22.699132,114.044492,11.012598560803848,357.30516054906803,-0.0918622636433195
320,2019-10-20 07:12:00,22.69923,114.04448700000002,10.920736297160529,355.1572773875883,-0.0519662935295439
320,2019-10-20 07:12:01,22.699328,114.044478,10.868770003630983,356.7339898128843,-0.3528409582126581
320,2019-10-20 07:12:02,22.699425,114.044472,10.515929045418329,358.8510730308148,-0.3352603007877253
320,2019-10-20 07:12:03,22.699517,114.04447,10.1806687446306,357.0982148734968,0.4593600204203376
320,2019-10-20 07:12:04,22.699608,114.044465,10.64002876505094,355.7790405062792,0.185319893255011
320,2019-10-20 07:12:05,22.699708,114.044457,10.82534865830595,354.39479979409793,-0.4887901068115621
320,2019-10-20 07:12:06,22.699802,114.044447,10.336558551494388,354.2112518976003,-0.124928177892027
320,2019-10-20 07:12:07,22.699893,114.04443700000002,10.21163037360236,355.9848160314037,0.0311528796461448
320,2019-10-20 07:12:08,22.699985,114.04443,10.242783253248506,358.2769052202492,0.2126854975669605
320,2019-10-20 07:12:09,22.700077,114.044427,10.455468750815466,358.8989382185068,0.1100414114856498
320,2019-10-20 07:12:10,22.700173,114.044425,10.565510162301116,358.8755180962309,-0.3292784199522813
320,2019-10-20 07:12:11,22.700267,114.044423,10.236231742348837,357.0660448578077,-0.0572428430684812
320,2019-10-20 07:12:12,22.700357,114.044418,10.178988899280354,359.4316598722992,0.4412413439401081
320,2019-10-20 07:12:13,22.70045,114.044417,10.620230243220462,358.9214064694959,0.2243078417402486
320,2019-10-20 07:12:14,22.700548,114.044415,10.84453808496071,3.808823109157345,0.2364636998088745
320,2019-10-20 07:12:15,22.700645,114.044422,11.081001784769583,2.589277597941475,0.041447810298596
320,2019-10-20 07:12:16,22.700747,114.044427,11.12244959506818,0.0,-0.2779115229046116
320,2019-10-20 07:12:17,22.700845,114.044427,10.84453807216357,357.2774542593475,-0.1598488367398474
320,2019-10-20 07:12:18,22.700942,114.044422,10.684689235423722,357.7755545676583,-0.2303528362618614
320,2019-10-20 07:12:19,22.701037,114.044418,10.45433639916186,0.0,-0.4467930011918071
320,2019-10-20 07:12:20,22.70113,114.044418,10.007543397970052,0.0,-1.222994457349472
320,2019-10-20 07:12:21,22.701217,114.044418,8.784548940620581,359.2555765094008,-1.3900863183431111
320,2019-10-20 07:12:22,22.701288,114.044417,7.39446262227747,0.8524696429041114,-1.0561442771273697
320,2019-10-20 07:12:23,22.70135,114.044418,6.338318345150101,0.0,-0.9451205078063794
320,2019-10-20 07:12:24,22.701402,114.044418,5.393197837343721,358.8255649382654,-0.7783233501864117
320,2019-10-20 07:12:25,22.701447,114.044417,4.6148744871573095,0.0,-0.7217003842510392
320,2019-10-20 07:12:26,22.701485,114.044417,3.8931741029062703,356.70009398375095,-0.6620013870889134
320,2019-10-20 07:12:27,22.70151700000001,114.044415,3.231172715817357,355.9408858146866,-0.5502007540849672
320,2019-10-20 07:12:28,22.701543,114.044413,2.6809719617323897,352.8299011640367,-0.1790861120630453
320,2019-10-20 07:12:29,22.701565,114.04441,2.5018858496693444,6.861392673120406,-0.1062483069374722
320,2019-10-20 07:12:30,22.701588,114.044413,2.395637542731872,0.0,-0.1693744376955313
320,2019-10-20 07:12:31,22.701608,114.044413,2.226263105036341,5.270772456728309,0.1228704580060249
320,2019-10-20 07:12:32,22.701628,114.044415,2.3491335630423658,343.6413845561096,0.7361337297847457
320,2019-10-20 07:12:33,22.70165,114.044408,3.0852672928271114,358.3986931453316,1.1985017423411102
320,2019-10-20 07:12:34,22.701683,114.044407,4.283769035168222,357.5988215973664,1.1130858880398486
320,2019-10-20 07:12:35,22.701727,114.044405,5.39685492320807,358.0062069916455,0.8875424334037412
320,2019-10-20 07:12:36,22.70178,114.044403,6.284397356611811,359.1191222473858,0.7781568522766387
320,2019-10-20 07:12:37,22.70184,114.044402,7.06255420888845,358.4225836501808,0.3319084130353582
320,2019-10-20 07:12:38,22.701907,114.0444,7.394462621923808,1.6013034754035402,-0.1095697376430298
320,2019-10-20 07:12:39,22.701973,114.044402,7.284892884280778,0.8131262269022272,-0.0570406688385833
320,2019-10-20 07:12:40,22.702038,114.044403,7.227852215442195,0.0,0.2237966787039695
320,2019-10-20 07:12:41,22.702103,114.044403,7.451648894146165,357.7031137757093,0.4538465110697833
320,2019-10-20 07:12:42,22.702172,114.0444,7.905495405215948,356.3844865442513,0.4568049998061347
320,2019-10-20 07:12:43,22.702245,114.044395,8.362300405022083,355.2060689316666,0.4436341649307049
320,2019-10-20 07:12:44,22.702322,114.04438799999998,8.805934569952788,356.7407662206997,0.5485108215406012
320,2019-10-20 07:12:45,22.702403,114.044383,9.354445391493387,356.9651071456605,0.5024653227971658
320,2019-10-20 07:12:46,22.70249,114.044378,9.856910714290557,356.48066319766065,0.1553631569624052
320,2019-10-20 07:12:47,22.70258,114.044372,10.01227387125296,0.0,0.0059099365947687
320,2019-10-20 07:12:48,22.70267,114.044372,10.018183807847729,354.7292708893692,0.1814590158184863
320,2019-10-20 07:12:49,22.70276,114.044363,10.199642823666217,357.16058277254865,0.2255092983382915
320,2019-10-20 07:12:50,22.702853,114.044358,10.425152122004508,354.39492767748976,0.0272166139430432
320,2019-10-20 07:12:51,22.702947,114.044348,10.45236873594755,353.7728076614942,0.0125307373810734
320,2019-10-20 07:12:52,22.70304,114.044337,10.464899473328623,0.5563649117834757,-0.3331707148169958
320,2019-10-20 07:12:53,22.703135,114.04433799999998,10.131728758511628,353.34708219672626,-0.3828366560958649
320,2019-10-20 07:12:54,22.703222,114.044327,9.748892102415764,347.8913928534856,-0.0549475907780774
320,2019-10-20 07:12:55,22.703308,114.044307,9.693944511637683,346.41701524387173,-0.1266008456052567
320,2019-10-20 07:12:56,22.703392,114.04428500000002,9.567343666032428,345.66020617580915,-0.0691584220292647
320,2019-10-20 07:12:57,22.703475,114.04426200000002,9.498185244003164,344.2911337764729,-0.0751761747675274
320,2019-10-20 07:12:58,22.703557,114.044237,9.423009069235636,341.50948942126445,0.025851387699685
320,2019-10-20 07:12:59,22.703637,114.044208,9.44886045693532,341.136165157182,0.2271283867455231
320,2019-10-20 07:13:00,22.703718,114.044178,9.675988843680845,341.76456450324474,-0.2631387112419627
320,2019-10-20 07:13:01,22.703802,114.044148,9.412850132438882,339.9909335094664,-0.8689694700407813
320,2019-10-20 07:13:02,22.703878,114.044118,8.5438806623981,336.88557879278363,-0.9403592371942676
320,2019-10-20 07:13:03,22.703945,114.044087,7.603521425203833,339.74571558117754,-2.3557994398307978
320,2019-10-20 07:13:04,22.704005,114.044063,5.247721985373035,336.8141312522235,-2.4816752646885134
320,2019-10-20 07:13:05,22.704033,114.04405,2.7660467206845216,331.5133782923346,-1.2844993704252392
320,2019-10-20 07:13:06,22.70405,114.04404,1.4815473502592824,0.0,-1.4504233824774213
320,2019-10-20 07:13:07,22.704058,114.04404,0.0311239677818611,338.7725593610893,0.0001357575176236
320,2019-10-20 07:14:46,22.704077,114.044032,0.0445639620266055,317.3081384057372,3.1327340210270918
320,2019-10-20 07:14:47,22.704092000000006,114.044017,3.177297983053697,338.42806314124323,1.3474643822564896
320,2019-10-20 07:14:48,22.704127,114.044002,4.5247623653101865,329.77330149586174,0.2165585201332467
320,2019-10-20 07:14:49,22.704165,114.043978,4.741320885443433,333.4966817720769,0.4360919192496979
320,2019-10-20 07:14:50,22.704202,114.043958,5.177412804693131,343.5532404901494,0.5866052426309007
320,2019-10-20 07:14:51,22.704252,114.043942,5.764018047324032,329.26826863349913,-0.0198704115873242
320,2019-10-20 07:14:52,22.704297,114.043913,5.744147635736708,331.94215743993374,0.1776167699683624
320,2019-10-20 07:14:53,22.704342,114.043887,5.92176440570507,325.7117189861184,0.8075292174666782
320,2019-10-20 07:14:54,22.704388,114.043853,6.729293623171748,322.6620464041497,1.3521538840937763
320,2019-10-20 07:14:55,22.70444,114.04381,8.081447507265525,316.3390330194672,0.8095623283321043
320,2019-10-20 07:14:56,22.704498,114.04375,8.891009835597629,318.76926286954745,0.0140894939227109
320,2019-10-20 07:14:57,22.704558,114.043693,8.90509932952034,318.27480571705684,0.1311007469452274
320,2019-10-20 07:14:58,22.704618,114.043635,9.036200076465567,315.88977570574315,-0.0639534707566333
320,2019-10-20 07:14:59,22.704677,114.043573,8.972246605708934,309.95086445998624,0.4546463011961226
320,2019-10-20 07:15:00,22.704728,114.043507,9.426892906905056,305.16863230627644,0.1162785080799988
320,2019-10-20 07:15:01,22.70478,114.043427,9.543171414985055,305.28376525270124,-0.5142951529649249
320,2019-10-20 07:15:02,22.704827,114.043355,9.02887626202013,297.838761078086,0.0534441021898111
320,2019-10-20 07:15:03,22.704865,114.043277,9.08232036420994,292.9296527225617,0.0079784081118923
320,2019-10-20 07:15:04,22.704897,114.043195,9.090298772321834,291.6326581312975,-0.1292893317947534
320,2019-10-20 07:15:05,22.704927,114.043113,8.96100944052708,286.7195994221051,0.2075723989745643
320,2019-10-20 07:15:06,22.70495,114.04303,9.168581839501645,289.2326344402759,0.3135690526300223
320,2019-10-20 07:15:07,22.704978,114.042943,9.482150892131669,288.3967617926696,0.4699449369533557
320,2019-10-20 07:15:08,22.705005,114.042855,9.952095829085025,286.7903446606833,0.2857542225482987
320,2019-10-20 07:15:09,22.705032,114.042758,10.237850051633322,282.7259077367728,-0.116147285153664
320,2019-10-20 07:15:10,22.705052,114.042662,10.121702766479656,281.3736112997782,0.3011514332942671
320,2019-10-20 07:15:11,22.705070000000006,114.042565,10.422854199773925,281.9996738623228,0.2474281668487119
320,2019-10-20 07:15:12,22.70509,114.04246299999998,10.670282366622637,283.285380250474,-0.0352018543555363
320,2019-10-20 07:15:13,22.705112,114.042362,10.6350805122671,285.1630723532043,0.4529668956108015
320,2019-10-20 07:15:14,22.705137,114.042262,11.088047407877902,284.497489192992,0.9216244024130552
320,2019-10-20 07:15:15,22.705163,114.042153,12.009671810290955,283.93028153912326,0.3733409146866577
320,2019-10-20 07:15:16,22.70519,114.042035,12.383012724977617,280.4108695920829,-0.4447568449930781
320,2019-10-20 07:15:17,22.70521,114.041917,11.938255879984537,277.17142186159555,-0.4666682602939822
320,2019-10-20 07:15:18,22.705223,114.041805,11.471587619690554,290.9060581655391,0.2649126090263358
320,2019-10-20 07:15:19,22.70526,114.0417,11.73650022871689,286.1911650966297,0.1601128368311606
320,2019-10-20 07:15:20,22.70529,114.041588,11.89661306554805,281.9171786446095,0.1076063559505033
320,2019-10-20 07:15:21,22.705312,114.041475,12.004219421498554,279.468132683849,0.0104222919217793
320,2019-10-20 07:15:22,22.70533,114.041358,12.014641713420334,282.4423503434825,-0.4806287208389541
320,2019-10-20 07:15:23,22.705353,114.041245,11.53401299258138,281.45413431885163,-0.1386761702358221
320,2019-10-20 07:15:24,22.705373,114.041138,11.395336822345556,283.30658734204246,0.5287769483360378
320,2019-10-20 07:15:25,22.705397,114.041028,11.924113770681595,285.7901260486446,-0.0101818302026011
320,2019-10-20 07:15:26,22.705427,114.040913,11.913931940478994,286.75778632085127,-0.1476352852087377
320,2019-10-20 07:15:27,22.705457,114.040805,11.766296655270256,286.1911871696514,0.3145612107785052
320,2019-10-20 07:15:28,22.705487,114.040693,12.080857866048762,284.7850991689905,0.1884800385003586
320,2019-10-20 07:15:29,22.705515,114.040578,12.26933790454912,281.4257958995857,0.1692798106795319
320,2019-10-20 07:15:30,22.705537,114.04046,12.438617715228652,280.74149621524293,0.0218473774322447
320,2019-10-20 07:15:31,22.705558,114.04034,12.460465092660897,282.433487668557,-0.3535793040835084
320,2019-10-20 07:15:32,22.705582,114.040222,12.106885788577388,283.6022483278438,-0.2236877323948327
320,2019-10-20 07:15:33,22.705607,114.04011,11.883198056182556,284.0048958211666,0.3752009816810133
320,2019-10-20 07:15:34,22.705633,114.039997,12.258399037863567,283.8177705511918,0.4250086942448927
320,2019-10-20 07:15:35,22.70566,114.039878,12.683407732108462,284.0818527443432,0.1763279718008483
320,2019-10-20 07:15:36,22.705688,114.039757,12.85973570390931,284.4493806957781,0.12707523157985
320,2019-10-20 07:15:37,22.705717,114.039635,12.98681093548916,284.80975144811083,-0.1199599754235194
320,2019-10-20 07:15:38,22.705747,114.03951200000002,12.86685096006564,285.76915086432405,-0.2471962035047425
320,2019-10-20 07:15:39,22.705778,114.039393,12.619654756560898,285.4080301535532,-0.2273836289316264
320,2019-10-20 07:15:40,22.705808,114.039275,12.392271127629272,285.28885645761216,-0.0785388964959494
320,2019-10-20 07:15:41,22.705837,114.03916,12.313732231133322,284.5432020594361,-0.1134022525672762
320,2019-10-20 07:15:42,22.705865,114.039043,12.200329978566046,285.0350684723806,-0.2621366993232765
320,2019-10-20 07:15:43,22.705893,114.03893,11.93819327924277,284.6452991247558,-0.1486690403125745
320,2019-10-20 07:15:44,22.70592000000001,114.038818,11.789524238930197,285.4258310886956,-0.1873079511988464
320,2019-10-20 07:15:45,22.705948,114.038708,11.602216287731348,289.1727052508486,0.050640469191558
320,2019-10-20 07:15:46,22.705982,114.038602,11.652856756922906,286.9876569745496,-0.0179901041485379
320,2019-10-20 07:15:47,22.706013,114.038492,11.634866652774368,286.90557387849304,-0.4077351794361625
320,2019-10-20 07:15:48,22.706043,114.038385,11.227131473338206,285.8629968788338,-0.7412010510343432
320,2019-10-20 07:15:49,22.70607,114.038282,10.485930422303865,282.8555297676162,-0.8272436109112888
320,2019-10-20 07:15:50,22.70609,114.038187,9.658686811392574,281.698307300566,-0.8752454363208546
320,2019-10-20 07:15:51,22.706107,114.038098,8.78344137507172,284.0447347946268,-1.0819818084554136
320,2019-10-20 07:15:52,22.706125,114.03802,7.701459566616306,286.23704175113,-0.707240608188008
320,2019-10-20 07:15:53,22.706143,114.037953,6.994218958428298,288.98997522446825,-0.3887777805259631
320,2019-10-20 07:15:54,22.706163,114.03789,6.605441177902335,308.73558845372014,-0.1210369780487887
320,2019-10-20 07:15:55,22.7062,114.03784,6.484404199853546,317.9798033590009,-0.2399965341441889
320,2019-10-20 07:15:56,22.706243,114.037798,6.244407665709357,323.72865334702925,-0.3430662712921615
320,2019-10-20 07:15:57,22.706287,114.03776299999998,5.901341394417195,332.46199363788776,0.3388630949757294
320,2019-10-20 07:15:58,22.706333,114.037737,6.240204489392925,347.8524931536885,0.5805858992964374
320,2019-10-20 07:15:59,22.706393,114.037723,6.820790388689362,0.0,0.3542159340439941
320,2019-10-20 07:16:00,22.706455,114.037723,7.175006322733356,3.1523390599711547,0.3649188706063579
320,2019-10-20 07:16:01,22.706522,114.037727,7.539925193339714,7.725629978370136,0.3943403011675279
320,2019-10-20 07:16:02,22.70659,114.037737,7.934265494507242,14.372677068397252,0.2895598188659338
320,2019-10-20 07:16:03,22.706662,114.037757,8.223825313373176,15.261661232475262,0.1876658802125099
320,2019-10-20 07:16:04,22.706733,114.037778,8.411491193585686,15.141489926301515,0.2695219276816658
320,2019-10-20 07:16:05,22.706808,114.0378,8.681013121267352,17.092518108887475,0.2403022459028516
320,2019-10-20 07:16:06,22.706883,114.037825,8.921315367170203,12.98665047410401,0.2832145626992322
320,2019-10-20 07:16:07,22.706963,114.037845,9.204529929869436,10.826968094851908,0.1238773240405013
320,2019-10-20 07:16:08,22.707045,114.03786200000002,9.328407253909935,10.083465633483058,0.1283045467921617
320,2019-10-20 07:16:09,22.707128,114.037878,9.4567118007021,11.786134572240767,0.3130061731839877
320,2019-10-20 07:16:10,22.707212,114.037897,9.769717973886086,11.840931738075824,0.1531168397200737
320,2019-10-20 07:16:11,22.7073,114.037917,9.92283481360616,10.80549788622045,-0.0290703581433025
320,2019-10-20 07:16:12,22.707387,114.037935,9.893764455462858,10.104482944166987,0.3763638075157232
320,2019-10-20 07:16:13,22.707475,114.037952,10.27012826297858,12.85161488080331,0.2711624401953969
320,2019-10-20 07:16:14,22.707568,114.037975,10.541290703173978,12.43990930810395,-0.021982583440069
320,2019-10-20 07:16:15,22.70766,114.037997,10.519308119733909,11.766637297898228,0.1631425760979574
320,2019-10-20 07:16:16,22.707753,114.038018,10.682450695831866,12.05873080143283,0.1302528961934879
320,2019-10-20 07:16:17,22.707848,114.03804,10.812703592025354,12.589734328181464,-0.104389020011494
320,2019-10-20 07:16:18,22.707943,114.038063,10.70831457201386,15.14849761072395,0.6191961789267815
320,2019-10-20 07:16:19,22.708035,114.03809,11.32751075094064,18.33403332212862,0.707686263892704
320,2019-10-20 07:16:20,22.708138,114.038127,12.035197014833344,13.820087967030702,-0.0238033058431916
320,2019-10-20 07:16:21,22.708243,114.038155,12.011393708990154,13.344467912626612,-0.0236751923557374
320,2019-10-20 07:16:22,22.708348,114.038182,11.987718516634416,12.866968125605524,0.023674176291216
320,2019-10-20 07:16:23,22.708453,114.038208,12.011392692925632,14.293732165701783,-0.4570174051534721
320,2019-10-20 07:16:24,22.708558,114.038237,11.55437528777216,4.220684633945837,0.1357169226109658
320,2019-10-20 07:16:25,22.708658,114.038245,11.690092210383126,15.423199885580743,0.6531060291047588
320,2019-10-20 07:16:26,22.708765,114.038277,12.343198239487885,13.45027370788364,-5.992326119752533e-07
320,2019-10-20 07:16:27,22.708873,114.038305,12.343197640255273,15.423176817325611,-0.0941633216144222
320,2019-10-20 07:16:28,22.70898,114.038337,12.24903431864085,16.16799945598268,-0.2690470583152766
320,2019-10-20 07:16:29,22.709085,114.03837,11.979987260325574,14.07777046051416,-0.2135651232518025
320,2019-10-20 07:16:30,22.709188,114.038398,11.766422137073771,14.696105555565964,0.2409818954317177
320,2019-10-20 07:16:31,22.70929,114.038427,12.00740403250549,14.50108476101326,-0.0666752555854515
320,2019-10-20 07:16:32,22.709397,114.038457,11.940728776920038,14.3451070393304,-0.4690238656871806
320,2019-10-20 07:16:33,22.709498,114.038485,11.471704911232855,14.12161110628989,-1.0931030985094043
320,2019-10-20 07:16:34,22.709597,114.038512,10.378601812723453,11.312927073097969,-0.9764771043677084
320,2019-10-20 07:16:35,22.70968,114.03853,9.402124708355744,10.69934443866714,-0.7576828332014731
320,2019-10-20 07:16:36,22.709763,114.038547,8.644441875154271,9.721323774919767,-1.666734099909001
320,2019-10-20 07:16:37,22.709833,114.03856,6.97770777524527,7.781973072089841,-1.3241314786974954
320,2019-10-20 07:16:38,22.709887,114.038568,5.653576296547775,13.530652348520904,-0.5006334588374575
320,2019-10-20 07:16:39,22.709933,114.03858,5.1529428377103175,14.121573658946488,-0.3360863284056821
320,2019-10-20 07:16:40,22.709977,114.038592,4.816856509304635,14.234485093165633,-0.6177681963082611
320,2019-10-20 07:16:41,22.710017,114.038603,4.199088312996374,15.61761637226408,-0.563425035997716
320,2019-10-20 07:16:42,22.71005,114.03861299999998,3.6356632769986574,15.46895133901063,-0.4559331289953605
320,2019-10-20 07:16:43,22.71008,114.038622,3.179730148003298,16.44609454657234,-0.4558689768709549
320,2019-10-20 07:16:44,22.710105,114.03863,2.723861171132343,30.94712971360065,-0.474491867902977
320,2019-10-20 07:16:45,22.710125,114.038643,2.249369303229366,28.96373226076895,-0.8138167722382303
320,2019-10-20 07:16:46,22.71014,114.038652,1.4355525309911354,349.5468199540667,-0.4347981911233978
320,2019-10-20 07:16:47,22.71015,114.03865,1.0007543398677377,12.98635775215513,-0.0214278566376527
320,2019-10-20 07:16:48,22.710158,114.038652,0.9793264832300848,17.092132463930227,0.2819325830168689
320,2019-10-20 07:16:49,22.710167,114.038655,1.2612590662469538,12.017596685631474,0.670242371543774
320,2019-10-20 07:16:50,22.71018,114.038658,1.931501437790728,35.658538089871,1.1855754562607592
320,2019-10-20 07:16:51,22.710198,114.038672,3.117076894051487,42.69058209863943,-0.0378541001868515
320,2019-10-20 07:16:52,22.710223000000006,114.038697,3.0792227938646355,24.760783205199687,-0.967365751096374
320,2019-10-20 07:16:53,22.710243,114.038707,2.111857042768261,20.253435059386845,-0.5716331606540024
320,2019-10-20 07:16:54,22.710258,114.038713,1.540223882114259,42.69057432257768,-0.872178774951412
320,2019-10-20 07:16:55,22.710267,114.038722,0.668045107162847,357.39175159310486,0.0035723602466479
320,2019-10-20 07:17:09,22.710348,114.038718,0.7180581506159185,328.40936404734106,1.5060265778192812
320,2019-10-20 07:17:10,22.710363,114.038708,2.2240847284352,333.0987007850143,1.0357326057598857
320,2019-10-20 07:17:11,22.710383,114.038697,3.2598173341950853,317.3094570854445,1.3397603601635404
320,2019-10-20 07:17:12,22.71041,114.03867,4.599577694358626,310.5578399516038,0.6001276898992876
320,2019-10-20 07:17:13,22.71044,114.038632,5.199705384257913,301.63045412377693,0.2033689058822645
320,2019-10-20 07:17:14,22.710465,114.038588,5.403074290140178,303.04116914970166,0.1971993678695422
320,2019-10-20 07:17:15,22.710492,114.038543,5.60027365800972,294.05471436761474,0.6766597450031924
320,2019-10-20 07:17:16,22.710513,114.038492,6.2769334030129125,284.0451662304293,0.6822784892377536
320,2019-10-20 07:17:17,22.710528,114.038427,6.959211892250666,282.7631427268966,0.2497010516769728
320,2019-10-20 07:17:18,22.710542,114.03836,7.208912943927639,283.0776754839447,0.096896638179091
320,2019-10-20 07:17:19,22.710557,114.03829,7.30580958210673,288.7665812826804,0.1646354660015037
320,2019-10-20 07:17:20,22.710578,114.038223,7.470445048108234,288.5673572847445,0.4710633353540858
320,2019-10-20 07:17:21,22.7106,114.038152,7.941508383462319,285.7257188177083,0.2697951440603114
320,2019-10-20 07:17:22,22.71062,114.038075,8.211303527522631,283.29336070324945,0.1223785885825243
320,2019-10-20 07:17:23,22.710637,114.037997,8.333682116105155,283.7074573175279,0.2124594405007815
320,2019-10-20 07:17:24,22.710655,114.037917,8.546141556605937,283.38530550615087,0.2324401132401785
320,2019-10-20 07:17:25,22.710673,114.03783500000002,8.778581669846115,287.40415997958405,0.3756576285874562
320,2019-10-20 07:17:26,22.710697,114.037752,9.154239298433572,283.69099640547535,0.3048606912943405
320,2019-10-20 07:17:27,22.710717,114.037663,9.459099989727912,284.1949735206925,-0.1417330174558184
320,2019-10-20 07:17:28,22.710738,114.037573,9.317366972272094,287.01858227609466,-0.0295255890977763
320,2019-10-20 07:17:29,22.710762,114.03748799999998,9.287841383174316,291.343721443493,0.306934969356007
320,2019-10-20 07:17:30,22.710793,114.037402,9.594776352530324,296.4452364530145,0.1985476525680347
320,2019-10-20 07:17:31,22.710832,114.037317,9.79332400509836,299.0272851476315,-0.1456150660039732
320,2019-10-20 07:17:32,22.710875,114.037233,9.647708939094386,299.6454089521363,0.6126433529571891
320,2019-10-20 07:17:33,22.710917,114.037153,10.260352292051577,310.32984072901286,0.2456658103826683
320,2019-10-20 07:17:34,22.710982,114.03707,10.506018102434243,306.72908224300136,-0.6528714950796584
320,2019-10-20 07:17:35,22.711035,114.036993,9.853146607354583,312.4928659884871,0.6287995285757724
320,2019-10-20 07:17:36,22.711095,114.036922,10.481946135930356,310.67285384346604,1.3213284032126484
320,2019-10-20 07:17:37,22.71116,114.03683999999998,11.803274539143006,317.309635817728,0.1892824760132416
320,2019-10-20 07:17:38,22.711243,114.036757,11.992557015156248,324.4803896484912,-0.9928795306779464
320,2019-10-20 07:17:39,22.711327,114.036692,10.9996774844783,330.93909495410827,-0.1368863470383292
320,2019-10-20 07:17:40,22.71141,114.036642,10.862791137439972,320.3803703778204,0.765506586547744
320,2019-10-20 07:17:41,22.711488,114.036572,11.628297723987716,329.9295524559315,0.5025825875968497
320,2019-10-20 07:17:42,22.711582,114.036513,12.130880311584566,341.53880358720653,-0.287372567268445
320,2019-10-20 07:17:43,22.711687,114.036475,11.84350774431612,343.2371212726278,-0.6147921471301458
320,2019-10-20 07:17:44,22.711785,114.036443,11.228715597185976,346.62639059671454,-0.2196400765335742
320,2019-10-20 07:17:45,22.711882,114.036418,11.0090755206524,347.5376465518645,-0.0199747562952765
320,2019-10-20 07:17:46,22.711978,114.036395,10.989100764357124,353.62009010217423,-0.2745448965059864
320,2019-10-20 07:17:47,22.712077,114.036383,10.714555867851136,356.5941564539886,0.638649374361151
320,2019-10-20 07:17:48,22.71217,114.036377,11.353205242212288,14.121345374724116,0.2755888227631615
320,2019-10-20 07:17:49,22.71228,114.036407,11.62879406497545,8.286900961179526,-1.0952160208947852
320,2019-10-20 07:17:50,22.712375,114.036422,10.533578044080665,10.230618557410535,-0.4812746064545941
320,2019-10-20 07:17:51,22.712467,114.03643999999998,10.05230343762607,13.428139896670018,-0.9431916385991156
320,2019-10-20 07:17:52,22.712552,114.036462,9.109111799026955,17.531772818137483,-0.864506008050757
320,2019-10-20 07:17:53,22.712625,114.036487,8.244605790976198,21.081778697343964,-0.5894933703602518
320,2019-10-20 07:17:54,22.712692,114.036515,7.655112420615946,22.210119422854405,-0.4116298160866334
320,2019-10-20 07:17:55,22.712753,114.036542,7.243482604529313,23.64253913435607,-0.7654133908144054
320,2019-10-20 07:17:56,22.712812,114.03657,6.478069213714908,22.918166738904404,-1.2116293964559883
320,2019-10-20 07:17:57,22.71286,114.036592,5.266439817258919,20.25307567929065,-0.7188303738470125
320,2019-10-20 07:17:58,22.7129,114.036608,4.547609443411907,33.85660878742584,-0.3671002792324964
320,2019-10-20 07:17:59,22.712933,114.036632,4.18050916417941,19.427834995084535,-0.5603480187825505
320,2019-10-20 07:18:00,22.71296700000001,114.036645,3.62016114539686,0.0,-0.5584323969612677
320,2019-10-20 07:18:01,22.712997,114.036645,3.061728748435592,353.6834141943335,-0.2349427340731815
320,2019-10-20 07:18:02,22.713022,114.036642,2.8267860143624106,345.5178060565513,-0.1773383482605268
320,2019-10-20 07:18:03,22.713047,114.036635,2.649447666101884,335.23966631115525,-0.3639156882551022
320,2019-10-20 07:18:04,22.713067,114.036625,2.285531977846781,340.2655401346388,-0.3981183609897221
320,2019-10-20 07:18:05,22.713085,114.036618,1.8874136168570597,330.41809364075687,0.0035713385551343
320,2019-10-20 07:18:06,22.713098,114.03661,1.8909849554121936,307.42415076457155,0.0745424265986527
320,2019-10-20 07:18:07,22.71311,114.036593,1.9655273820108463,309.8247272025054,-0.3444697004385644
320,2019-10-20 07:18:08,22.71312,114.03658,1.621057681572282,317.31002300308296,-0.3351880463089307
320,2019-10-20 07:18:09,22.71313,114.03657,1.2858696352633514,317.31002414677414,-0.5681002342209956
320,2019-10-20 07:18:10,22.713137,114.036563,0.7177694010423558,289.8676805294919,0.0048203662569094
320,2019-10-20 07:18:24,22.713167,114.036473,0.7852545286390883,289.8676690670405,1.1429300943002842
320,2019-10-20 07:18:25,22.713173,114.036455,1.9281846229393729,283.5447298915472,-0.341150704515222
320,2019-10-20 07:18:26,22.713177,114.036437,1.5870339184241506,285.1639063342739,-0.0235472110672574
320,2019-10-20 07:18:27,22.71318,114.036425,1.5634867073568932,276.8683208490436,0.4947162823415865
320,2019-10-20 07:18:28,22.713182,114.036407,2.05820298969848,272.8210252594103,-0.1598126121128891
320,2019-10-20 07:18:29,22.713183,114.036385,1.8983903775855904,270.00000289743986,0.0504715276404701
320,2019-10-20 07:18:30,22.713183,114.03637,1.9488619052260607,270.0000044406415,0.2592307322624707
320,2019-10-20 07:18:31,22.713183,114.036347,2.2080926374885315,276.18710840901315,0.1323545796320782
320,2019-10-20 07:18:32,22.713185,114.036327,2.3404472171206097,282.2331956481258,0.5082167559002109
320,2019-10-20 07:18:33,22.71319,114.036302,2.8486639730208205,284.6639284349662,0.903703684723706
320,2019-10-20 07:18:34,22.713197,114.036273,3.7523676577445264,277.18451813860395,1.650982053851514
320,2019-10-20 07:18:35,22.713202,114.03623,5.40334971159604,273.00271179815576,0.7599841610517171
320,2019-10-20 07:18:36,22.713205,114.036168,6.163333872647757,273.20937487032785,-0.2131383999345004
320,2019-10-20 07:18:37,22.713208,114.03611,5.950195472713257,268.9292277259846,0.2603513913418842
320,2019-10-20 07:18:38,22.713207,114.036052,6.210546864055141,285.6295160032434,-0.449555524657204
320,2019-10-20 07:18:39,22.713223,114.03598999999998,5.760991339397937,276.4427869564098,-0.7850238291430358
320,2019-10-20 07:18:40,22.713228,114.035942,4.975967510254901,266.2027615759825,0.1207735836320855
320,2019-10-20 07:18:41,22.713225,114.035893,5.096741093886987,263.8129033632224,-0.1283037274796301
320,2019-10-20 07:18:42,22.71322,114.035843,4.968437366407357,260.63244866129725,-0.0254246859225011
320,2019-10-20 07:18:43,22.713213,114.035797,4.943012680484856,259.9631082708036,-0.1696791040038867
320,2019-10-20 07:18:44,22.713205,114.035748,4.773333576480969,262.815498300146,-0.4051833546317436
320,2019-10-20 07:18:45,22.7132,114.035705,4.368150221849225,270.00000810906965,-0.2468668301299423
320,2019-10-20 07:18:46,22.7132,114.035663,4.121283391719283,281.293257962527,-0.3082895304233526
320,2019-10-20 07:18:47,22.713207,114.035625,3.81299386129593,280.52779162460763,-0.4305515126049575
320,2019-10-20 07:18:48,22.713213,114.03558999999998,3.3824423486909727,294.91966857718705,-0.2378618147109104
320,2019-10-20 07:18:49,22.713225,114.035562,3.1445805339800623,297.5627644864711,0.0337468313676239
320,2019-10-20 07:18:50,22.713238,114.035535,3.1783273653476862,317.31005114862467,0.0510660666344144
320,2019-10-20 07:18:51,22.71326,114.035513,3.2293934319821007,331.03682573464795,-0.209610608197464
320,2019-10-20 07:18:52,22.713285,114.035498,3.0197828237846367,343.5542696462785,-0.1282598774836252
320,2019-10-20 07:18:53,22.71331,114.03549,2.8915229463010115,13.44985130103015,0.2285620657318845
320,2019-10-20 07:18:54,22.713337,114.035497,3.120085012032896,24.760286491892373,0.0539077080910299
320,2019-10-20 07:18:55,22.713363,114.03551000000002,3.173992720123926,18.862596887055812,0.294879321828764
320,2019-10-20 07:18:56,22.71339,114.03552,3.46887204195269,19.081417310639157,-0.0352475856234479
320,2019-10-20 07:18:57,22.713422,114.035532,3.433624456329242,21.31902292755848,-0.1916434441413814
320,2019-10-20 07:18:58,22.713448,114.035543,3.2419810121878605,17.645100770251588,-0.0693364238310625
320,2019-10-20 07:18:59,22.713477,114.035553,3.172644588356798,20.252993945339146,-0.5697698429654419
320,2019-10-20 07:19:00,22.713502,114.03556299999998,2.602874745391356,10.4529283861836,-0.5905147121183156
320,2019-10-20 07:19:01,22.713522,114.035567,2.0123600332730405,20.25298925524368,-0.4785441834337229
320,2019-10-20 07:19:02,22.713537,114.035573,1.5338158498393175,18.543265854768947,-0.5845296160901916
320,2019-10-20 07:19:03,22.713548,114.035577,0.949286233749126,74.83605529981992,-0.949286233749126
320,2019-10-20 07:19:04,22.71355,114.035585,0.0,74.83605529981992,0.0
