userid,checkin_time,lat,lon,speed,direction,acceleration
092,2019-08-12 03:22:44,22.732452,113.835609,0.0,230.04343494358545,3.56854872593408
092,2019-08-12 03:22:45,22.732435,113.83558700000002,3.56854872593408,225.46695957093175,0.1165161234439258
092,2019-08-12 03:22:47,22.732386,113.835533,3.801580972821931,220.31575208613185,0.2996477762655161
092,2019-08-12 03:22:48,22.732361,113.83551,4.101228749087447,226.17501772493895,0.2056446748259559
092,2019-08-12 03:22:50,22.732307,113.835449,4.512518098739359,221.7661577613551,0.1857061609906161
092,2019-08-12 03:22:52,22.732244,113.835388,4.883930420720591,227.6030370168961,0.8472943916989832
092,2019-08-12 03:22:53,22.732212,113.83535,5.731224812419574,229.6847092198877,0.1275550127054332
092,2019-08-12 03:22:54,22.73217600000001,113.835304,5.858779825125008,229.1469277373293,0.0610162453982874
092,2019-08-12 03:22:56,22.732109,113.83522,5.980812315921583,224.66001786877112,0.5903064531321851
092,2019-08-12 03:22:57,22.732067,113.835175,6.571118769053768,216.7805728531844,-0.2990592352150045
092,2019-08-12 03:22:59,22.731972,113.835098,5.973000298623759,198.23193658312104,-2.730211439950208
092,2019-08-12 03:23:00,22.73193,113.835083,3.2427888586735505,109.62880977828274,0.2054341896941813
092,2019-08-12 03:23:02,22.731905,113.835159,3.653657238061913,144.88235912956063,0.0782495172567045
092,2019-08-12 03:23:05,22.731825,113.83522,3.888405789832027,139.83024504495643,0.3928616402687552
092,2019-08-12 03:23:07,22.731766,113.835274,4.6741290703695375,122.47220095254232,-0.0923729369088839
092,2019-08-12 03:23:08,22.731739,113.83532,4.581756133460654,121.21107901727883,-0.1151240489557952
092,2019-08-12 03:23:10,22.731701,113.835388,4.351508035549063,127.60938195570895,0.5057779597684942
092,2019-08-12 03:23:11,22.731674,113.835426,4.857285995317557,139.97884773221836,-0.0680097018291436
092,2019-08-12 03:23:13,22.731607,113.835487,4.72126659165927,134.4005736403425,-0.2557464090583705
092,2019-08-12 03:23:14,22.731579,113.835518,4.4655201826008994,120.92885660389874,0.0341345195814577
092,2019-08-12 03:23:15,22.731558,113.835556,4.499654702182357,135.40579821346944,-0.6126794381754417
092,2019-08-12 03:23:16,22.731529,113.83558700000002,3.886975264006916,139.73426248998874,-0.4507758680023279
092,2019-08-12 03:23:18,22.73148,113.835632,2.98542352800226,112.9894732166889,-0.2447719424269954
092,2019-08-12 03:23:20,22.731462,113.835678,2.495879643148269,143.93968002279735,0.3782403293481851
092,2019-08-12 03:23:21,22.731443,113.835693,2.874119972496454,131.849398350074,0.1955930573404223
092,2019-08-12 03:23:22,22.731424,113.835716,3.069713029836876,128.70784656164096,0.4258571894046303
092,2019-08-12 03:23:24,22.73139,113.83576200000002,3.921427408646137,132.8330294464089,0.5250053984284557
092,2019-08-12 03:23:26,22.731331,113.835831,4.971438205503048,148.57331699055885,-0.2391961115229306
092,2019-08-12 03:23:28,22.731251,113.835884,4.493045982457187,133.9423131522954,0.5098153355571386
092,2019-08-12 03:23:30,22.731203,113.83593799999998,5.512676653571464,119.71072847414422,1.9749735695539723
092,2019-08-12 03:23:31,22.731163,113.836014,7.487650223125437,128.70779319423548,-2.4528727013680305
092,2019-08-12 03:23:32,22.731129,113.83606,5.034777521757406,129.66223750128245,0.1215110999164728
092,2019-08-12 03:23:34,22.731077,113.836128,5.277799721590352,122.86836484492022,-0.1224583272025876
092,2019-08-12 03:23:36,22.731018,113.836227,5.0328830671851765,128.70776970432377,-0.7465576345784104
092,2019-08-12 03:23:37,22.731001000000006,113.83625,4.286325432606766,104.6286061538974,1.212380462762174
092,2019-08-12 03:23:38,22.730988,113.836304,5.49870589536894,121.0622153063697,-1.3009229258765664
092,2019-08-12 03:23:39,22.730963,113.836349,4.197782969492374,130.14009961639124,-0.2482871178395647
092,2019-08-12 03:23:41,22.730921,113.836403,3.701208733813244,127.19658900343018,0.2697994316229715
092,2019-08-12 03:23:42,22.7309,113.836433,3.971008165436216,128.81369479793636,1.3315396551474037
092,2019-08-12 03:23:43,22.730877,113.836464,5.302547820583619,133.29628447648452,0.1019526516759854
092,2019-08-12 03:23:45,22.730804,113.836548,5.50645312393559,124.40193938350497,-2.027752592454255
092,2019-08-12 03:23:46,22.73078,113.836586,3.4787005314813357,110.21481681018533,-0.3463093209303067
092,2019-08-12 03:23:48,22.730762,113.836639,2.786081889620722,146.14683864798542,0.9401821331362266
092,2019-08-12 03:23:49,22.73074,113.836655,3.726264022756948,103.07950841709528,1.1066253044149212
092,2019-08-12 03:23:51,22.730722,113.836739,5.939514631586791,119.01761819226834,0.4642100429095133
092,2019-08-12 03:23:53,22.730656,113.836868,6.867934717405817,136.55143990215004,-5.1739404874162025
092,2019-08-12 03:23:54,22.730619,113.836906,1.6939942299896151,139.96488382648118,-0.0203426506719265
092,2019-08-12 03:24:05,22.730518,113.836998,1.4702250725984227,128.70766751150035,1.848936765141245
092,2019-08-12 03:24:06,22.730501,113.837021,3.319161837739668,139.68385830446505,1.0269135069138948
092,2019-08-12 03:24:07,22.730476,113.837044,4.3460753446535625,142.45372978526467,0.3002486274005349
092,2019-08-12 03:24:08,22.73044,113.837074,4.646323972054097,157.71000722805513,-0.3483815945534267
092,2019-08-12 03:24:09,22.730404,113.83709,4.297942377500671,175.26821250503656,0.0749273441515465
092,2019-08-12 03:24:11,22.730326,113.837097,4.447797065803764,188.7392316940736,0.3241522889481691
092,2019-08-12 03:24:12,22.730284,113.83709,4.771949354751933,184.90388603179736,0.4359226166438299
092,2019-08-12 03:24:14,22.730198,113.837082,5.643794588039593,190.45169123084057,0.7026290822180226
092,2019-08-12 03:24:16,22.730083,113.837059,7.049052752475638,188.93036162805345,0.0925108809152286
092,2019-08-12 03:24:18,22.729948,113.837036,7.234074514306095,193.6430080819144,-0.0698893014072679
092,2019-08-12 03:24:19,22.729891,113.837021,7.164185212898827,197.5689946425233,0.8223905671562735
092,2019-08-12 03:24:20,22.729824,113.836998,7.986575780055101,193.9592866002454,0.107440404214588
092,2019-08-12 03:24:22,22.729683,113.83696,8.201456588484277,196.203854932343,0.1981957496086899
092,2019-08-12 03:24:23,22.72961,113.836937,8.399652338092967,196.41687565108865,-0.3727760783879219
092,2019-08-12 03:24:24,22.729538,113.836914,8.026876259705045,197.44682818805944,0.0894765443142171
092,2019-08-12 03:24:26,22.729403,113.836868,8.205829348333479,200.25084273596943,0.5231647150071197
092,2019-08-12 03:24:27,22.729328,113.836838,8.728994063340599,192.9846146833588,0.1317420994958196
092,2019-08-12 03:24:29,22.729176,113.8368,8.992478262332238,194.17345711501068,0.7831159430219685
092,2019-08-12 03:24:30,22.729092,113.836777,9.775594205354206,196.3295086833082,0.140031484581061
092,2019-08-12 03:24:32,22.728922,113.836723,10.055657174516329,197.0899375751009,0.4626796093143976
092,2019-08-12 03:24:33,22.728832,113.836693,10.518336783830726,195.22525663163776,0.0106305064680816
092,2019-08-12 03:24:35,22.728649,113.836639,10.53959779676689,197.26764744796324,0.0001850956021742
092,2019-08-12 03:24:37,22.728468,113.836578,10.539967987971238,199.309899554868,-0.0005052408963255
092,2019-08-12 03:24:39,22.728289,113.83651,10.538957506178589,201.7167332326772,-0.3365338834195057
092,2019-08-12 03:24:40,22.728201,113.836472,10.20242362275908,203.163016640661,-0.0341818806966056
092,2019-08-12 03:24:42,22.728035,113.836395,10.13405986136587,202.17334767113965,-0.1296743322157301
092,2019-08-12 03:24:43,22.727949,113.836357,10.00438552915014,198.51576127016747,-0.2679124709213942
092,2019-08-12 03:24:45,22.727781,113.836296,9.468560587307351,195.03119654521885,-0.1327588186725661
092,2019-08-12 03:24:47,22.727623,113.83625,9.20304294996222,194.5048893568615,0.3609370031568257
092,2019-08-12 03:24:48,22.727541,113.836227,9.563979953119045,201.16444986770347,0.2101050030603737
092,2019-08-12 03:24:50,22.727379,113.836159,9.984189959239792,206.25953177961375,0.3809188443641353
092,2019-08-12 03:24:51,22.727293,113.83611299999998,10.365108803603928,207.9394218580234,-1.4521071939946086
092,2019-08-12 03:24:52,22.727213,113.836067,8.913001609609319,196.3099719632391,-0.2881401533188104
092,2019-08-12 03:24:54,22.727068,113.836021,8.336721302971698,195.94996292070903,-0.0920565584052681
092,2019-08-12 03:24:55,22.726997,113.835999,8.24466474456643,191.0807303069183,0.1977515396481042
092,2019-08-12 03:24:57,22.726851,113.835968,8.640167823862638,197.50459747961705,0.2656434382317583
092,2019-08-12 03:24:59,22.726696,113.835915,9.171454700326157,199.66760175768223,0.3337218898856697
092,2019-08-12 03:25:00,22.726616,113.835884,9.505176590211825,199.15254116059495,0.1537428573713324
092,2019-08-12 03:25:02,22.726454,113.835823,9.81266230495449,200.5243960668246,0.2356308496669275
092,2019-08-12 03:25:04,22.726284,113.835754,10.283924004288345,196.7397153830111,0.234427899954472
092,2019-08-12 03:25:05,22.726192,113.835724,10.518351904242817,195.3858430012872,0.0566694128675164
092,2019-08-12 03:25:07,22.726011,113.83567,10.63169072997785,200.6504076894608,0.4541708510105913
092,2019-08-12 03:25:08,22.725918,113.835632,11.08586158098844,200.5492550542928,0.2564841089985563
092,2019-08-12 03:25:10,22.725731,113.835556,11.598829798985554,202.00284139123468,0.5335186169051482
092,2019-08-12 03:25:11,22.725626,113.83551,12.132348415890702,199.4959749972604,-0.3496226030667433
092,2019-08-12 03:25:12,22.725527,113.835472,11.782725812823958,199.1382616808913,0.1750517306884571
092,2019-08-12 03:25:13,22.725426,113.835434,11.957777543512416,198.96412388224016,0.2349755548552572
092,2019-08-12 03:25:15,22.725222,113.835358,12.42772865322293,199.56564555566467,0.3627912592098337
092,2019-08-12 03:25:17,22.725004,113.835274,13.153311171642596,200.09088147299968,0.6158669236522591
092,2019-08-12 03:25:18,22.724888,113.835228,13.769178095294857,200.01154311954176,-0.0406768496738454
092,2019-08-12 03:25:20,22.724655,113.835136,13.687824395947166,200.00628739945685,-0.1612562627952911
092,2019-08-12 03:25:21,22.724541,113.835091,13.526568133151876,198.54190899451123,0.0955929572075966
092,2019-08-12 03:25:23,22.72431,113.835007,13.717754047567068,199.85467020253932,0.1477914894143559
092,2019-08-12 03:25:25,22.724075,113.834915,14.01333702639578,199.2765099941421,0.0990913834787647
092,2019-08-12 03:25:27,22.723835,113.834824,14.21151979335331,199.1767545710714,0.2563264632955171
092,2019-08-12 03:25:28,22.723713,113.834778,14.467846256648826,198.8895576883068,0.3048770013218185
092,2019-08-12 03:25:29,22.723589,113.834732,14.772723257970643,198.28661891340047,0.1823916442686997
092,2019-08-12 03:25:31,22.723335,113.834641,15.137506546508044,200.85992185083973,0.2171482166817311
092,2019-08-12 03:25:33,22.723076,113.834534,15.571802979871508,200.39044294330984,0.4516471843115255
092,2019-08-12 03:25:34,22.722942,113.83448,16.023450164183032,199.9433110864749,0.0667688701344335
092,2019-08-12 03:25:36,22.72267,113.834373,16.1569879044519,199.57225202611187,0.0668751287399302
092,2019-08-12 03:25:38,22.722395,113.834267,16.29073816193176,199.7145240264281,0.4602367054874783
092,2019-08-12 03:25:39,22.722256,113.834213,16.750974867419238,201.4779857322953,-0.0043386042737942
092,2019-08-12 03:25:40,22.722113,113.834152,16.746636263145444,200.6509739581108,0.0944356743236412
092,2019-08-12 03:25:42,22.721834,113.834038,16.935507611792726,201.20830583799236,0.2429883657070242
092,2019-08-12 03:25:44,22.721544,113.833916,17.421484343206775,202.32576605060112,-0.0641421987913446
092,2019-08-12 03:25:46,22.721252,113.833786,17.293199945624085,203.03609288274492,-0.1888066397669483
092,2019-08-12 03:25:48,22.72097,113.833656,16.91558666609019,202.0377715257562,-0.1841042456060719
092,2019-08-12 03:25:49,22.720831,113.833595,16.731482420484117,203.24667836667555,0.0201133150780616
092,2019-08-12 03:25:51,22.720554,113.833466,16.77170905064024,204.91801328744071,-0.1215929810432498
092,2019-08-12 03:25:52,22.720417,113.833397,16.65011606959699,203.71296883453385,0.0890943903114855
092,2019-08-12 03:25:54,22.720144,113.833267,16.82830485021996,204.29057587467847,0.1121368040269281
092,2019-08-12 03:25:56,22.719864,113.83313,17.052578458273818,204.60231566676688,0.0812536686470153
092,2019-08-12 03:25:57,22.719725,113.833061,17.133832126920833,205.61246728311409,0.0517783064610206
092,2019-08-12 03:25:59,22.719446,113.832916,17.237388739842874,206.7635566973436,6.752613678884245e-06
092,2019-08-12 03:26:00,22.719307,113.83284,17.237395492456553,205.61253550369648,1.6821112129861149e-06
092,2019-08-12 03:26:02,22.719028,113.832695,17.23739885667898,206.76362706578027,0.1547277166657217
092,2019-08-12 03:26:03,22.718889,113.832619,17.3921265733447,206.74960215819016,0.0624162086420607
092,2019-08-12 03:26:05,22.718609,113.832466,17.516958990628822,209.1366031070688,-0.3765490764350971
092,2019-08-12 03:26:06,22.71847,113.832382,17.140409914193725,207.5292604240897,-0.1378538817418704
092,2019-08-12 03:26:08,22.718201,113.83223,16.864702150709984,207.92561565077617,-0.0740295664681589
092,2019-08-12 03:26:09,22.718067,113.832153,16.790672584241825,207.7935192469799,-0.1503320679346096
092,2019-08-12 03:26:10,22.717934,113.832077,16.640340516307216,206.6080897254213,-0.1034661490206456
092,2019-08-12 03:26:12,22.717667,113.831932,16.433408218265924,206.0860082753985,-0.2763128030266522
092,2019-08-12 03:26:13,22.717537,113.83186299999998,16.157095415239272,208.7089662159128,0.0554273521342523
092,2019-08-12 03:26:14,22.717409,113.831787,16.212522767373525,207.3124768408297,1.6469606123337144e-06
092,2019-08-12 03:26:16,22.71715,113.831642,16.21252606129475,208.70903447988056,-0.0327776095594032
092,2019-08-12 03:26:17,22.717022,113.831566,16.179748451735346,207.40300743419965,-0.0483131656043092
092,2019-08-12 03:26:19,22.716764,113.831421,16.083122120526728,207.67779063985847,-0.1221481691249577
092,2019-08-12 03:26:21,22.716509,113.831276,15.838825782276812,207.17081461487228,-0.1641265524327604
092,2019-08-12 03:26:22,22.716385,113.831207,15.674699229844052,208.14719010892944,-0.0280696391530952
092,2019-08-12 03:26:24,22.716135,113.83106200000002,15.61855995153786,207.0019757196419,-0.0678476586769614
092,2019-08-12 03:26:26,22.715887,113.830925,15.482864634183938,207.1709203970427,-0.0659732906771974
092,2019-08-12 03:26:27,22.715763,113.830856,15.41689134350674,207.19016009155607,0.0270187166948447
092,2019-08-12 03:26:29,22.715517,113.830719,15.47092877689643,208.5334539653444,-0.0415369201072115
092,2019-08-12 03:26:31,22.715271,113.830574,15.387854936682007,205.98769369756363,-0.0137315276157208
092,2019-08-12 03:26:33,22.715025,113.830444,15.360391881450566,206.46520470951893,0.0829073272008464
092,2019-08-12 03:26:34,22.714899,113.830376,15.443299208651412,204.06448266267893,0.0139419505312456
092,2019-08-12 03:26:36,22.714647,113.830254,15.471183109713904,203.64815091898132,0.0664367372071517
092,2019-08-12 03:26:38,22.71439,113.830132,15.604056584128209,202.1956388637907,-0.0418756320993249
092,2019-08-12 03:26:40,22.71413,113.830017,15.520305319929555,200.7561344056585,0.0217206038966999
092,2019-08-12 03:26:41,22.714001,113.829964,15.542025923826255,203.5666004637108,0.1204901466851575
092,2019-08-12 03:26:43,22.713743,113.829842,15.783006217196572,200.149171361922,0.0854874175850524
092,2019-08-12 03:26:45,22.713474,113.829735,15.953981052366675,200.2530176055647,0.081148291045844
092,2019-08-12 03:26:46,22.713339,113.829681,16.03512934341252,199.7726932406176,-0.0502617843678692
092,2019-08-12 03:26:47,22.713203,113.829628,15.984867559044652,197.20922210905772,-0.0090983057070443
092,2019-08-12 03:26:49,22.71292900000001,113.829536,15.966670947630565,196.97470808549275,0.0238140390800927
092,2019-08-12 03:26:51,22.712654,113.829445,16.01429902579075,195.5746075151726,-0.0205047152830735
092,2019-08-12 03:26:53,22.71237600000001,113.829361,15.9732895952246,194.25225446674145,-0.0692348589696116
092,2019-08-12 03:26:54,22.712238,113.829323,15.90405473625499,194.15388304386812,0.0505650563571
092,2019-08-12 03:26:56,22.71196,113.829247,16.00518484896919,192.7189974590234,0.0571075689365798
092,2019-08-12 03:26:58,22.711678,113.829178,16.11939998684235,191.30849634363403,0.2828046650677649
092,2019-08-12 03:26:59,22.711535,113.829147,16.402204651910115,192.20513808984765,0.0725487562143278
092,2019-08-12 03:27:01,22.711245,113.829079,16.54730216433877,191.00843451178773,0.2438825376461366
092,2019-08-12 03:27:02,22.711098,113.829048,16.791184701984907,190.6930760074412,0.0696708644436263
092,2019-08-12 03:27:04,22.7108,113.828987,16.93052643087216,190.3854281653401,0.0887204373093979
092,2019-08-12 03:27:05,22.710649,113.828957,17.019246868181558,192.01758280412724,-0.0518906394728571
092,2019-08-12 03:27:07,22.71035,113.828888,16.915465589235843,189.28652619597395,0.0046221724423993
092,2019-08-12 03:27:09,22.710051,113.828835,16.924709934120642,190.72376318256056,0.0849835450409806
092,2019-08-12 03:27:10,22.7099,113.828804,17.009693479161623,190.62350769276097,0.0546449947695961
092,2019-08-12 03:27:12,22.7096,113.828743,17.118983468700815,190.51960059303,0.0150884537300122
092,2019-08-12 03:27:13,22.709446,113.828712,17.134071922430827,190.5218383862614,-0.1093128818012552
092,2019-08-12 03:27:14,22.709297,113.828682,17.024759040629572,190.65488998411988,-0.0705995573644422
092,2019-08-12 03:27:15,22.709145,113.828651,16.95415948326513,187.75622743128605,-0.1646129443658708
092,2019-08-12 03:27:16,22.708996,113.828629,16.78954653889926,190.8643841425448,0.1837271493527303
092,2019-08-12 03:27:17,22.708847,113.828598,16.97327368825199,190.5890928016024,0.0728571128659147
092,2019-08-12 03:27:19,22.708546,113.828537,17.11898791398382,190.58688629874243,0.291557414839442
092,2019-08-12 03:27:20,22.708393,113.828506,17.41054532882326,190.32094326282888,-0.0562262618282005
092,2019-08-12 03:27:22,22.708084,113.828445,17.29809280516686,190.52082081008163,-0.056225945758916
092,2019-08-12 03:27:24,22.707781,113.828384,17.185640913649028,190.25279023848728,-0.0515614013819423
092,2019-08-12 03:27:25,22.707628,113.828354,17.134079512267085,190.7937672983355,0.0577866497767445
092,2019-08-12 03:27:26,22.707478,113.828323,17.19186616204383,190.419990905451,0.0288701611884878
092,2019-08-12 03:27:28,22.707172,113.828262,17.249606484420806,191.6965844771537,-0.0788432467827942
092,2019-08-12 03:27:30,22.706869,113.828194,17.091919990855217,190.86454889961377,-0.4099296665586003
092,2019-08-12 03:27:31,22.70672,113.828163,16.681990324296617,190.87157769465136,-0.175267948294902
092,2019-08-12 03:27:33,22.706427,113.828102,16.331454427706813,189.73444990614732,-0.2210255076254572
092,2019-08-12 03:27:35,22.706142,113.828049,15.889403412455898,190.1590353268357,-0.0908893883235366
092,2019-08-12 03:27:37,22.705864,113.827995,15.707624635808823,191.48336303150955,0.0111096105652102
092,2019-08-12 03:27:39,22.705587,113.827934,15.729843856939246,191.26039743142147,-0.4098207848254116
092,2019-08-12 03:27:40,22.705448,113.827904,15.320023072113834,190.56837526956855,-0.0299909232340978
092,2019-08-12 03:27:42,22.705181,113.82785,15.260041225645638,190.15370648799365,0.1151284384180959
092,2019-08-12 03:27:44,22.704908,113.827797,15.49029810248183,188.67891328089155,0.5733397866424959
092,2019-08-12 03:27:45,22.704769,113.827774,16.063637889124326,192.5474183638495,0.1459028220911307
092,2019-08-12 03:27:47,22.704483,113.827705,16.355443533306588,190.98149656120185,0.2390489246117759
092,2019-08-12 03:27:49,22.704193,113.827644,16.83354138253014,190.4536480751825,0.2672049837246106
092,2019-08-12 03:27:51,22.703888,113.827583,17.36795134997936,190.05996685793343,0.2036340265960952
092,2019-08-12 03:27:52,22.703732,113.827553,17.571585376575456,190.4536710931964,-0.0151798108352494
092,2019-08-12 03:27:53,22.703577,113.827522,17.556405565740206,190.25633696537048,0.1132755735551782
092,2019-08-12 03:27:55,22.703266,113.827461,17.782956712850563,188.687155829166,0.2085506304345994
092,2019-08-12 03:27:57,22.702946,113.827408,18.20005797371976,187.28398985485092,0.3669283242826111
092,2019-08-12 03:27:58,22.70278,113.827385,18.566986298002373,188.42777712612417,-0.0895143789521242
092,2019-08-12 03:28:00,22.70245,113.827332,18.387957540098125,186.2978630322395,-0.0917842770894932
092,2019-08-12 03:28:02,22.702124,113.827293,18.204388985919135,186.15638260742065,-0.0315004261773577
092,2019-08-12 03:28:04,22.701799,113.827255,18.141388133564423,184.8823066338225,0.5685268099909493
092,2019-08-12 03:28:05,22.701637,113.82724,18.70991494355537,184.79396684732288,0.1846816374122362
092,2019-08-12 03:28:07,22.701296,113.827209,19.079278218379844,184.5997241040453,0.006164789007748
092,2019-08-12 03:28:08,22.701124,113.827194,19.085443007387592,180.0,-0.0155130877731117
092,2019-08-12 03:28:09,22.700953,113.827194,19.06992991961448,180.0,0.0204924529790595
092,2019-08-12 03:28:10,22.700781,113.827194,19.09042237259354,178.76736525033107,0.2960744671257558
092,2019-08-12 03:28:12,22.700438,113.827202,19.68257130684505,180.0,0.087242765940914
092,2019-08-12 03:28:14,22.700073,113.827202,19.85705683872688,176.5208273873625,-0.1588139832718198
092,2019-08-12 03:28:16,22.699724,113.827225,19.53942887218324,175.52962605971163,0.0680090783179458
092,2019-08-12 03:28:17,22.699547,113.82724,19.607437950501183,173.06709813727264,-0.0552800428645117
092,2019-08-12 03:28:19,22.69919800000001,113.82728600000002,19.496877864772163,175.45285386645685,-0.1063531045265868
092,2019-08-12 03:28:20,22.699024,113.827301,19.390524760245576,173.00756137373696,0.1432066124304754
092,2019-08-12 03:28:21,22.698851,113.827324,19.53373137267605,174.2963837850857,0.1428257646776334
092,2019-08-12 03:28:23,22.6985,113.827362,19.81938290203132,172.20121841210778,-0.001283659283402
092,2019-08-12 03:28:25,22.698143,113.827415,19.816815583464518,171.87621781416965,-0.126919507996245
092,2019-08-12 03:28:27,22.697794,113.827469,19.562976567472024,173.04729147442413,0.0754494822779854
092,2019-08-12 03:28:28,22.69762,113.827492,19.63842604975001,173.12552162379222,0.0341603841106135
092,2019-08-12 03:28:30,22.697268,113.827538,19.70674681797124,172.0695180014651,-0.0575498025480687
092,2019-08-12 03:28:32,22.696917000000006,113.827591,19.5916472128751,170.85880141812686,-0.3982343840919533
092,2019-08-12 03:28:33,22.696745,113.827621,19.193412828783146,171.66407672755906,0.037881199427133
092,2019-08-12 03:28:35,22.696405,113.827675,19.26917522763741,170.73550056428417,-0.0564365410571543
092,2019-08-12 03:28:37,22.69606,113.82773600000002,19.156302145523103,172.8225799404638,-0.0003793331356991
092,2019-08-12 03:28:39,22.695723,113.827782,19.155543479251705,171.95631579944325,0.0912355118869001
092,2019-08-12 03:28:41,22.695377,113.827835,19.338014503025505,172.92641588401136,-0.1853669252898484
092,2019-08-12 03:28:42,22.695206,113.827858,19.152647577735657,170.75299174185193,-0.2819500300029602
092,2019-08-12 03:28:43,22.695036,113.827888,18.870697547732696,170.2245993500752,-0.1317140672388159
092,2019-08-12 03:28:45,22.694704,113.82795,18.607269413255064,172.944945583469,0.0422378492577841
092,2019-08-12 03:28:46,22.69454,113.827972,18.64950726251285,173.88778251847896,-0.1258254916427326
092,2019-08-12 03:28:48,22.694204,113.828011,18.397856279227383,173.7863500672429,-0.1466684259129511
092,2019-08-12 03:28:50,22.693882,113.828049,18.10451942740148,175.17667359397524,-0.0441344285747042
092,2019-08-12 03:28:51,22.693718,113.82806399999998,18.060384998826777,176.22973081059513,0.0962677105977203
092,2019-08-12 03:28:53,22.693396,113.828087,18.252920420022217,180.0,0.4323336056430555
092,2019-08-12 03:28:54,22.693226,113.828087,18.685254025665277,182.54580364276632,-0.28421017023485
092,2019-08-12 03:28:55,22.69306,113.828079,18.401043855430423,182.40133591016684,-0.1189580618626049
092,2019-08-12 03:28:57,22.69273,113.82806399999998,18.163127731705213,185.0757316249766,-0.084619639894413
092,2019-08-12 03:28:59,22.692408,113.828033,17.993888451916387,187.18527247453787,-0.4168135177155463
092,2019-08-12 03:29:00,22.692247,113.828011,17.57707493420084,190.387919464624,-0.0384601428905693
092,2019-08-12 03:29:02,22.69194,113.82795,17.500154648419702,191.56815600650967,-0.0474171670417913
092,2019-08-12 03:29:04,22.691629,113.827881,17.40532031433612,194.53079046346173,-0.050809533434645
092,2019-08-12 03:29:06,22.69133,113.827797,17.30370124746683,198.3284136098062,0.1241669960734004
092,2019-08-12 03:29:08,22.691032,113.82769,17.55203523961363,200.75574263830117,-0.069867365777883
092,2019-08-12 03:29:10,22.690735,113.827568,17.412300508057864,204.14262505457157,-0.1288856498195905
092,2019-08-12 03:29:12,22.690453,113.827431,17.154529208418683,204.45184771354175,-0.2542639339446744
092,2019-08-12 03:29:13,22.690313,113.827362,16.90026527447401,206.27301679001047,-0.1937824485944865
092,2019-08-12 03:29:15,22.690042,113.827217,16.512700377285036,205.6688288554824,-0.1160166193577083
092,2019-08-12 03:29:17,22.689779,113.82708,16.28066713856962,205.57793094101416,-0.1021297670637721
092,2019-08-12 03:29:18,22.689646,113.827011,16.178537371505847,204.51501829253445,-0.0035785810713537
092,2019-08-12 03:29:20,22.689383,113.826881,16.17138020936314,205.58414333112984,0.0045630537289635
092,2019-08-12 03:29:22,22.689119,113.826744,16.180506316821067,206.26589308913685,-0.0666974160566944
092,2019-08-12 03:29:23,22.68899,113.826675,16.113808900764372,205.75431925884223,-0.0329011543311743
092,2019-08-12 03:29:25,22.688728,113.826538,16.048006592102023,206.1889975223374,-0.0012078282522463
092,2019-08-12 03:29:27,22.688471,113.826401,16.04559093559753,204.3517406848418,-0.0070191457764181
092,2019-08-12 03:29:29,22.688206,113.826271,16.031552644044694,203.4087983851768,-0.6404558273550212
092,2019-08-12 03:29:30,22.688076,113.82621,15.391096816689672,205.99217495003688,-0.1339842813592149
092,2019-08-12 03:29:32,22.68783,113.82608,15.123128253971243,204.76437081309115,-0.2152005590823869
092,2019-08-12 03:29:33,22.687708,113.826019,14.907927694888857,206.37725845143927,-0.0832867050132062
092,2019-08-12 03:29:35,22.687468,113.82589,14.741354284862444,205.6887572857918,-0.3898172155746859
092,2019-08-12 03:29:36,22.687351,113.825829,14.351537069287758,206.16340300781053,-0.0831639262873009
092,2019-08-12 03:29:38,22.68712,113.825706,14.185209216713156,206.6795957632937,-0.2970980368094817
092,2019-08-12 03:29:39,22.687008,113.825645,13.888111179903674,206.88632694391535,-0.1377932501873235
092,2019-08-12 03:29:40,22.686897,113.825584,13.750317929716353,205.25125318790657,-0.2872148113282344
092,2019-08-12 03:29:42,22.686674,113.82547,13.175888307059882,209.61774539808985,-0.4196720191419922
092,2019-08-12 03:29:44,22.68647600000001,113.825348,12.336544268775896,213.6772803541644,-0.2085481203582562
092,2019-08-12 03:29:46,22.686296,113.825218,11.919448028059383,212.30783310316417,-0.0571711198350346
092,2019-08-12 03:29:47,22.686207,113.825157,11.86227690822435,207.33296739980727,-0.0279295173119349
092,2019-08-12 03:29:49,22.686016,113.82505,11.80641787360048,203.6070915212378,-0.1488407894303804
092,2019-08-12 03:29:50,22.685921,113.825005,11.6575770841701,203.74013129465115,0.0899437602055668
092,2019-08-12 03:29:52,22.685728,113.824913,11.837464604581234,206.75359182272808,0.067356079597932
092,2019-08-12 03:29:53,22.685631,113.82486000000002,11.904820684179166,203.52325461937937,-0.0488504897481769
092,2019-08-12 03:29:55,22.685436,113.824768,11.807119704682812,203.6312596761801,0.6189507507329619
092,2019-08-12 03:29:56,22.68533900000001,113.824722,12.426070455415774,207.27527087385317,0.1000254073228514
092,2019-08-12 03:29:58,22.685135,113.824608,12.626121270061477,202.39422461604852,-0.349453461379305
092,2019-08-12 03:29:59,22.685032,113.824562,12.276667808682172,204.5465107835511,-0.1145663511540693
092,2019-08-12 03:30:01,22.684832,113.824463,12.047535106374031,205.32689006172976,-0.1295662609976817
092,2019-08-12 03:30:03,22.684639,113.824364,11.78840258437867,201.57475415833903,0.0613713485996942
092,2019-08-12 03:30:05,22.684443,113.82428,11.911145281578058,198.4646341147261,0.4791537751352965
092,2019-08-12 03:30:06,22.684338,113.824242,12.390299056713356,198.5266006726197,0.0351599346943869
092,2019-08-12 03:30:08,22.684126000000006,113.824165,12.460618926102129,198.1423441204504,-0.7965354849542425
092,2019-08-12 03:30:09,22.684019,113.824127,11.664083441147886,192.09840713299317,-0.0295067195226561
092,2019-08-12 03:30:11,22.683821,113.824081,11.605070002102574,196.9388258915322,0.2817749459171015
092,2019-08-12 03:30:13,22.683615,113.824013,12.168619893936777,202.00896313308937,0.8034764192189101
092,2019-08-12 03:30:14,22.68351,113.823967,12.972096313155689,201.01127776170807,0.5330844486951216
092,2019-08-12 03:30:16,22.683289,113.823875,14.03826521054593,206.2832873405484,0.2326781194806564
092,2019-08-12 03:30:18,22.683048,113.823746,14.503621449507245,203.98191757628985,-0.4857375457656463
092,2019-08-12 03:30:19,22.682936,113.823692,14.017883903741597,202.1711635517593,-0.050589493057874
092,2019-08-12 03:30:20,22.682816,113.823639,13.967294410683722,198.25256833579635,-0.1524296000952727
092,2019-08-12 03:30:22,22.682581,113.823555,13.662435210493175,196.8174125804592,-0.5042395812921363
092,2019-08-12 03:30:23,22.682465,113.823517,13.15819562920104,195.7987741508213,-0.0188181501014899
092,2019-08-12 03:30:25,22.68224,113.823448,13.12055932899806,193.310261495136,0.0981607869639642
092,2019-08-12 03:30:26,22.682123,113.823418,13.218720115962023,194.0846887952408,-0.1607292538398343
092,2019-08-12 03:30:27,22.682009,113.823387,13.05799086212219,186.7461546011999,-0.0126919029957104
092,2019-08-12 03:30:28,22.681892,113.823372,13.04529895912648,186.80377393559908,-0.1182659559060717
092,2019-08-12 03:30:29,22.681776,113.823357,12.927033003220409,185.24884789462493,-0.0225612319879049
092,2019-08-12 03:30:31,22.681545,113.823334,12.8819105392446,183.65665480935115,-0.109151292890985
092,2019-08-12 03:30:33,22.681314,113.823318,12.663607953462629,183.3602650715342,-0.9486295168274808
092,2019-08-12 03:30:34,22.681204,113.823311,11.714978436635148,180.0,-0.4029040643357984
092,2019-08-12 03:30:36,22.680998,113.823311,10.909170307963551,188.93785123624653,-2.7597534901843783
092,2019-08-12 03:30:37,22.68091,113.823296,8.149416817779173,186.47870187941567,-0.9076089562328064
092,2019-08-12 03:30:39,22.68078,113.82328,6.33419890531356,192.5921598690717,-0.6180704206491825
092,2019-08-12 03:30:41,22.680685,113.823257,5.098058064015195,200.0121909401796,-0.8104866478186086
092,2019-08-12 03:30:42,22.680647,113.823242,4.287571416196586,226.18582816640875,-0.1148888294504417
092,2019-08-12 03:30:44,22.680593,113.823181,4.057793757295703,254.83955218017988,-0.0294719806365943
092,2019-08-12 03:30:46,22.680574,113.823105,3.998849796022514,261.883956762941,0.2011232515569063
092,2019-08-12 03:30:47,22.680569,113.823067,4.19997304757942,264.1068033939357,0.0561450902544824
092,2019-08-12 03:30:49,22.680561,113.822983,4.312263228088385,271.4782089221398,-0.0686941035798338
092,2019-08-12 03:30:51,22.680563,113.822899,4.1748750209287175,273.2647784840883,0.2969912724671744
092,2019-08-12 03:30:52,22.680565,113.822861,4.471866293395892,277.3836173704441,0.3844650218455574
092,2019-08-12 03:30:54,22.680576,113.822769,5.240796337087007,266.94890509110826,1.2963061684551451
092,2019-08-12 03:30:55,22.68057300000001,113.822708,6.537102505542152,268.09002898077165,0.0183896973290034
092,2019-08-12 03:30:57,22.680569,113.822578,6.573881900200159,254.13069286307436,-0.1862153190466093
092,2019-08-12 03:30:58,22.680553,113.822517,6.38766658115355,262.910432181404,0.2486739732032461
092,2019-08-12 03:30:59,22.680546,113.822456,6.636340554356796,268.17422356436214,0.414830626764636
092,2019-08-12 03:31:00,22.680544,113.822388,7.051171181121432,267.3021152392772,0.0017531528970242
092,2019-08-12 03:31:02,22.680538,113.82225,7.05467748691548,266.35213471991545,-0.5483654571553762
092,2019-08-12 03:31:03,22.680534,113.822182,6.506312029760104,267.4567010866399,-0.2129512399602786
092,2019-08-12 03:31:05,22.680529,113.82206,6.080409549839547,270.000022172154,-0.1022065841177735
092,2019-08-12 03:31:07,22.680529,113.821945,5.875996381604,266.7352517293564,-0.0593347066125153
092,2019-08-12 03:31:09,22.680523,113.821831,5.757326968378969,265.41001370494064,-0.2639302346921619
092,2019-08-12 03:31:10,22.680519,113.821777,5.493396733686807,270.00001021812085,-0.0195943559426616
092,2019-08-12 03:31:11,22.680519,113.821724,5.473802377744145,267.6798745962038,0.1406288263769246
092,2019-08-12 03:31:13,22.680515,113.821617,5.755060030497995,264.9233510734057,0.105855930532412
092,2019-08-12 03:31:14,22.68051,113.821556,5.860915961030407,267.65800041640034,-0.8998863041895646
092,2019-08-12 03:31:15,22.680508,113.821503,4.961029656840842,268.650314237604,-0.4155802196313138
092,2019-08-12 03:31:17,22.680506,113.821411,4.129869217578214,270.0000133015727,-0.3716924146383313
092,2019-08-12 03:31:19,22.680506,113.821342,3.386484388301552,265.867331099572,0.5149873613403093
092,2019-08-12 03:31:20,22.680504,113.821312,3.901471749641861,268.52182410485125,0.2053967600856341
092,2019-08-12 03:31:22,22.680502,113.821228,4.312265269813129,267.04559724469254,0.0048331337258318
092,2019-08-12 03:31:24,22.680498,113.821144,4.321931537264793,264.10680642113505,0.009678445766915
092,2019-08-12 03:31:26,22.68049,113.82106,4.341288428798623,261.9221072501696,-0.0032063421200683
092,2019-08-12 03:31:28,22.680479,113.820976,4.334875744558486,265.57328583989886,0.0433567208777532
092,2019-08-12 03:31:30,22.680473000000006,113.820892,4.421589186313993,267.2422366543991,-0.0023307299412538
092,2019-08-12 03:31:31,22.680471,113.820847,4.419258456372739,266.308831845709,-0.2092533916557797
092,2019-08-12 03:31:33,22.680466,113.820763,4.000751673061179,250.13672072779516,0.0146744310828772
092,2019-08-12 03:31:35,22.680443,113.820694,4.030100535226934,262.6480367679512,0.2300824986715222
092,2019-08-12 03:31:37,22.680433,113.82061000000002,4.490265532569978,260.63465065863653,0.2371421183911986
092,2019-08-12 03:31:38,22.680426,113.820564,4.727407650961177,263.20807612559247,0.0857669070006452
092,2019-08-12 03:31:40,22.680416,113.820473,4.898941464962467,264.9947859343558,-0.0682186796877108
092,2019-08-12 03:31:42,22.680408,113.820374,4.762504105587046,254.83957334228444,-0.2925240099363404
092,2019-08-12 03:31:44,22.680387,113.82029,4.177456085714365,239.2749618096201,-0.4807046220389654
092,2019-08-12 03:31:45,22.68037,113.820259,3.6967514636753993,218.6880449931752,0.1138061705434345
092,2019-08-12 03:31:47,22.680317,113.820213,3.924363804762269,196.2093907549718,0.2263035846312593
092,2019-08-12 03:31:49,22.680244,113.82019,4.376970974024787,184.50358434193544,0.3828971916425137
092,2019-08-12 03:31:51,22.680162,113.820183,5.142765357309814,176.41191519233973,0.5618854817609331
092,2019-08-12 03:31:53,22.680059,113.82019,6.266536320831681,176.53764506116715,0.516185609182715
092,2019-08-12 03:31:55,22.679937,113.820198,7.298907539197111,171.31952901167563,0.3145200068260556
092,2019-08-12 03:31:57,22.679798,113.820221,7.927947552849222,169.1191042224914,0.2378623138116111
092,2019-08-12 03:31:58,22.679726,113.820236,8.165809866660833,163.24743161888227,0.1224946676502689
092,2019-08-12 03:32:00,22.679585,113.820282,8.410799201961371,158.7857549350149,0.1816435267270764
092,2019-08-12 03:32:02,22.67944,113.820343,8.774086255415524,169.80195818903348,0.1339873893673679
092,2019-08-12 03:32:04,22.679281,113.820374,9.04206103415026,165.76244264588115,-0.1646589926136155
092,2019-08-12 03:32:05,22.67920100000001,113.820396,8.877402041536644,158.3338364017767,0.7564413080728052
092,2019-08-12 03:32:06,22.679129,113.820427,9.63384334960945,168.97749512515156,0.1131320388283496
092,2019-08-12 03:32:08,22.678949,113.82046499999998,9.860107427266149,165.14328668367148,-1.3354181594560792
092,2019-08-12 03:32:09,22.678869,113.82048799999998,8.52468926781007,166.2235354432023,0.0551427204650014
092,2019-08-12 03:32:11,22.678726,113.820526,8.634974708740073,188.83916474204847,0.2013925775945058
092,2019-08-12 03:32:12,22.678637,113.820511,8.836367286334578,169.47584820790894,-0.6595111518291055
092,2019-08-12 03:32:14,22.678488,113.820541,7.517344982676367,180.0,-0.6716054307724773
092,2019-08-12 03:32:16,22.678368,113.820541,6.174134121131413,196.7452396740645,-0.9075124800596636
092,2019-08-12 03:32:17,22.678322,113.820526,5.266621641071749,206.8065353959517,0.0811086286281561
092,2019-08-12 03:32:18,22.67828,113.820503,5.347730269699905,224.24376879054125,-1.8617372155453809
092,2019-08-12 03:32:19,22.678244,113.82046499999998,3.4859930541545245,148.96253558186095,0.2455195023941661
092,2019-08-12 03:32:20,22.678221,113.82048,3.73151255654869,151.65686775725857,0.2286497417271975
092,2019-08-12 03:32:22,22.678156,113.820518,4.188812040003086,147.25558668384713,1.0998433125401466
092,2019-08-12 03:32:23,22.678123,113.820541,5.288655352543232,140.07556957231054,0.3219451059940317
092,2019-08-12 03:32:24,22.67808,113.82058,5.610600458537264,143.83471649443158,-0.1357889757010726
092,2019-08-12 03:32:26,22.678003,113.820641,5.339022507135119,155.72028405059382,-0.2486971658635379
092,2019-08-12 03:32:27,22.677958,113.82066299999998,5.090325341271581,140.79556894024427,-0.0966196453702492
092,2019-08-12 03:32:29,22.677889,113.820724,4.897086050531082,150.81801319831237,-0.0686939496691021
092,2019-08-12 03:32:30,22.677851,113.820747,4.82839210086198,170.47666228216258,0.5299479163597658
092,2019-08-12 03:32:31,22.677807,113.820755,5.358340017221746,172.0415592232797,-0.4282993227763731
092,2019-08-12 03:32:33,22.677708,113.82077,4.501741371669,144.11531527470197,-0.2101408690940183
092,2019-08-12 03:32:36,22.67762,113.820839,3.871318764386944,139.67293600702396,-1.2616101683159897
092,2019-08-12 03:32:38,22.677570000000006,113.820885,1.3480984277549652,217.9148297643937,-0.0404950633015591
092,2019-08-12 03:32:54,22.677416,113.820755,0.7001774149300192,0.0,-0.0234546582644688
092,2019-08-12 03:33:09,22.677416,113.820755,0.348357540962986,237.85958579746807,0.1030130856579308
092,2019-08-12 03:33:18,22.677376,113.820686,1.2754753118843636,250.83103440271591,0.8833021167917611
092,2019-08-12 03:33:20,22.677359,113.820633,3.0420795454678857,250.7299351477405,-0.0375191668390502
092,2019-08-12 03:33:21,22.677349,113.820602,3.0045603786288355,237.36371203877343,0.7862574592711318
092,2019-08-12 03:33:22,22.677336,113.82058,3.7908178378999673,245.0860881839127,0.0142728172069184
092,2019-08-12 03:33:24,22.677303,113.820503,3.819363472313804,235.1906958449294,-0.3673425501400562
092,2019-08-12 03:33:26,22.677269,113.82045,3.084678372033692,235.65691200241503,-0.2837789425090928
092,2019-08-12 03:33:28,22.67724,113.820404,2.517120487015506,236.96519605377284,0.6504048118519785
092,2019-08-12 03:33:29,22.677231,113.820389,3.1675252988674845,247.0186915322634,0.1515795960649693
092,2019-08-12 03:33:31,22.677204,113.82032,3.470684490997423,241.0961644275909,-0.2392004820643942
092,2019-08-12 03:33:33,22.677177,113.820267,2.9922835268686345,238.5094340715617,0.0139960765527793
092,2019-08-12 03:33:34,22.677164,113.820244,3.006279603421414,209.2859807106281,0.2164492425203017
092,2019-08-12 03:33:36,22.677113,113.820213,3.4391780884620173,235.2814715657956,0.3509049225393408
092,2019-08-12 03:33:38,22.677074,113.820152,4.140987933540699,250.13716851633143,0.0798969530416444
092,2019-08-12 03:33:39,22.677059,113.820107,4.220884886582343,223.23164332670973,0.0768565833944268
092,2019-08-12 03:33:41,22.677006,113.820053,4.374598053371197,230.4059110726447,1.381902233134344
092,2019-08-12 03:33:42,22.676977,113.82001499999998,5.756500286505541,224.81809285413317,-0.1956644898684127
092,2019-08-12 03:33:44,22.676899,113.819931,5.365171306768716,249.6568396830462,-1.20972342666174
092,2019-08-12 03:33:45,22.676886,113.819893,4.155447880106975,227.26576746594117,-0.1616626303188402
092,2019-08-12 03:33:47,22.676834,113.819832,3.832122619469295,234.1510778175057,-0.3414879479602428
092,2019-08-12 03:33:49,22.676798,113.819778,3.1491467235488093,233.2547806745993,-0.154361719145003
092,2019-08-12 03:33:51,22.676767,113.819733,2.840423285258803,238.5095103854526,-0.2914548748791703
092,2019-08-12 03:33:52,22.67675400000001,113.81971,2.548968410379633,252.97090161351397,-0.9598374442910051
092,2019-08-12 03:33:54,22.676741,113.819664,0.6292935217976224,218.55039543692388,-0.0280506594356186
092,2019-08-12 03:34:09,22.676697,113.819626,0.208533630263342,0.0,-0.0139022420175561
092,2019-08-12 03:34:24,22.676697,113.819626,0.0,0.0,0.0
092,2019-08-12 03:34:39,22.676697,113.819626,0.0,0.0,0.0
092,2019-08-12 03:34:54,22.676697,113.819626,0.0,0.0,0.0
092,2019-08-12 03:35:09,22.676697,113.819626,0.0,0.0,0.0
092,2019-08-12 03:35:24,22.676697,113.819626,0.0,0.0,0.0
092,2019-08-12 03:35:39,22.676697,113.819626,0.0,0.0,0.0
092,2019-08-12 03:35:54,22.676697,113.819626,0.0,0.0,0.0
092,2019-08-12 03:36:09,22.676697,113.819626,0.0,0.0,0.0
092,2019-08-12 03:36:24,22.676697,113.819626,0.0,0.0,0.0
092,2019-08-12 03:36:39,22.676697,113.819626,0.0,0.0,0.0
092,2019-08-12 03:36:54,22.676697,113.819626,0.0,0.0,0.0
092,2019-08-12 03:37:09,22.676697,113.819626,0.0,0.0,0.0
092,2019-08-12 03:37:24,22.676697,113.819626,0.0,0.0,0.0
092,2019-08-12 03:37:39,22.676697,113.819626,0.0,0.0,0.0
092,2019-08-12 03:37:54,22.676697,113.819626,0.0,0.0,0.0
092,2019-08-12 03:38:09,22.676697,113.819626,0.0,0.0,0.0
092,2019-08-12 03:38:24,22.676697,113.819626,0.0,0.0,0.0
092,2019-08-12 03:38:39,22.676697,113.819626,0.0,0.0,0.0
