userid,checkin_time,lat,lon,speed,direction,acceleration
092,2019-06-30 03:34:19,22.731834,113.83522,0.0,131.84947976624835,3.696046893335492
092,2019-06-30 03:34:20,22.731815,113.835243,3.696046893335492,135.67889455098577,0.5695282624015712
092,2019-06-30 03:34:22,22.731764,113.835297,4.835103418138634,136.93548663653576,0.105763135439878
092,2019-06-30 03:34:24,22.731689000000006,113.835373,5.04662968901839,140.78890295598814,-0.9717710772736874
092,2019-06-30 03:34:25,22.731663,113.835396,4.074858611744703,132.7456560955316,-0.0822796203229487
092,2019-06-30 03:34:27,22.731611,113.835457,3.910299371098805,147.49295803845257,-0.0350555859554344
092,2019-06-30 03:34:29,22.731556,113.835495,3.840188199187936,146.4587432319678,0.3326094396149961
092,2019-06-30 03:34:30,22.731524,113.835518,4.172797638802932,127.06713353347294,0.0038079094438967
092,2019-06-30 03:34:45,22.731184,113.836006,4.229916280461383,113.69416071398138,0.2997934340027033
092,2019-06-30 03:34:47,22.73115,113.83608999999998,4.82950314846679,111.83534132556964,-0.5142789282969558
092,2019-06-30 03:34:48,22.731133,113.836136,4.315224220169834,115.97116248599632,-0.0155608538682923
092,2019-06-30 03:34:50,22.731102,113.836205,4.2841025124332495,112.27357263799291,-0.3401463827764681
092,2019-06-30 03:34:51,22.731085,113.83625,3.943956129656781,113.95792312230958,-0.1554278972984955
092,2019-06-30 03:34:53,22.73106,113.836311,3.6331003350597904,112.98940482882917,0.0532980482436915
092,2019-06-30 03:34:55,22.731033,113.83638,3.7396964315471735,121.1451759190042,0.3201682631786258
092,2019-06-30 03:34:57,22.730999,113.836441,4.380032957904425,126.15425609205283,0.5736335432849193
092,2019-06-30 03:34:58,22.730968,113.836487,4.953666501189344,130.93735033438344,0.5632394154185212
092,2019-06-30 03:34:59,22.730944,113.836517,5.516905916607866,128.15527646929706,0.5327108820436927
092,2019-06-30 03:35:02,22.730844,113.836655,7.115038562738944,126.93671439666502,0.1190642674761623
092,2019-06-30 03:35:04,22.730749,113.836792,7.353167097691268,114.02935424384486,-1.3720115436502551
092,2019-06-30 03:35:06,22.730705,113.836899,4.609144010390758,104.92831141309084,-0.8456164908104877
092,2019-06-30 03:35:08,22.73069,113.83696,2.9179110287697827,141.14327164075013,0.0443091241419158
092,2019-06-30 03:35:16,22.730524,113.837105,3.272384021905109,147.83572270996694,2.628664215602842
092,2019-06-30 03:35:17,22.73048,113.837135,5.901048237507951,148.1360621606293,-0.9644201871432544
092,2019-06-30 03:35:18,22.730434,113.837166,4.936628050364697,156.61906246508738,-0.3468495585157942
092,2019-06-30 03:35:19,22.730402,113.837181,4.589778491848903,175.3130749477791,0.2229855653909553
092,2019-06-30 03:35:21,22.730312,113.837189,5.035749622630814,189.21139093103636,-0.1388715674555629
092,2019-06-30 03:35:23,22.730221,113.837173,4.758006487719688,174.73031932524327,-0.113908266720244
092,2019-06-30 03:35:25,22.730141,113.837181,4.5301899542792,180.0,0.8281059898047038
092,2019-06-30 03:35:26,22.730099,113.837181,5.358295944083904,191.86180376442175,0.3682279186679156
092,2019-06-30 03:35:28,22.729998,113.837158,6.094751781419735,206.29438050861216,1.168722941022465
092,2019-06-30 03:35:29,22.729942,113.837128,7.2634747224422,198.4731796186893,0.2378512855602297
092,2019-06-30 03:35:31,22.729815,113.837082,7.739177293562659,199.77049698651487,0.0394157805809105
092,2019-06-30 03:35:33,22.729679,113.837029,7.81800885472448,198.07492751974075,-0.1471929500315196
092,2019-06-30 03:35:35,22.729549,113.836983,7.523622954661441,198.47322909295025,0.259978808698758
092,2019-06-30 03:35:37,22.729422,113.836937,8.043580572058957,201.2072120008889,0.3537072369992149
092,2019-06-30 03:35:39,22.729277,113.836876,8.750995046057387,200.68668894520863,0.0734872981818375
092,2019-06-30 03:35:41,22.729128,113.836815,8.897969642421062,198.0317669246776,0.1015486149829127
092,2019-06-30 03:35:43,22.728975,113.836761,9.101066872386887,199.07941652021847,0.4629030778872316
092,2019-06-30 03:35:44,22.728895,113.836731,9.56396995027412,198.93541167724848,0.0320127393500513
092,2019-06-30 03:35:46,22.728731,113.83667,9.627995428974222,196.408849519632,0.0966266056824407
092,2019-06-30 03:35:48,22.728565,113.836617,9.821248640339103,198.4908698202387,0.061119318129001
092,2019-06-30 03:35:50,22.728394,113.836555,9.943487276597104,200.69803268871,-0.0660423704290984
092,2019-06-30 03:35:52,22.728228,113.836487,9.811402535738909,203.5280479092941,-0.0827278579619292
092,2019-06-30 03:35:54,22.728067000000006,113.836411,9.64594681981505,204.4779967059597,-0.0453151519419048
092,2019-06-30 03:35:56,22.727911,113.836334,9.55531651593124,206.7069973706233,-0.3118665071467905
092,2019-06-30 03:35:58,22.727757,113.83625,8.93158350163766,191.338092578586,-0.7790805847381712
092,2019-06-30 03:35:59,22.727688,113.83623500000002,8.152502916899488,190.45187577961173,0.4439013601721235
092,2019-06-30 03:36:00,22.727613,113.83622,8.596404277071612,195.79381751121784,0.1310759972377573
092,2019-06-30 03:36:02,22.727463,113.836174,8.858556271547126,200.19028971102156,-0.2896678821749816
092,2019-06-30 03:36:04,22.72731,113.83611299999998,8.279220507197163,198.33887783752203,-0.3649891399371996
092,2019-06-30 03:36:06,22.727182,113.836067,7.549242227322764,204.23296948522815,0.0592165285504471
092,2019-06-30 03:36:08,22.727057,113.836006,7.667675284423658,200.6081544043279,-0.0560186575175993
092,2019-06-30 03:36:10,22.726927,113.835953,7.555637969388459,198.61011352289,0.009755916942701
092,2019-06-30 03:36:12,22.726801,113.835907,7.575149803273861,203.72843888793653,0.2396806160216869
092,2019-06-30 03:36:14,22.726673,113.835846,8.054511035317235,202.036940847531,0.204278494283673
092,2019-06-30 03:36:16,22.726534,113.83578500000002,8.463068023884581,195.89459653678844,0.1026373726072416
092,2019-06-30 03:36:18,22.726385,113.835739,8.668342769099064,190.0583415107144,0.2520534502342713
092,2019-06-30 03:36:19,22.726307,113.835724,8.920396219333336,195.21518012920225,0.195991198282738
092,2019-06-30 03:36:21,22.726151,113.835678,9.312378615898812,202.8936738662357,0.9846563301679918
092,2019-06-30 03:36:22,22.726068,113.83563999999998,10.297034946066804,204.3748492817039,0.1971522132278522
092,2019-06-30 03:36:24,22.725897,113.835556,10.691339372522508,203.1737745044096,0.2146149552245422
092,2019-06-30 03:36:26,22.725716,113.835472,11.120569282971593,195.4672798949117,0.4444357968024413
092,2019-06-30 03:36:27,22.725616,113.835442,11.565005079774034,199.91841027599605,-0.0387127694805746
092,2019-06-30 03:36:29,22.72542,113.835365,11.487579540812884,197.8301968215964,0.0387140212771663
092,2019-06-30 03:36:31,22.725225,113.835297,11.565007583367215,199.6039781302917,0.554263656510793
092,2019-06-30 03:36:32,22.725124,113.835258,12.11927123987801,200.38680908787435,0.1673520971684929
092,2019-06-30 03:36:34,22.724918,113.835175,12.453975434214996,198.1229191582,0.1263701365985454
092,2019-06-30 03:36:36,22.724701,113.835098,12.706715707412087,197.8257669165773,0.4269948267113808
092,2019-06-30 03:36:37,22.724592,113.83506,13.133710534123468,198.84574857566025,0.0879312766054134
092,2019-06-30 03:36:39,22.724365,113.834976,13.309573087334297,197.09047668117648,-0.1008658062303275
092,2019-06-30 03:36:40,22.724251,113.834938,13.208707281103967,197.23281132066413,0.3290503499579742
092,2019-06-30 03:36:41,22.724138,113.8349,13.53775763106194,200.0910152040113,0.1098769662223979
092,2019-06-30 03:36:43,22.723906,113.834808,13.757511563506736,199.53268530492343,0.3727870012101562
092,2019-06-30 03:36:44,22.723789,113.834763,14.130298564716892,201.02300587872517,0.1008626591543411
092,2019-06-30 03:36:46,22.723549,113.834663,14.332023883025576,202.16522618064715,0.2823299552344647
092,2019-06-30 03:36:47,22.723429,113.83461,14.61435383826004,201.51651796045635,0.3289223722587184
092,2019-06-30 03:36:48,22.723305,113.834557,14.94327621051876,201.56921205025475,-0.1514324337833326
092,2019-06-30 03:36:49,22.723179,113.834503,14.791843776735426,198.55935607693573,0.0698851181780044
092,2019-06-30 03:36:51,22.722929,113.834412,14.931614013091435,200.9640516326449,0.5708725475464771
092,2019-06-30 03:36:52,22.722799,113.834358,15.502486560637912,200.713763780244,0.0483743661972022
092,2019-06-30 03:36:54,22.722538,113.834251,15.599235293032317,198.8811536859604,0.0380660415225504
092,2019-06-30 03:36:56,22.722271,113.834152,15.675367376077418,200.32226899851796,0.0232812580180237
092,2019-06-30 03:36:57,22.722139,113.834099,15.69864863409544,200.4271948290855,0.0521377754780898
092,2019-06-30 03:36:59,22.721874,113.833992,15.80292418505162,199.9065440823316,0.3735993816227729
092,2019-06-30 03:37:00,22.721739000000003,113.833939,16.176523566674394,201.23384019576577,-0.0547011901166047
092,2019-06-30 03:37:02,22.721466,113.833824,16.067121186441184,201.64337827527916,-0.1255693119805192
092,2019-06-30 03:37:04,22.721201,113.83371,15.815982562480146,203.40376556705013,-0.1667497507857351
092,2019-06-30 03:37:05,22.721071,113.833649,15.64923281169441,203.64716270477524,0.0127439605605044
092,2019-06-30 03:37:07,22.720814,113.833527,15.67472073281542,203.4038463475684,-0.0768934314124445
092,2019-06-30 03:37:09,22.720554,113.833405,15.52093386999053,201.569605900278,-0.4221400049570132
092,2019-06-30 03:37:10,22.720428,113.833351,15.098793865033516,204.4067397185367,-0.0249976253825092
092,2019-06-30 03:37:11,22.720304,113.83329,15.073796239651008,204.5818180196592,-0.0740009225560678
092,2019-06-30 03:37:13,22.720058,113.833168,14.925794394538872,206.740543078806,-0.10162352549718
092,2019-06-30 03:37:15,22.71982,113.833038,14.722547343544512,205.49351956241472,-0.2864876571682231
092,2019-06-30 03:37:16,22.719702,113.832977,14.43605968637629,205.7794788417947,-0.1696386043987034
092,2019-06-30 03:37:18,22.719469,113.832855,14.096782477578882,205.04920879431856,-0.1067221678900836
092,2019-06-30 03:37:20,22.719244,113.832741,13.883338141798715,206.4704467521324,-0.2542075258614975
092,2019-06-30 03:37:21,22.719131,113.83268,13.629130615937218,204.7593875787965,-0.2631262070469251
092,2019-06-30 03:37:22,22.719023,113.832626,13.366004408890293,207.73812233994093,0.0683268613982175
092,2019-06-30 03:37:24,22.718809,113.832504,13.502658131686728,209.1896689090448,0.0753586259243235
092,2019-06-30 03:37:26,22.718596,113.832375,13.653375383535376,206.88099707117289,0.1844750357326567
092,2019-06-30 03:37:27,22.718485,113.832314,13.837850419268031,206.88101581899372,0.027612225447605
092,2019-06-30 03:37:28,22.718374,113.832253,13.865462644715636,208.70303540323383,1.247346112620562e-06
092,2019-06-30 03:37:30,22.718155,113.832123,13.865465139407862,206.88107153759,0.1965765434306359
092,2019-06-30 03:37:31,22.718044,113.832062,14.062041682838498,208.0555079757957,0.1133837691062211
092,2019-06-30 03:37:33,22.717819,113.831932,14.28880922105094,209.17489328633573,0.0035299250509677
092,2019-06-30 03:37:34,22.717705,113.83186299999998,14.292339146101908,206.17044983922543,0.008714775879099
092,2019-06-30 03:37:36,22.717476,113.831741,14.309768697860106,208.60945013464075,0.0935000975066238
092,2019-06-30 03:37:37,22.717361,113.831673,14.40326879536673,207.74180578752336,0.0080516672069101
092,2019-06-30 03:37:39,22.717133,113.831543,14.41937212978055,208.9625159822412,-0.179409040715635
092,2019-06-30 03:37:40,22.717018,113.831474,14.239963089064917,208.0843896511305,-0.1297123682687662
092,2019-06-30 03:37:42,22.716795,113.831345,13.980538352527384,206.88130115903783,-0.0012653406663254
092,2019-06-30 03:37:43,22.716684,113.831284,13.979273011861055,210.0542327800546,-0.1791194265061886
092,2019-06-30 03:37:44,22.716574,113.831215,13.800153585354868,207.30374301495632,-0.0677702077618116
092,2019-06-30 03:37:46,22.716356,113.831093,13.664613169831243,207.19703920682093,0.111449233177888
092,2019-06-30 03:37:48,22.716137,113.830971,13.88751163618702,206.3701864711524,0.0994509672635945
092,2019-06-30 03:37:50,22.71591,113.830849,14.08641357071421,206.37022428317957,0.0249191714256866
092,2019-06-30 03:37:52,22.715683,113.830727,14.136251913565584,206.17078491193837,0.0955722056068273
092,2019-06-30 03:37:54,22.715454,113.830605,14.327396324779238,207.43471426552412,0.0124105704881252
092,2019-06-30 03:37:56,22.715223,113.830475,14.352217465755489,206.07217080051691,-0.0247668350008307
092,2019-06-30 03:37:58,22.714993,113.830353,14.302683795753827,205.6842595427381,-0.0166594122151213
092,2019-06-30 03:37:59,22.714876,113.830292,14.286024383538706,206.27028458115436,-0.0863995786300471
092,2019-06-30 03:38:00,22.714762,113.830231,14.19962480490866,204.4789067874519,-0.0230061696647112
092,2019-06-30 03:38:02,22.714529,113.830116,14.153612465579236,202.853483619152,-0.1363633750717703
092,2019-06-30 03:38:03,22.714413,113.830063,14.017249090507466,199.62492064526307,0.2075180521290995
092,2019-06-30 03:38:04,22.714294,113.830017,14.224767142636566,202.1665801269517,-0.0431040603894885
092,2019-06-30 03:38:05,22.714174,113.829964,14.181663082247075,201.15432297711803,-0.023023785731107
092,2019-06-30 03:38:07,22.713938,113.82986499999998,14.135615510784865,199.3990537879913,0.1364281479921318
092,2019-06-30 03:38:09,22.713697,113.829773,14.408471806769128,201.5179083210476,0.3369929921721688
092,2019-06-30 03:38:10,22.713573,113.82972,14.745464798941295,198.7503305645768,-0.0670918128727926
092,2019-06-30 03:38:11,22.713448,113.829674,14.678372986068505,198.7503633377021,0.017552041592328
092,2019-06-30 03:38:13,22.713198,113.829582,14.71347706925316,198.61185219683995,-0.1661934774780729
092,2019-06-30 03:38:14,22.713072,113.829536,14.547283591775086,195.66484236259976,-0.0023260578876156
092,2019-06-30 03:38:16,22.712822,113.82946,14.542631475999857,195.31514178822852,0.1071583799969069
092,2019-06-30 03:38:17,22.712694,113.829422,14.649789855996762,195.5465803111359,0.0714726890595578
092,2019-06-30 03:38:18,22.712568,113.829384,14.72126254505632,195.25837383994377,0.0729557217340515
092,2019-06-30 03:38:20,22.712311,113.829308,14.867173988524424,198.34075357584047,0.1178776784547999
092,2019-06-30 03:38:21,22.712183,113.829262,14.985051666979222,192.2235325213155,-0.1029594725639793
092,2019-06-30 03:38:22,22.712051,113.829231,14.882092194415243,189.19964161253023,-0.0094581877524611
092,2019-06-30 03:38:23,22.711920000000006,113.829208,14.872634006662782,191.84055495723427,0.0949887388749211
092,2019-06-30 03:38:24,22.711788,113.829178,14.967622745537705,192.0766235147472,0.0398147354623548
092,2019-06-30 03:38:26,22.711525,113.829117,15.047252216462413,192.04651581232088,0.2538197719067909
092,2019-06-30 03:38:27,22.711391,113.829086,15.301071988369204,191.7724084586717,0.0690986176500407
092,2019-06-30 03:38:29,22.711121,113.829025,15.439269223669283,191.33944103594595,0.2757791744828122
092,2019-06-30 03:38:30,22.710983,113.828995,15.715048398152096,191.62523845910945,0.1634892333997921
092,2019-06-30 03:38:31,22.710844,113.82896399999998,15.87853763155189,191.1042571491763,-0.2399979787703134
092,2019-06-30 03:38:32,22.710703,113.828934,15.638539652781576,188.8669799798406,0.0089963789061986
092,2019-06-30 03:38:33,22.710567,113.828911,15.647536031687777,191.4647720285411,0.2189270503040905
092,2019-06-30 03:38:34,22.710426,113.82888,15.866463081991864,189.9045821003167,-0.0364495579879591
092,2019-06-30 03:38:36,22.710146,113.828827,15.793563966015949,191.62530759533217,-0.0364444497919045
092,2019-06-30 03:38:37,22.710007,113.828796,15.757119516224042,189.93940541471733,2.656990325533571e-07
092,2019-06-30 03:38:39,22.709728,113.828743,15.757120047622108,191.62534212419132,-0.0364415510378357
092,2019-06-30 03:38:40,22.709589,113.828712,15.720678496584272,189.974471693335,0.0310008839011883
092,2019-06-30 03:38:42,22.709311,113.828659,15.782680264386649,188.49799244432745,0.047336342881552
092,2019-06-30 03:38:43,22.709169,113.82863600000002,15.8300166072682,191.44287872636696,-0.0362848016664711
092,2019-06-30 03:38:45,22.708891,113.828575,15.757447003935258,189.93948482450747,-0.152979477342428
092,2019-06-30 03:38:47,22.708612,113.828522,15.451488049250402,190.5295867752856,-0.2050851650468628
092,2019-06-30 03:38:49,22.708344,113.828468,15.041317719156677,190.49205335069743,-0.1526501714150825
092,2019-06-30 03:38:51,22.70808,113.828415,14.736017376326512,190.7712485627276,-0.2349732113646263
092,2019-06-30 03:38:53,22.707823,113.828362,14.26607095359726,189.70964971551604,-0.1753813497196157
092,2019-06-30 03:38:55,22.707575,113.828316,13.915308254158028,191.538785085157,0.0118561576051954
092,2019-06-30 03:38:57,22.707331,113.828262,13.939020569368418,192.5812527491898,0.0054641301846967
092,2019-06-30 03:38:58,22.707207,113.828232,13.944484699553117,189.86575557389145,-0.1750804433869142
092,2019-06-30 03:38:59,22.707085,113.82820900000002,13.7694042561662,189.8657641970326,0.0794278670413692
092,2019-06-30 03:39:00,22.706963,113.82818600000002,13.84883212320757,191.28567236483076,0.0172225651640527
092,2019-06-30 03:39:02,22.706718,113.828133,13.883277253535676,189.7871466179583,0.0570055370409088
092,2019-06-30 03:39:04,22.706472,113.828087,13.997288327617492,191.31320587911668,0.0434242880914892
092,2019-06-30 03:39:06,22.706223,113.828033,14.084136903800472,192.68034385682827,-0.0795318703833913
092,2019-06-30 03:39:07,22.7061,113.828003,14.00460503341708,191.1966771436259,0.0884930586414984
092,2019-06-30 03:39:09,22.705853,113.82795,14.181591150700076,192.78746595875933,0.1224070652236006
092,2019-06-30 03:39:11,22.705601,113.827888,14.42640528114728,190.81252485367963,0.0455533578969982
092,2019-06-30 03:39:13,22.705345,113.827835,14.517511996941275,190.77145867836305,0.1116342303600017
092,2019-06-30 03:39:15,22.705088,113.827782,14.74078045766128,190.68574712971636,0.0673663038618572
092,2019-06-30 03:39:17,22.704824,113.827728,14.875513065384991,189.20011891779177,0.1764948331729332
092,2019-06-30 03:39:18,22.704693,113.827705,15.052007898557926,190.30151663950335,0.1826086970208535
092,2019-06-30 03:39:20,22.704424,113.827652,15.417225292599634,188.5576735222864,0.4128099136635264
092,2019-06-30 03:39:21,22.704283,113.827629,15.83003520626316,191.40333744954827,0.0456789322083031
092,2019-06-30 03:39:23,22.704004,113.827568,15.921393070679766,189.76823638693256,0.0454639517729873
092,2019-06-30 03:39:25,22.70372,113.827515,16.01232097422574,191.46533017040116,-0.0729210098554737
092,2019-06-30 03:39:26,22.703579,113.827484,15.939399964370269,189.83619589858995,-0.0235065405134582
092,2019-06-30 03:39:28,22.703297,113.827431,15.89238688334335,188.55774290999605,0.0176017302211022
092,2019-06-30 03:39:29,22.703156,113.827408,15.909988613564453,188.49836886692952,-0.2335793650577322
092,2019-06-30 03:39:30,22.703014000000003,113.827385,15.67640924850672,185.8734081710783,-0.0204030791871261
092,2019-06-30 03:39:32,22.702736,113.827354,15.635603090132468,188.19086101217417,0.1635592713570322
092,2019-06-30 03:39:33,22.702595,113.827332,15.7991623614895,185.9761445567012,0.0467299246962351
092,2019-06-30 03:39:34,22.702454,113.827316,15.845892286185736,184.2577736820669,-0.0127585770954272
092,2019-06-30 03:39:36,22.702169,113.827293,15.82037513199488,185.60511550016415,-0.0774616415518139
092,2019-06-30 03:39:38,22.701887,113.827263,15.665451848891252,182.8293186712268,-0.0125680262453631
092,2019-06-30 03:39:40,22.701607,113.827248,15.640315796400529,185.9761873564783,0.2958508467332486
092,2019-06-30 03:39:41,22.701466,113.827232,15.936166643133776,182.7508575259548,0.0433815497684859
092,2019-06-30 03:39:43,22.701178,113.827217,16.022929742670748,181.46793416497147,-0.0795601040776725
092,2019-06-30 03:39:45,22.70089,113.827209,15.863809534515402,176.98237898375396,-0.4350766620813502
092,2019-06-30 03:39:46,22.70075,113.827217,15.428732872434052,178.46826773472333,-0.0221679178860751
092,2019-06-30 03:39:48,22.700474,113.827225,15.384397036661902,180.0,-0.0309275397152344
092,2019-06-30 03:39:49,22.700335,113.827225,15.353469496946667,177.11929256367011,0.0740889792452463
092,2019-06-30 03:39:51,22.70006,113.82724,15.50164745543716,180.0,0.4815888415199829
092,2019-06-30 03:39:52,22.699917000000006,113.82724,15.983236296957145,177.24911141155167,0.1166199836649033
092,2019-06-30 03:39:54,22.699629,113.827255,16.21647626428695,177.1643181145738,0.1497660438425114
092,2019-06-30 03:39:55,22.69948,113.827263,16.36624230812946,177.08622233115182,-0.1168129724147597
092,2019-06-30 03:39:56,22.699335,113.827271,16.2494293357147,174.5855680105276,-0.0633497811702401
092,2019-06-30 03:39:58,22.699043,113.827301,16.12272977337422,174.3947631487381,-0.3638254167743948
092,2019-06-30 03:39:59,22.698902,113.827316,15.758904356599826,174.0236954727635,-0.0456807860651888
092,2019-06-30 03:40:00,22.698761,113.827332,15.713223570534636,172.86353249118451,0.0517009144486166
092,2019-06-30 03:40:02,22.698481,113.82737,15.81662539943187,171.55991741481955,-0.0033203317746242
092,2019-06-30 03:40:03,22.698338,113.827393,15.813305067657248,171.5365679066582,-0.0626015359624325
092,2019-06-30 03:40:05,22.698059,113.827438,15.688101995732382,172.67770604765042,0.0275226726871204
092,2019-06-30 03:40:07,22.697779,113.827477,15.743147341106624,171.8088465631581,0.0008524490938288
092,2019-06-30 03:40:08,22.697638,113.827499,15.743999790200451,173.98126473651382,0.0358873716022039
092,2019-06-30 03:40:09,22.697498,113.827515,15.779887161802655,171.6252699863128,-0.0734261403569469
092,2019-06-30 03:40:11,22.697216,113.82756,15.63303488108876,172.54601230540015,-0.1497192478843256
092,2019-06-30 03:40:13,22.696941,113.827599,15.33359638532011,172.65579961252377,-0.033954973493615
092,2019-06-30 03:40:15,22.696669,113.827637,15.26568643833288,171.13212574812837,-0.1101438504218581
092,2019-06-30 03:40:16,22.696533,113.82766,15.155542587911022,172.5747813444343,-0.0994355088133351
092,2019-06-30 03:40:18,22.696264000000006,113.827698,14.956671570284351,180.0,0.0188231052825251
092,2019-06-30 03:40:19,22.696131,113.827698,14.975494675566877,174.1899508094026,0.4024423483130306
092,2019-06-30 03:40:20,22.695995,113.827713,15.377937023879907,172.7610504119565,0.1554489513272985
092,2019-06-30 03:40:22,22.695719,113.827751,15.688834926534504,172.96287639998332,0.0822508037428404
092,2019-06-30 03:40:24,22.695435,113.827789,15.853336534020183,171.41176145368502,-0.0174797523705327
092,2019-06-30 03:40:26,22.695154,113.827835,15.81837702927912,171.4417558648939,0.0940451222460545
092,2019-06-30 03:40:27,22.695013,113.827858,15.912422151525174,168.89449106984603,4.778711719666262e-07
092,2019-06-30 03:40:28,22.694872,113.827888,15.912422629396346,171.44173851471987,-0.2171310192275655
092,2019-06-30 03:40:29,22.694731,113.827911,15.69529161016878,173.93815810157764,-0.1358091480942693
092,2019-06-30 03:40:30,22.694592,113.827927,15.559482462074511,171.4761250296899,0.0233041447749382
092,2019-06-30 03:40:32,22.694315,113.827972,15.606090751624388,174.1678866815364,0.0202338429306259
092,2019-06-30 03:40:34,22.694035,113.828003,15.64655843748564,174.35477843218166,-0.0455039229869331
092,2019-06-30 03:40:35,22.693895,113.828018,15.601054514498706,177.17051652490647,0.0164822825131576
092,2019-06-30 03:40:37,22.693615,113.828033,15.634019079525022,178.50076463744176,0.0639308861212253
092,2019-06-30 03:40:39,22.693333,113.82804099999998,15.761880851767472,181.48346411131223,0.0551095009804685
092,2019-06-30 03:40:41,22.693048,113.828033,15.87209985372841,182.58580897363143,-0.1600888831530813
092,2019-06-30 03:40:42,22.692905,113.828026,15.712010970575328,184.3338190307292,-0.0142866348471208
092,2019-06-30 03:40:44,22.692625,113.828003,15.683437700881086,188.55839976294064,0.1715978312959176
092,2019-06-30 03:40:45,22.692484,113.82798,15.855035532177004,188.558417218641,-0.0273041927866444
092,2019-06-30 03:40:47,22.692202,113.827934,15.800427146603717,189.9406718228858,-0.0649877615383456
092,2019-06-30 03:40:49,22.691923000000006,113.827881,15.670451623527024,190.2321415139303,-0.0031854814395027
092,2019-06-30 03:40:51,22.691647,113.827827,15.664080660648018,194.25432384309843,-0.0830753315087857
092,2019-06-30 03:40:52,22.691509,113.827789,15.581005329139233,194.60959991168352,-0.0538161685846976
092,2019-06-30 03:40:54,22.69124,113.827713,15.473372991969836,194.5578064383923,0.0047528723571534
092,2019-06-30 03:40:55,22.691105,113.827675,15.47812586432699,197.7602011020594,-0.0681582794741277
092,2019-06-30 03:40:57,22.69084,113.827583,15.341809305378735,199.49506036951388,-0.0947212701008917
092,2019-06-30 03:40:59,22.690582,113.827484,15.152366765176952,201.2101770106761,-0.4202558463782964
092,2019-06-30 03:41:00,22.690456,113.827431,14.732110918798655,203.84931804859332,-0.1022612631884101
092,2019-06-30 03:41:02,22.690216,113.827316,14.527588392421835,202.17010003524223,0.0408768448829341
092,2019-06-30 03:41:03,22.690096,113.827263,14.56846523730477,205.12616498749856,0.0186687229515154
092,2019-06-30 03:41:04,22.689976,113.827202,14.587133960256285,205.68834769208848,-0.4876800747993197
092,2019-06-30 03:41:05,22.689859,113.827141,14.099453885456963,205.05141331459,-0.1399377028775363
092,2019-06-30 03:41:07,22.689632,113.827026,13.819578479701892,205.25081203030868,-0.1098983933815125
092,2019-06-30 03:41:09,22.689409,113.826912,13.599781692938867,203.96660039032616,0.0480112201408466
092,2019-06-30 03:41:10,22.689299,113.826859,13.647792913079714,205.3451515953311,0.067313762205357
092,2019-06-30 03:41:12,22.689075,113.826744,13.782420437490428,203.21613264270363,0.0337039197930852
092,2019-06-30 03:41:13,22.688961,113.826691,13.816124357283512,205.2466113064849,0.0017352393338612
092,2019-06-30 03:41:15,22.688736,113.826576,13.819594835951236,205.0541412649544,0.0636615202958461
092,2019-06-30 03:41:17,22.688511,113.826462,13.946917876542928,206.37478600985105,0.0556675555073384
092,2019-06-30 03:41:19,22.688284,113.82634,14.058252987557603,204.8594118765192,0.0373799158303738
092,2019-06-30 03:41:21,22.688055,113.826225,14.133012819218353,205.881295371975,-0.0213801642380655
092,2019-06-30 03:41:22,22.687939,113.826164,14.111632654980289,203.03556349714324,-0.2020899476100783
092,2019-06-30 03:41:23,22.687824,113.826111,13.909542707370209,206.67947769399555,-0.0214460123224728
092,2019-06-30 03:41:24,22.687712,113.82605,13.888096695047736,206.88620823981887,-0.2146427014887724
092,2019-06-30 03:41:25,22.687601,113.825989,13.673453993558963,207.4162138451877,-0.0539432744715178
092,2019-06-30 03:41:27,22.687384,113.825867,13.565567444615928,204.17264328749027,0.2663676497573135
092,2019-06-30 03:41:28,22.687273,113.82581299999998,13.83193509437324,206.57733609997285,0.0427317699844396
092,2019-06-30 03:41:30,22.687048,113.825691,13.91739863434212,203.21643965451585,0.1340021370675987
092,2019-06-30 03:41:31,22.686934,113.82563799999998,14.05140077140972,206.17554574254072,0.0926142720044174
092,2019-06-30 03:41:33,22.686705,113.825516,14.236629315418554,205.9788678198155,0.0750026246217858
092,2019-06-30 03:41:35,22.686474,113.825394,14.386634564662126,205.59362234043311,2.294202849029148e-06
092,2019-06-30 03:41:37,22.686239,113.825272,14.386639153067824,205.9789445351633,-0.2177475669024913
092,2019-06-30 03:41:39,22.686008,113.82515,13.95114401926284,200.753631963826,-0.3006456594236706
092,2019-06-30 03:41:40,22.685896,113.825104,13.65049835983917,205.247105605664,0.157551204246932
092,2019-06-30 03:41:42,22.685671,113.824989,13.965600768333037,206.0770301334003,-0.0144469451649626
092,2019-06-30 03:41:43,22.685556,113.824928,13.951153823168072,203.41222252997449,-0.0866810041339851
092,2019-06-30 03:41:45,22.685328,113.824821,13.777791814900102,203.3080990337932,0.0965692553635717
092,2019-06-30 03:41:47,22.685101,113.824715,13.970930325627243,205.68914381481173,-0.0396932372408027
092,2019-06-30 03:41:48,22.684984,113.824654,13.931237088386442,204.3673111301936,-0.3505720070187141
092,2019-06-30 03:41:49,22.684874,113.8246,13.580665081367728,205.35107612148408,0.0817802223179704
092,2019-06-30 03:41:51,22.684652,113.824486,13.74422552600367,205.24730621185395,0.0377238934586561
092,2019-06-30 03:41:53,22.684427,113.824371,13.81967331292098,205.054832295759,0.0330741981343019
092,2019-06-30 03:41:55,22.684202,113.824257,13.885821709189583,203.14055025214972,0.0456221896996416
092,2019-06-30 03:41:57,22.683971,113.82415,13.977066088588868,202.85805856596923,0.2175886961631992
092,2019-06-30 03:41:58,22.683855,113.824097,14.194654784752068,201.0286012776873,0.0847661691034931
092,2019-06-30 03:42:00,22.683615,113.823997,14.364187122959054,200.60096495572245,0.0775190190150789
092,2019-06-30 03:42:02,22.683372,113.823898,14.519225160989212,198.6337995620638,0.109354877927581
092,2019-06-30 03:42:04,22.683123,113.823807,14.737934916844374,195.3957232890063,0.1035396386159144
092,2019-06-30 03:42:06,22.682865,113.82373,14.945014194076204,194.98348067091925,0.0820115026310368
092,2019-06-30 03:42:07,22.682734,113.823692,15.02702569670724,192.0346920957792,0.0185346841771307
092,2019-06-30 03:42:09,22.68247,113.823631,15.0640950650615,188.77424808722412,0.0230058727957365
092,2019-06-30 03:42:11,22.682201,113.823586,15.110106810652974,187.6191404851216,-0.0847735274983394
092,2019-06-30 03:42:13,22.681932,113.823547,14.940559755656295,186.03082251243,-0.0051602208187144
092,2019-06-30 03:42:14,22.681801,113.823532,14.93539953483758,182.92354851039445,0.0482543335703145
092,2019-06-30 03:42:16,22.68153,113.823517,15.03190820197821,183.15291605828452,0.0546398531865079
092,2019-06-30 03:42:17,22.681396,113.823509,15.086548055164718,182.69912112958545,-0.1656811906938955
092,2019-06-30 03:42:18,22.681259,113.823502,14.920866864470822,183.18854553717648,-0.0423914242844372
092,2019-06-30 03:42:20,22.680994,113.82348600000002,14.836084015901948,180.0,0.0640361543225704
092,2019-06-30 03:42:21,22.680859,113.82348600000002,14.900120170224518,180.0,0.0285025068199589
092,2019-06-30 03:42:23,22.680592,113.82348600000002,14.957125183864436,178.43979150762414,0.0051114012563546
092,2019-06-30 03:42:25,22.680321,113.823494,14.967347986377144,177.0326988168938,-0.0106784289135726
092,2019-06-30 03:42:27,22.680054,113.823509,14.94599112855,180.0,0.1419346517798949
092,2019-06-30 03:42:28,22.679918,113.823509,15.087925780329895,178.43978383651586,-0.0185294306870584
092,2019-06-30 03:42:30,22.679647,113.823517,15.050866918955778,180.0,0.075905850459117
092,2019-06-30 03:42:31,22.679512,113.823517,15.126772769414895,177.30084182982796,-0.0764886570785456
092,2019-06-30 03:42:32,22.679375,113.823524,15.05028411233635,180.0,0.009012820798814
092,2019-06-30 03:42:34,22.679106,113.823524,15.068309753933978,178.451199218248,0.0283374785992949
092,2019-06-30 03:42:36,22.678833,113.823532,15.124984711132567,180.0,-0.0524841201392973
092,2019-06-30 03:42:37,22.678698,113.823532,15.07250059099327,176.89329477105343,0.1111540146147067
092,2019-06-30 03:42:38,22.678562,113.82354,15.183654605607977,180.0,0.0871153203850809
092,2019-06-30 03:42:39,22.678425,113.82354,15.270769925993058,180.0,0.0236917500535618
092,2019-06-30 03:42:41,22.67815,113.82354,15.31815342610018,178.65943845936067,0.0513673569922064
092,2019-06-30 03:42:43,22.677874,113.823547,15.420888140084594,180.0,-0.1501182143273087
092,2019-06-30 03:42:44,22.677734,113.823547,15.270769925757286,180.0,-0.1111949264947869
092,2019-06-30 03:42:46,22.677462,113.823547,15.048380072767712,180.0,-0.4792754962488494
092,2019-06-30 03:42:47,22.677328,113.823547,14.569104576518862,178.36750340738388,-0.1495444953146574
092,2019-06-30 03:42:49,22.677069,113.823555,14.270015585889547,183.3527667758817,-0.4791304739599695
092,2019-06-30 03:42:50,22.676943,113.823547,13.790885111929578,180.0,-0.0754870550106705
092,2019-06-30 03:42:52,22.676697,113.823547,13.639911001908237,180.0,-0.0679236495135526
092,2019-06-30 03:42:53,22.676575,113.823547,13.571987352394684,176.53755730443436,-0.1887342641591498
092,2019-06-30 03:42:54,22.676453,113.823555,13.383253088235534,180.0,-0.006031579703424
092,2019-06-30 03:42:56,22.676214,113.823555,13.371189928828686,180.0,0.0972955608450343
092,2019-06-30 03:42:58,22.675972,113.823555,13.565781050518757,180.0,0.138993658368995
092,2019-06-30 03:43:00,22.675726,113.823555,13.843768367256745,180.0,0.1111949267305645
092,2019-06-30 03:43:02,22.675474,113.823555,14.066158220717874,180.0,0.0277987316679038
092,2019-06-30 03:43:04,22.67522,113.823555,14.121755684053682,180.0,0.055597462952674
092,2019-06-30 03:43:05,22.675093,113.823555,14.177353147006356,180.0,0.1297274143421578
092,2019-06-30 03:43:06,22.674965,113.823555,14.307080561348512,180.0,0.0198370408776371
092,2019-06-30 03:43:08,22.674707,113.823555,14.346754643103788,183.27502354433935,0.0588355414252941
092,2019-06-30 03:43:09,22.674578,113.823547,14.405590184529082,180.0,0.1609452059752971
092,2019-06-30 03:43:10,22.674448,113.823547,14.56653539050438,180.0,0.0370649755768539
092,2019-06-30 03:43:12,22.674185,113.823547,14.640665341658089,180.0,-1.1788614528995822e-10
092,2019-06-30 03:43:13,22.674053,113.823547,14.6406653415402,180.0,-5.894396082339881e-11
092,2019-06-30 03:43:15,22.67379,113.823547,14.640665341422311,180.0,-1.1788614528995822e-10
092,2019-06-30 03:43:16,22.673658,113.823547,14.640665341304429,180.0,-0.0363423231937254
092,2019-06-30 03:43:18,22.673395000000006,113.823547,14.567980694916976,178.37995980840947,0.0277959870863853
092,2019-06-30 03:43:20,22.673134,113.823555,14.623572669089748,180.0,0.082676287261048
092,2019-06-30 03:43:22,22.672869,113.823555,14.788925243611844,180.0,-0.0715864760976696
092,2019-06-30 03:43:23,22.672735,113.823555,14.717338767514171,178.39226525657864,-0.0383367129280429
092,2019-06-30 03:43:25,22.672472,113.823563,14.640665341658089,183.20079987085964,0.1583802755411465
092,2019-06-30 03:43:26,22.67234,113.823555,14.799045617199234,181.58366579050065,0.0651418155373182
092,2019-06-30 03:43:28,22.672073,113.823547,14.92932924827387,180.0,0.0607689775364344
092,2019-06-30 03:43:30,22.671803,113.823547,15.05086720334674,176.89313887868684,-0.0370588256164587
092,2019-06-30 03:43:31,22.671667000000006,113.823555,15.01380837773028,180.0,-0.0197791279991967
092,2019-06-30 03:43:33,22.671398,113.823555,14.974250121731886,180.0,0.1482599020716435
092,2019-06-30 03:43:34,22.671263,113.823555,15.12251002380353,180.0,-5.894396082339881e-11
092,2019-06-30 03:43:36,22.67099,113.823555,15.122510023685642,180.0,-0.0741299512715922
092,2019-06-30 03:43:37,22.670855,113.823555,15.04838007241405,180.0,-0.0185324877294839
092,2019-06-30 03:43:39,22.670584,113.823555,15.011315096955082,180.0,-0.1482599021895314
092,2019-06-30 03:43:40,22.67045,113.823555,14.86305519476555,180.0,-0.0543288758569113
092,2019-06-30 03:43:42,22.670183,113.823555,14.754397443051728,176.77476424235135,-0.1265059205235683
092,2019-06-30 03:43:43,22.670052,113.823563,14.62789152252816,180.0,-0.172551058636456
092,2019-06-30 03:43:44,22.66992,113.823563,14.455340463891703,180.0,-0.055597463424224
092,2019-06-30 03:43:46,22.669662,113.823563,14.344145537043255,180.0,-0.2223898532253478
092,2019-06-30 03:43:47,22.669533,113.823563,14.121755683817907,180.0,-0.0555974631884517
092,2019-06-30 03:43:49,22.669281,113.823563,14.010560757441004,180.0,0.0370649754000229
092,2019-06-30 03:43:51,22.669029,113.823563,14.08469070824105,180.0,0.1853248776484974
092,2019-06-30 03:43:52,22.668901,113.823563,14.270015585889547,180.0,0.0370649756505336
092,2019-06-30 03:43:54,22.668644,113.823563,14.344145537190617,180.0,0.0980196475580612
092,2019-06-30 03:43:56,22.668385,113.823563,14.540184832306736,181.601698795518,0.0555919707259793
092,2019-06-30 03:43:58,22.668121,113.823555,14.651368773758696,180.0,-0.014617960003461
092,2019-06-30 03:44:00,22.667858,113.823555,14.622132853751774,180.0,0.0105445127191527
092,2019-06-30 03:44:02,22.667595,113.823555,14.64322187919008,183.2009134317416,0.206973471423888
092,2019-06-30 03:44:03,22.667463,113.823547,14.850195350613967,180.0,0.1259685717375998
092,2019-06-30 03:44:04,22.667328,113.823547,14.976163922351567,181.3755412296074,0.0034360308082908
092,2019-06-30 03:44:06,22.667059,113.82354,14.983035983968149,183.12993732903777,0.1599203224449201
092,2019-06-30 03:44:07,22.666924,113.823532,15.142956306413067,182.9024816624197,0.0185075462184167
092,2019-06-30 03:44:09,22.666651,113.823517,15.179971398849904,183.1069775893795,0.1547966751218901
092,2019-06-30 03:44:10,22.666515,113.823509,15.334768073971793,185.6867033429473,-0.0554319350563119
092,2019-06-30 03:44:11,22.666376,113.823494,15.27933613891548,183.12995287483284,0.0281975875807578
092,2019-06-30 03:44:12,22.666241,113.82348600000002,15.30753372649624,184.38142255056675,0.062582986081777
092,2019-06-30 03:44:14,22.665964,113.823463,15.432699698659793,185.7276668948503,-0.005403006290459
092,2019-06-30 03:44:16,22.665688,113.823433,15.421893686078874,185.7276725816082,0.0034512685943823
092,2019-06-30 03:44:17,22.66555,113.823418,15.425344954673257,185.9172737952289,8.060665024345327e-08
092,2019-06-30 03:44:19,22.665274,113.823387,15.425345115886556,185.72768975450737,-0.1474788996997968
092,2019-06-30 03:44:20,22.665136,113.823372,15.27786621618676,186.0036793327487,0.0152986526607374
092,2019-06-30 03:44:22,22.664864,113.823341,15.308463521508235,188.74335048247937,0.0307273314946989
092,2019-06-30 03:44:23,22.664726,113.823318,15.339190853002934,187.34590743538425,-0.047531110018987
092,2019-06-30 03:44:25,22.664454,113.82328,15.24412863296496,188.71161708721252,-0.0268541107306363
092,2019-06-30 03:44:27,22.664183,113.823235,15.190420411503688,189.0001778542327,-0.0228416284444019
092,2019-06-30 03:44:28,22.664049,113.823212,15.167578783059286,190.4946498418016,-0.0182500743097779
092,2019-06-30 03:44:30,22.66378,113.823158,15.13107863443973,189.06675452362543,-0.407396487528544
092,2019-06-30 03:44:31,22.663647,113.823135,14.723682146911186,190.73386906941656,-0.1511573978243623
092,2019-06-30 03:44:33,22.663389,113.823082,14.42136735126246,192.68909982617632,-0.2719824443617069
092,2019-06-30 03:44:35,22.663139,113.823021,13.877402462539049,191.61232813684197,-0.2143322674285137
092,2019-06-30 03:44:37,22.662901,113.822968,13.44873792768202,190.1965129971165,-0.0077297716873676
092,2019-06-30 03:44:38,22.662783,113.822945,13.441008155994652,190.07117678682027,0.036492467777859
092,2019-06-30 03:44:40,22.662544,113.822899,13.51399309155037,190.0300758138845,0.2257947647901659
092,2019-06-30 03:44:41,22.662424,113.822876,13.739787856340536,191.33431780009957,-0.0238106476596406
092,2019-06-30 03:44:43,22.66218,113.822823,13.692166561021256,190.0301106010956,-0.034335806544818
092,2019-06-30 03:44:45,22.66194,113.822777,13.62349494793162,189.868950085468,0.225497816685376
092,2019-06-30 03:44:46,22.661818,113.822754,13.848992764616996,191.2892943627489,-0.0101091017415528
092,2019-06-30 03:44:48,22.661573,113.822701,13.828774561133889,189.86898469418375,-0.0296177533089743
092,2019-06-30 03:44:50,22.661329,113.822655,13.76953905451594,189.86899316788455,-0.2190446551144873
092,2019-06-30 03:44:51,22.661207,113.822632,13.550494399401453,190.1127347402604,-0.0690567489984745
092,2019-06-30 03:44:53,22.660969,113.82258600000002,13.412380901404504,193.31225232418532,-0.0670161821154433
092,2019-06-30 03:44:54,22.660852,113.822556,13.34536471928906,190.1966620531278,-0.013803498920156
092,2019-06-30 03:44:55,22.660734,113.822533,13.331561220368904,190.19667935853332,0.0136805609394592
092,2019-06-30 03:44:57,22.660498,113.822487,13.358922342247824,190.1545696956739,-0.0096277251856138
092,2019-06-30 03:44:59,22.660261,113.822441,13.339666891876597,193.42294332802325,-0.2180540451814465
092,2019-06-30 03:45:00,22.660145,113.82241100000002,13.121612846695148,190.41265186244263,-0.0044337876580833
092,2019-06-30 03:45:02,22.659914,113.822365,13.112745271378982,190.3252205997444,0.0031165478175285
092,2019-06-30 03:45:04,22.659681,113.822319,13.11897836701404,192.0049989417912,-0.0213449163808405
092,2019-06-30 03:45:06,22.659451,113.82226599999998,13.076288534252358,187.1925049744597,-0.1093526106420004
092,2019-06-30 03:45:07,22.659334,113.82225,12.966935923610356,192.15899358732204,0.0487516036668109
092,2019-06-30 03:45:09,22.659107,113.822197,13.06443913094398,190.2820981714964,0.1198844126820812
092,2019-06-30 03:45:11,22.658873,113.822151,13.304207956308142,190.15468743048223,0.0301588654202946
092,2019-06-30 03:45:13,22.658636,113.822105,13.364525687148731,191.75684424277028,-0.0124259613513268
092,2019-06-30 03:45:15,22.658401,113.822052,13.339673764446076,190.19684032926767,0.2838324416821578
092,2019-06-30 03:45:16,22.658283,113.822029,13.623506206128235,189.869216630768,0.0708344837291736
092,2019-06-30 03:45:18,22.658039,113.821983,13.765175173586584,189.65877048905665,0.0723515746932204
092,2019-06-30 03:45:20,22.657795,113.821938,13.909878322973023,189.56181017024124,0.022726948294899
092,2019-06-30 03:45:21,22.657669,113.821915,13.932605271267922,186.9007212401574,-0.0072756797606743
092,2019-06-30 03:45:22,22.657547,113.821899,13.925329591507248,189.153288367886,0.1101085798975471
092,2019-06-30 03:45:23,22.657421,113.821877,14.035438171404795,186.79047923734964,-0.0353097361983127
092,2019-06-30 03:45:24,22.657297,113.821861,14.000128435206484,184.8144475954979,0.0347544178135708
092,2019-06-30 03:45:26,22.657045,113.821838,14.069637270833624,180.0,0.1122642143770633
092,2019-06-30 03:45:27,22.656918,113.821838,14.181901485210687,182.88910662452932,-0.0137878862021736
092,2019-06-30 03:45:28,22.65679,113.821831,14.168113599008514,181.66486346440425,-0.1144983299291952
092,2019-06-30 03:45:30,22.656536,113.821823,13.939116939150123,180.0,-0.2621409617239756
092,2019-06-30 03:45:31,22.656414,113.821823,13.676975977426148,180.0,-0.2496487616457177
092,2019-06-30 03:45:32,22.65629,113.821823,13.42732721578043,176.6713246040688,-0.1581661064344111
092,2019-06-30 03:45:34,22.656052,113.821838,13.110995002911608,171.1443222351519,-0.1134258013131264
092,2019-06-30 03:45:36,22.655821,113.821877,12.884143400285357,171.21815629758655,-0.0699913815700385
092,2019-06-30 03:45:38,22.655594,113.821915,12.744160637145278,169.54273367367887,-0.0442372460960935
092,2019-06-30 03:45:40,22.655369,113.82196,12.65568614495309,167.29288075177078,-0.0817314944231437
092,2019-06-30 03:45:42,22.655148,113.822014,12.492223156106803,165.49340627898653,-0.4089619362472394
092,2019-06-30 03:45:43,22.655041,113.822044,12.083261219859564,164.85618945991894,-0.250519090726871
092,2019-06-30 03:45:45,22.654833,113.822105,11.582223038405822,161.5624793639597,-0.1993375288141816
092,2019-06-30 03:45:47,22.65464200000001,113.822174,11.183547980777458,163.73928716371324,0.0929434915604243
092,2019-06-30 03:45:49,22.654449,113.822235,11.369434963898309,162.17232089481217,0.1588402181590344
092,2019-06-30 03:45:51,22.654251,113.822304,11.687115400216376,158.6191102642647,0.0347256446651984
092,2019-06-30 03:45:53,22.654053,113.822388,11.756566689546773,156.60741574597807,0.2504544041777468
092,2019-06-30 03:45:54,22.653957,113.822433,12.00702109372452,153.2610147553521,0.2108804417738028
092,2019-06-30 03:45:56,22.653761,113.82254,12.428781977272124,150.3763477573649,0.1657659517576233
092,2019-06-30 03:45:58,22.653563,113.822662,12.760313880787372,151.1056371997409,0.4454541730751309
092,2019-06-30 03:45:59,22.653461,113.822723,13.205768053862505,148.27476094311328,0.2413053626883776
092,2019-06-30 03:46:00,22.653358,113.822792,13.44707341655088,148.46079359103453,0.1070065387649803
092,2019-06-30 03:46:02,22.653152,113.822929,13.66108649408084,142.4929571456263,0.2804545085051764
092,2019-06-30 03:46:03,22.653051,113.823013,13.941541002586018,144.8712142346734,0.3928276655797607
092,2019-06-30 03:46:04,22.65295,113.82309,14.334368668165778,142.1727425376044,0.0194219660660879
092,2019-06-30 03:46:06,22.652742,113.823265,14.373212600297954,145.74736898090248,0.1651222186407022
092,2019-06-30 03:46:07,22.652639,113.823341,14.538334818938656,140.9255382952918,0.3066577917580533
092,2019-06-30 03:46:09,22.652431,113.823524,15.151650402454765,135.64653713022085,0.6344079484267606
092,2019-06-30 03:46:10,22.65233,113.823631,15.786058350881524,136.20795394829906,0.1938516440293174
092,2019-06-30 03:46:11,22.652227,113.823738,15.97990999491084,135.00668361716066,0.1227740122683851
092,2019-06-30 03:46:13,22.652023,113.823959,16.22545801944761,134.69358282889522,0.4819152106202544
092,2019-06-30 03:46:14,22.651918,113.824074,16.707373230067866,135.4924240862104,0.2413454223653293
092,2019-06-30 03:46:16,22.651703,113.824303,17.190064074798524,134.72141843574002,0.1115002865596253
092,2019-06-30 03:46:18,22.65148,113.824547,17.413064647917775,136.5348888195552,0.0527940019541226
092,2019-06-30 03:46:19,22.651369,113.824661,17.465858649871898,134.9771305799652,0.010342815752157
092,2019-06-30 03:46:21,22.651144,113.824905,17.48654428137621,140.076132277539,-0.2366820995068863
092,2019-06-30 03:46:22,22.651026,113.82501200000002,17.249862181869325,137.2970519905499,0.1560278080767183
092,2019-06-30 03:46:23,22.650911,113.825127,17.405889989946044,135.93189023087064,-0.0934558955258584
092,2019-06-30 03:46:25,22.650686,113.825363,17.218978198894327,135.50030844182407,0.0681308422177764
092,2019-06-30 03:46:26,22.650578,113.825478,17.287109041112103,135.1040423319497,-0.1476401639291182
092,2019-06-30 03:46:27,22.650465,113.8256,17.139468877182985,135.75731686098652,-0.1751741284914967
092,2019-06-30 03:46:29,22.650248,113.825829,16.78912062019999,135.48392735392054,-0.1320442140666315
092,2019-06-30 03:46:30,22.650141,113.825943,16.65707640613336,135.0895246560516,-0.0262656591611616
092,2019-06-30 03:46:32,22.649929,113.826172,16.604545087811037,134.9433417961946,-0.5716269277116126
092,2019-06-30 03:46:33,22.649824,113.826286,16.032918160099424,135.9281018150118,-0.110030459406075
092,2019-06-30 03:46:35,22.64962,113.8265,15.812857241287274,136.20738900652293,0.0534359809999038
092,2019-06-30 03:46:36,22.649517000000003,113.826607,15.866293222287178,136.2073675386914,-0.1881278435614106
092,2019-06-30 03:46:37,22.649414,113.826714,15.678165378725769,137.2966897468389,-0.1201513702634162
092,2019-06-30 03:46:39,22.649208,113.82692,15.437862638198936,137.86732006935938,-0.1282171766942568
092,2019-06-30 03:46:40,22.649107,113.827019,15.309645461504678,138.97198971516275,-0.1844047772706023
092,2019-06-30 03:46:41,22.649002,113.827118,15.125240684234075,140.80750914337938,0.1181268672472928
092,2019-06-30 03:46:42,22.648899,113.827209,15.243367551481368,139.2219879004331,0.1239359401560111
092,2019-06-30 03:46:43,22.648792,113.827309,15.36730349163738,141.84948107883667,-0.0375841761666677
092,2019-06-30 03:46:45,22.648577,113.827492,15.292135139304044,142.88887118758225,0.0324307837914208
092,2019-06-30 03:46:46,22.648466,113.827583,15.324565923095465,143.68528185949663,2.199974175276509e-06
092,2019-06-30 03:46:48,22.648245000000006,113.827759,15.324570323043815,142.8888045399998,-0.4062097009807495
092,2019-06-30 03:46:49,22.648134,113.82785,14.918360622063066,146.6556868665225,-0.1823217798166005
092,2019-06-30 03:46:50,22.648026,113.827927,14.736038842246463,146.60685510699636,0.0216253897369602
092,2019-06-30 03:46:52,22.647802,113.828087,14.779289621720386,147.47706299894833,-0.13199281896898
092,2019-06-30 03:46:53,22.647692000000006,113.828163,14.647296802751406,148.17190224415492,-0.3949143604252292
092,2019-06-30 03:46:54,22.647579,113.828239,14.252382442326176,152.89729865425818,-0.4196872854499993
092,2019-06-30 03:46:55,22.647469,113.8283,13.832695156876175,154.8446023262195,-0.1070521491887941
092,2019-06-30 03:46:57,22.647243,113.828415,13.618590858498589,155.72881522036857,-0.035415620422305
092,2019-06-30 03:46:59,22.647024,113.828522,13.54775961765398,153.31368548165835,-0.0335520660074308
092,2019-06-30 03:47:00,22.646912,113.828583,13.514207551646548,155.63035344012394,-0.2762028900140931
092,2019-06-30 03:47:02,22.646694,113.82869,12.961801771618362,153.70710838402692,-0.4959122024659077
092,2019-06-30 03:47:03,22.646595,113.828743,12.465889569152454,150.3750834771023,-0.549135179419995
092,2019-06-30 03:47:04,22.646496,113.828804,11.91675438973246,149.55433440802256,-0.2364110574952409
092,2019-06-30 03:47:06,22.646317,113.828918,11.443932274741975,150.47603929771782,0.0780724347658115
092,2019-06-30 03:47:07,22.646229,113.828972,11.522004709507788,147.97313531814706,0.2507274844068163
092,2019-06-30 03:47:08,22.646139,113.829033,11.772732193914605,147.82941197726632,0.1879808035114507
092,2019-06-30 03:47:10,22.64596,113.829155,12.148693800937506,147.86485131996068,0.1531198749001134
092,2019-06-30 03:47:12,22.645769,113.829285,12.454933550737731,145.40821024160164,-0.4100298753806708
092,2019-06-30 03:47:13,22.645678,113.829353,12.044903675357062,147.97303196935718,-0.8081046925223614
092,2019-06-30 03:47:14,22.645588,113.829414,11.2367989828347,148.7101640305591,-0.5946511552017277
092,2019-06-30 03:47:15,22.645506,113.829468,10.642147827632972,151.46020608833453,0.1880621246353842
092,2019-06-30 03:47:17,22.645338,113.829567,11.018272076903742,147.9729681955157,0.2866794360529798
092,2019-06-30 03:47:18,22.645248,113.829628,11.304951512956722,149.7873104591048,-0.3781843973992131
092,2019-06-30 03:47:19,22.645164,113.829681,10.926767115557508,145.52832682591975,-0.3984844070559408
092,2019-06-30 03:47:20,22.645082,113.829742,10.528282708501568,147.66533918385431,-0.242714720591227
092,2019-06-30 03:47:22,22.644926,113.829849,10.042853267319114,140.58453763394027,-0.4189432185066133
092,2019-06-30 03:47:24,22.644789000000006,113.829971,9.204966830305889,143.32109060087186,-1.1256919516716906
092,2019-06-30 03:47:25,22.644732,113.830017,8.079274878634196,138.86380112516633,0.111911777141433
092,2019-06-30 03:47:26,22.644676,113.83007,8.19118665577563,141.00736161034115,-0.0370799458793289
092,2019-06-30 03:47:28,22.644562,113.83017,8.117026764016972,141.04207113938094,0.0572398524659361
092,2019-06-30 03:47:30,22.644449,113.830269,8.231506468948844,142.71424216010405,0.249745651328431
092,2019-06-30 03:47:32,22.644329,113.830368,8.730997771605706,142.7786424080752,0.3157135800699322
092,2019-06-30 03:47:34,22.644199,113.830475,9.36242493174557,148.3106811828912,0.3115412448770476
092,2019-06-30 03:47:36,22.644051,113.830574,9.985507421499666,149.18314944183754,0.9812436283193388
092,2019-06-30 03:47:37,22.643969,113.830627,10.966751049819004,148.02240322127238,0.1667099515992092
092,2019-06-30 03:47:39,22.643799,113.830742,11.300170953017425,147.39095198412696,0.4569278491644741
092,2019-06-30 03:47:40,22.643711,113.830803,11.757098802181895,148.25662085196507,0.2255370666696432
092,2019-06-30 03:47:41,22.64362,113.830864,11.98263586885154,146.31446091640862,-0.1948908341318951
092,2019-06-30 03:47:43,22.64344,113.830994,11.59285420058775,148.3968467476248,0.027324920579792
092,2019-06-30 03:47:45,22.643269,113.831108,11.647504041747334,145.88381567925,1.0830733152918253
092,2019-06-30 03:47:46,22.643175,113.831177,12.73057735703916,144.4111768290736,-0.055294284385531
092,2019-06-30 03:47:48,22.642988,113.831322,12.619988788268095,145.40766803369456,-0.1367167071573707
092,2019-06-30 03:47:49,22.642897,113.83138999999998,12.483272081110728,145.7416868069284,0.0153073331283275
092,2019-06-30 03:47:51,22.64271,113.831528,12.513886747367382,145.6997005617502,0.4523503642182174
092,2019-06-30 03:47:52,22.642618,113.831596,12.9662371115856,144.3280609473416,0.5565489697112671
092,2019-06-30 03:47:53,22.642519,113.831673,13.522786081296866,142.5796607639336,0.0459517189652549
092,2019-06-30 03:47:55,22.642326,113.831833,13.614689519227376,141.07698159770018,0.2068353136285523
092,2019-06-30 03:47:57,22.642134,113.832001,14.02836014648448,141.21654621310438,0.1236763596697025
092,2019-06-30 03:47:59,22.641933,113.832176,14.275712865823886,142.49069625969128,0.3613151567476933
092,2019-06-30 03:48:00,22.641832,113.83226,14.63702802257158,137.0050918680372,0.0634069891882012
092,2019-06-30 03:48:02,22.641636,113.832458,14.763842000947982,139.3811722777403,-0.0248925368786494
092,2019-06-30 03:48:03,22.641537,113.83255,14.738949464069332,137.2950836512714,0.4009756164936995
092,2019-06-30 03:48:04,22.641438,113.832649,15.139925080563032,137.86284099921028,0.1313142967570479
092,2019-06-30 03:48:06,22.641235,113.832848,15.402553674077128,135.49332775009623,0.2363827470438835
092,2019-06-30 03:48:08,22.641035,113.833061,15.875319168164896,134.14047607722375,0.3508023644435507
092,2019-06-30 03:48:09,22.640932,113.833176,16.226121532608445,135.28381640347715,-0.09634450031505
092,2019-06-30 03:48:11,22.640726,113.833397,16.033432531978345,136.20553544284132,0.0052003466784533
092,2019-06-30 03:48:12,22.640623,113.833504,16.0386328786568,133.82904792575152,0.1109815470656485
092,2019-06-30 03:48:13,22.640522,113.833618,16.149614425722447,135.28373090634693,-0.0580792288694169
092,2019-06-30 03:48:15,22.640316,113.83383899999998,16.033455967983613,136.20545001037544,-0.2733290473100904
092,2019-06-30 03:48:16,22.640213,113.833946,15.760126920673525,135.64395794416157,-0.1279762291899038
092,2019-06-30 03:48:18,22.640011,113.83416,15.504174462293715,136.30634438080813,-0.2424121281607005
092,2019-06-30 03:48:20,22.639812,113.834366,15.019350205972314,136.4150353342551,-0.1624900864267937
092,2019-06-30 03:48:22,22.63962,113.834564,14.694370033118728,135.81997984322942,-0.0601995176068772
092,2019-06-30 03:48:24,22.639431,113.834763,14.573970997904972,135.19631646968003,-0.8352590270192266
092,2019-06-30 03:48:25,22.639339,113.83486200000002,13.738711970885744,137.93932793842544,-0.1221508802087791
092,2019-06-30 03:48:27,22.63916,113.835037,13.494410210468187,136.34681219699263,0.6326762946745994
092,2019-06-30 03:48:28,22.639071,113.835129,14.127086505142788,135.8122412716766,-0.0389678584202517
092,2019-06-30 03:48:29,22.638977,113.835228,14.088118646722537,137.29452660254208,-0.1900177645713832
092,2019-06-30 03:48:31,22.638794,113.835411,13.708083117579768,135.36491312836768,-0.1608854205635541
092,2019-06-30 03:48:32,22.638708,113.835503,13.547197697016214,136.34141986381985,0.0417640270806991
092,2019-06-30 03:48:34,22.638531,113.835686,13.630725751177613,136.97878842145656,0.214750016259881
092,2019-06-30 03:48:35,22.638441,113.835777,13.845475767437494,137.60301973140838,-0.1312847935627505
092,2019-06-30 03:48:36,22.638348,113.835869,13.714190973874745,138.56815825958438,-0.0482402897712406
092,2019-06-30 03:48:38,22.638165,113.836044,13.617710394332262,141.0761592619411,0.2379717484203762
092,2019-06-30 03:48:39,22.638069,113.836128,13.855682142752638,137.60294248853938,0.0717306436365401
092,2019-06-30 03:48:40,22.637976,113.83622,13.927412786389178,137.6062943629364,0.2785513781946971
092,2019-06-30 03:48:41,22.637884,113.836311,14.205964164583875,139.2471717691144,0.1294956658539963
092,2019-06-30 03:48:43,22.637688,113.836494,14.464955496291868,139.52291364105815,-0.0374873739023007
092,2019-06-30 03:48:45,22.637489,113.836678,14.389980748487266,142.82071494361446,0.0286686161998179
092,2019-06-30 03:48:46,22.637388,113.836761,14.418649364687084,139.66460813176286,0.0591581853199469
092,2019-06-30 03:48:48,22.637188,113.836945,14.536965735326978,139.68943442695468,-0.2041686498663324
092,2019-06-30 03:48:49,22.637089000000003,113.837036,14.332797085460646,140.77561905141005,-0.0002871952504746
092,2019-06-30 03:48:51,22.63689,113.837212,14.332222694959697,139.24696677887232,-0.0139785321359342
092,2019-06-30 03:48:53,22.636694,113.837395,14.304265630687828,142.48964089797244,-0.0114647119923514
092,2019-06-30 03:48:54,22.636593,113.837479,14.292800918695477,139.68931201865246,-0.0739189414258962
092,2019-06-30 03:48:55,22.636494,113.83757,14.21888197726958,140.20445390320128,-0.2053507563725674
092,2019-06-30 03:48:57,22.636299,113.837746,13.808180464524446,140.33479213819066,-0.240285952443596
092,2019-06-30 03:48:59,22.636112,113.83791399999998,13.327608559637254,138.95954124901493,-1.0933693868015537
092,2019-06-30 03:49:00,22.636024,113.837997,12.2342391728357,138.56869928331798,-0.2375382086082087
092,2019-06-30 03:49:02,22.635864,113.83815,11.759162755619284,135.2558215527556,-0.1479160704551141
092,2019-06-30 03:49:04,22.635715,113.83831,11.463330614709054,130.1923977591269,0.0814772539170842
092,2019-06-30 03:49:06,22.635584,113.838478,11.626285122543225,129.900533265082,0.3153570969581807
092,2019-06-30 03:49:07,22.635513,113.83857,11.941642219501404,133.25055405935757,-0.0627584652936841
092,2019-06-30 03:49:09,22.635368,113.838737,11.816125288914035,133.66557572892555,0.3602581808347551
092,2019-06-30 03:49:10,22.635294,113.838821,12.17638346974879,135.53809901479235,0.1568298659090299
092,2019-06-30 03:49:12,22.635136,113.83898899999998,12.49004320156685,139.67828250408246,0.2032651373217255
092,2019-06-30 03:49:14,22.634962,113.839149,12.8965734762103,140.92277386738846,0.0928001646413694
092,2019-06-30 03:49:16,22.634779,113.83931,13.08217380549304,138.61917211936225,0.2010821599487631
092,2019-06-30 03:49:17,22.634691,113.839394,13.283255965441803,137.93836388792738,0.0426223323013834
092,2019-06-30 03:49:19,22.634512,113.839569,13.36850063004457,139.72452245878105,0.0406353676089228
092,2019-06-30 03:49:21,22.634329,113.839737,13.449771365262416,136.97791439194657,-0.1111758135944924
092,2019-06-30 03:49:22,22.634239,113.839828,13.338595551667924,139.0988439682825,-0.1761220427802703
092,2019-06-30 03:49:24,22.63406,113.839996,12.986351466107385,139.82493291302853,-0.2245310578150592
092,2019-06-30 03:49:26,22.633884,113.840157,12.537289350477264,139.45472697782395,-0.1631176851912226
092,2019-06-30 03:49:27,22.633802,113.840233,12.374171665286042,139.18572825904977,-0.0280396739673838
092,2019-06-30 03:49:29,22.633631,113.840393,12.318092317351274,138.75455049586355,-0.3529012614745301
092,2019-06-30 03:49:30,22.633551,113.840469,11.965191055876744,139.26895301771037,-0.0328156996247095
092,2019-06-30 03:49:32,22.633387,113.840622,11.899559656627323,140.7836252230851,-0.2024242949283232
092,2019-06-30 03:49:34,22.633223,113.840767,11.494711066770678,145.19723584555766,-0.1748635570453665
092,2019-06-30 03:49:35,22.633142000000007,113.840828,11.319847509725312,139.73383064578547,0.1773108041507543
092,2019-06-30 03:49:37,22.632984,113.840973,11.67446911802682,139.454541616117,0.4031978563870098
092,2019-06-30 03:49:38,22.632902,113.841049,12.07766697441383,139.6119053118469,1.5161723476708744e-06
092,2019-06-30 03:49:40,22.632736,113.841202,12.077670006758526,139.45449054257455,0.1768214785090389
092,2019-06-30 03:49:41,22.632654,113.841278,12.254491485267565,141.44062412980395,-0.0939545235939043
092,2019-06-30 03:49:42,22.632566,113.841354,12.16053696167366,143.15751766759865,0.080268011439168
092,2019-06-30 03:49:43,22.632481,113.841423,12.240804973112828,140.9372861156807,0.0014692594949501
092,2019-06-30 03:49:45,22.632307,113.841576,12.243743492102729,141.78804451822293,-0.2143306556494613
092,2019-06-30 03:49:47,22.632137,113.841721,11.815082180803806,142.7016741965483,-0.1161432526590422
092,2019-06-30 03:49:49,22.631971,113.841858,11.582795675485722,142.16466839984514,-0.5193651240414212
092,2019-06-30 03:49:50,22.631889,113.841927,11.0634305514443,142.29022914626051,-0.0874896923093446
092,2019-06-30 03:49:52,22.631735,113.842056,10.888451166825613,140.03749913006385,0.2009350025981788
092,2019-06-30 03:49:53,22.631659,113.842125,11.08938616942379,140.79201725997495,0.127049331212163
092,2019-06-30 03:49:55,22.631504,113.842262,11.343484831848116,137.2929824493733,0.0231142887674415
092,2019-06-30 03:49:57,22.631351,113.842415,11.389713409383,140.03742031992738,0.0049255323295032
092,2019-06-30 03:49:58,22.631275,113.842484,11.394638941712502,137.66601804331322,0.0399234499469214
092,2019-06-30 03:50:00,22.631121,113.842636,11.474485841606343,141.85347353466852,-0.057853818619356
092,2019-06-30 03:50:02,22.63096,113.842773,11.358778204367631,146.47988808888164,0.2388470518035284
092,2019-06-30 03:50:03,22.630875,113.842834,11.59762525617116,147.54988123178498,0.2341804226428561
092,2019-06-30 03:50:04,22.630785,113.842896,11.831805678814018,147.9702394211345,-0.095502428603849
092,2019-06-30 03:50:05,22.630695000000006,113.842957,11.736303250210169,152.25502148690907,0.3590737882470733
092,2019-06-30 03:50:06,22.630602,113.84301,12.095377038457242,153.49014672260728,0.09725123012735
092,2019-06-30 03:50:08,22.630404,113.843117,12.289879498711942,157.40008830122667,0.0271771485003178
092,2019-06-30 03:50:09,22.630302,113.843163,12.31705664721226,158.03796055070188,-0.4097160520107952
092,2019-06-30 03:50:10,22.630199,113.843208,11.907340595201465,160.1204730191647,-0.4456691655832845
092,2019-06-30 03:50:11,22.630102,113.843246,11.46167142961818,157.90624583915883,0.0163881713921325
092,2019-06-30 03:50:13,22.629911,113.84333,11.494447772402443,153.60744300304555,0.16017483962439
092,2019-06-30 03:50:15,22.629725,113.84343,11.814797451651224,149.60851018639903,0.6244078719817221
092,2019-06-30 03:50:16,22.629629,113.843491,12.439205323632947,149.86691750686543,0.2053610685461739
092,2019-06-30 03:50:18,22.629435,113.843613,12.849927460725295,149.97191209013607,0.1918494689026975
092,2019-06-30 03:50:20,22.629229,113.843742,13.23362639853069,151.7985588877151,0.4055413289307275
092,2019-06-30 03:50:21,22.629124,113.843803,13.639167727461418,151.1706176207175,0.1141499833940677
092,2019-06-30 03:50:23,22.628906,113.843933,13.867467694249552,153.3106534605247,0.2207120633374746
092,2019-06-30 03:50:24,22.628794,113.843994,14.088179757587028,153.91359451856613,0.0997001546138083
092,2019-06-30 03:50:25,22.628679,113.844055,14.187879912200836,153.71542183516408,0.0998698845505536
092,2019-06-30 03:50:26,22.628565,113.844116,14.28774979675139,154.30163611030116,0.2169486026336144
092,2019-06-30 03:50:27,22.628448,113.844177,14.504698399385004,154.49162573412377,0.0289840854453204
092,2019-06-30 03:50:29,22.628212,113.844299,14.562666570275644,156.14107103194033,0.0103758198143877
092,2019-06-30 03:50:31,22.627972,113.844414,14.58341820990442,159.62193293525888,0.2536009441092623
092,2019-06-30 03:50:33,22.62772600000001,113.844513,15.090620098122946,157.96625874627205,0.1983025214072018
092,2019-06-30 03:50:35,22.627466,113.844627,15.48722514093735,158.72396499985882,-0.1218746977178319
092,2019-06-30 03:50:36,22.627338,113.844681,15.365350443219516,159.12672916412112,-0.0608957692348886
092,2019-06-30 03:50:38,22.627079,113.844788,15.24355890474974,157.17368565464164,0.1248091582436687
092,2019-06-30 03:50:40,22.626829,113.844902,15.493177221237078,156.82062151469802,0.2857068016245323
092,2019-06-30 03:50:42,22.626566,113.845024,16.064590824486142,151.647846422651,0.3366819189363994
092,2019-06-30 03:50:43,22.626436,113.8451,16.401272743422542,151.1470746246382,-0.2306252750977613
092,2019-06-30 03:50:44,22.626307,113.845177,16.17064746832478,154.0631585712473,-0.039967845406597
092,2019-06-30 03:50:46,22.626047,113.845314,16.090711777511586,152.49040818766048,-0.0034225949614601
092,2019-06-30 03:50:48,22.62579,113.845459,16.083866587588666,150.8929886149415,-0.4236391615398513
092,2019-06-30 03:50:49,22.625664,113.845535,15.660227426048817,151.25400747576947,-0.1224198284011359
092,2019-06-30 03:50:51,22.62542,113.84568,15.415387769246545,152.4333010093527,0.1548183100757185
092,2019-06-30 03:50:52,22.625298,113.845749,15.57020607932226,150.50163708708988,0.2231660090143883
092,2019-06-30 03:50:53,22.625174,113.845825,15.79337208833665,150.30237285323904,-0.2239149599639383
092,2019-06-30 03:50:54,22.625051000000006,113.845901,15.569457128372711,149.525718870903,0.0538892435962035
092,2019-06-30 03:50:56,22.624811,113.846054,15.677235615565118,147.56245087007153,0.2714821155220903
092,2019-06-30 03:50:57,22.624689,113.84613799999998,15.948717731087209,147.1321822945065,-0.0622613673606338
092,2019-06-30 03:50:59,22.624449,113.846306,15.82419499636594,146.69170905295698,-0.0220300288080341
092,2019-06-30 03:51:00,22.624331,113.84639,15.802164967557909,145.49626924541622,-0.0123439292748157
092,2019-06-30 03:51:02,22.624096,113.84656499999998,15.777477109008275,144.88217925294714,0.0889330156101744
092,2019-06-30 03:51:04,22.623865,113.846741,15.955343140228624,143.03109876343171,-0.0280879462565968
092,2019-06-30 03:51:06,22.623632,113.846931,15.89916724771543,142.70627933705703,-0.1496749726940001
092,2019-06-30 03:51:08,22.623409,113.847115,15.59981730232743,139.50132407003423,-0.2598307993161217
092,2019-06-30 03:51:09,22.623302,113.847214,15.339986503011309,141.605504400394,-0.2799695720848483
092,2019-06-30 03:51:10,22.623196,113.847305,15.06001693092646,141.45253865631673,-0.0327090240321314
092,2019-06-30 03:51:12,22.622984,113.84748799999998,14.994598882862196,140.49516869704755,0.0578018837862703
092,2019-06-30 03:51:13,22.622881,113.84758,15.052400766648468,141.71439792615604,0.1841705979076442
092,2019-06-30 03:51:15,22.622667,113.847763,15.420741962463756,139.6330043181291,0.0783999565412632
092,2019-06-30 03:51:17,22.622452,113.847961,15.577541875546284,142.07795264170835,0.1145906886740899
092,2019-06-30 03:51:18,22.622343,113.848053,15.692132564220373,140.15333186246755,0.1236251250352324
092,2019-06-30 03:51:20,22.622124,113.848251,15.939382814290838,140.39458914035356,-0.0371590047727607
092,2019-06-30 03:51:22,22.621902,113.84845,15.865064804745316,143.1304810869799,-0.2863839840019651
092,2019-06-30 03:51:23,22.62179,113.848541,15.578680820743353,141.036102611714,-0.1050870181371026
092,2019-06-30 03:51:25,22.621572,113.848732,15.368506784469146,140.76634293046288,-0.2509683272738936
092,2019-06-30 03:51:26,22.621468,113.848824,15.117538457195252,140.13282501129197,-0.061276035448416
092,2019-06-30 03:51:28,22.621258,113.849014,14.99498638629842,138.46030518617272,-0.2088686545832088
092,2019-06-30 03:51:30,22.621059,113.849205,14.577249077132002,138.20582631785783,-0.7964493815034839
092,2019-06-30 03:51:31,22.620964,113.849297,13.780799695628518,140.51777408212558,-0.5091794474293625
092,2019-06-30 03:51:32,22.620871,113.84938,13.271620248199156,139.25399287243152,-0.1149750413338503
092,2019-06-30 03:51:34,22.620691,113.849548,13.041670165531457,137.29075671423834,-0.3616334854685945
092,2019-06-30 03:51:35,22.620607,113.849632,12.68003668006286,141.38866441651726,-0.0905634156305925
092,2019-06-30 03:51:36,22.620518,113.849709,12.589473264432268,141.43815859900758,-0.3059300526656106
092,2019-06-30 03:51:37,22.62043,113.849785,12.283543211766656,140.13262382552605,-0.0744499391441042
092,2019-06-30 03:51:39,22.620262,113.849937,12.134643333478447,139.08158313396342,-0.3829247557013371
092,2019-06-30 03:51:40,22.62018,113.850014,11.751718577777112,142.69927188331295,-0.1136446759166593
092,2019-06-30 03:51:42,22.620014,113.850151,11.524429225943791,141.4748239125662,-0.0031568948438795
092,2019-06-30 03:51:43,22.619934,113.85022,11.521272331099912,140.08619157916303,0.0466790574598139
092,2019-06-30 03:51:45,22.619774,113.850365,11.61463044601954,143.23093546644208,-0.0123894454782682
092,2019-06-30 03:51:46,22.61969,113.850433,11.602241000541271,142.1621887030121,-0.0568416095946631
092,2019-06-30 03:51:47,22.619608,113.850502,11.54539939094661,142.1621721612671,0.0568467520949447
092,2019-06-30 03:51:48,22.619526,113.850571,11.602246143041556,143.23088591220323,0.2176304813475056
092,2019-06-30 03:51:49,22.619442000000006,113.850639,11.81987662438906,143.47591940590348,0.044725518927275
092,2019-06-30 03:51:51,22.61927,113.850777,11.90932766224361,144.18996194742488,0.2516526044867095
092,2019-06-30 03:51:52,22.619183,113.850845,12.16098026673032,140.4269274481818,-0.22174739836605
092,2019-06-30 03:51:53,22.619097,113.850922,11.93923286836427,145.61401652030315,-0.0083418691451475
092,2019-06-30 03:51:55,22.618923,113.851051,11.922549130073977,144.25769174623684,0.2237764266203319
092,2019-06-30 03:51:57,22.618746,113.851189,12.37010198331464,142.67271623468707,0.0832966228829974
092,2019-06-30 03:51:58,22.618654,113.85126499999998,12.453398606197636,147.03032314758025,-0.0010784674559687
092,2019-06-30 03:52:00,22.618469,113.851395,12.4512416712857,146.21286303032144,0.115049145472998
092,2019-06-30 03:52:02,22.61828,113.851532,12.681339962231696,142.3702587308805,-0.2256644291959482
092,2019-06-30 03:52:03,22.618189,113.851608,12.455675533035746,149.4756549585967,0.2282745176328608
092,2019-06-30 03:52:05,22.617998,113.85173,12.912224568301468,145.9046359902228,1.0165005014746438
092,2019-06-30 03:52:06,22.617893,113.851807,13.928725069776112,147.4876656739292,-0.0355214331809845
092,2019-06-30 03:52:08,22.617683,113.851952,13.857682203414145,149.83457439049351,0.0102971387602739
092,2019-06-30 03:52:09,22.617575,113.85202,13.867979342174417,149.23611390577332,-0.1029050477696458
092,2019-06-30 03:52:10,22.617468,113.852089,13.765074294404773,149.18273305564708,-0.0851317319888034
092,2019-06-30 03:52:12,22.617256,113.852226,13.594810830427164,148.26798526747243,0.0356776538166352
092,2019-06-30 03:52:14,22.61705,113.852364,13.666166138060436,149.53568839171828,0.1368897544812197
092,2019-06-30 03:52:16,22.616835,113.852501,13.939945647022874,149.88143716793832,0.0535746267955588
092,2019-06-30 03:52:18,22.616617,113.85263799999998,14.047094900613992,153.71342603196865,0.6366967189924129
092,2019-06-30 03:52:19,22.616503,113.852699,14.683791619606405,151.74188020763887,0.098698425728676
092,2019-06-30 03:52:21,22.616266,113.852837,14.881188471063757,154.8619875367159,1.1836218042518514
092,2019-06-30 03:52:22,22.616146,113.852898,16.064810275315608,155.1444171007504,0.4703585413208344
092,2019-06-30 03:52:24,22.615873,113.853035,17.005527357957277,155.99654013061104,-0.2816404719664511
092,2019-06-30 03:52:26,22.615589,113.853172,16.442246414024375,156.33664622056108,-0.4294988946533449
092,2019-06-30 03:52:28,22.615332,113.853294,15.583248624717683,156.25440366986004,-0.3333841603599055
092,2019-06-30 03:52:29,22.615204,113.853355,15.24986446435778,156.99243653958945,-0.224119581750263
092,2019-06-30 03:52:31,22.614954,113.85347,14.801625300857252,157.48024637314268,-0.5107034684151319
092,2019-06-30 03:52:32,22.614836,113.853523,14.29092183244212,155.68959937890304,0.0960644619669173
092,2019-06-30 03:52:34,22.614601,113.853638,14.483050756375956,157.96149395599946,0.1759325741569126
092,2019-06-30 03:52:36,22.614357,113.853745,14.83491590468978,155.40143953298207,0.0867435787203652
092,2019-06-30 03:52:38,22.614111,113.853867,15.008403062130512,155.22392594092207,0.0674070460090856
092,2019-06-30 03:52:39,22.613989,113.853928,15.075810108139596,155.57650772138072,0.1012916647314234
092,2019-06-30 03:52:41,22.613741,113.85405,15.278393437602444,156.25415938386823,0.3015368568013521
092,2019-06-30 03:52:42,22.613613,113.854111,15.579930294403797,154.88145161374405,-0.1169404822148054
092,2019-06-30 03:52:44,22.613359,113.85424,15.346049329974186,158.09964993835024,-0.2966133687345103
092,2019-06-30 03:52:45,22.613235,113.854294,15.049435961239675,155.74921164998025,0.0432499746416699
092,2019-06-30 03:52:46,22.61311,113.854355,15.092685935881343,155.22376728962502,-0.0168569030921723
092,2019-06-30 03:52:47,22.612988,113.854416,15.075829032789173,155.57635075051826,-0.0462870381980176
092,2019-06-30 03:52:49,22.61274,113.854538,14.983254956393138,156.75471482264572,-0.0264973657307034
092,2019-06-30 03:52:51,22.612495000000006,113.854652,14.93026022493173,155.57629489096917,-0.0879402688809225
092,2019-06-30 03:52:52,22.612371,113.854713,14.842319956050808,156.3140435547341,-0.1156687450090485
092,2019-06-30 03:52:54,22.612129,113.854828,14.610982466032713,157.79663016591337,-0.0535693725750601
092,2019-06-30 03:52:56,22.611887,113.854935,14.50384372088259,154.39425036229068,-0.0574303935024964
092,2019-06-30 03:52:58,22.611652,113.855057,14.388982933877598,157.4797597576095,-0.0225665288768439
092,2019-06-30 03:52:59,22.611534,113.85511,14.366416405000754,154.4889078143375,-0.0304611914790111
092,2019-06-30 03:53:00,22.611416,113.855171,14.335955213521745,155.50481605714322,-0.1228052706164399
092,2019-06-30 03:53:02,22.611183,113.855286,14.090344672288865,157.04229301611645,-0.0086158578350081
092,2019-06-30 03:53:04,22.610952,113.855392,14.073112956618846,153.62621306611936,0.0236288312325951
092,2019-06-30 03:53:06,22.610723,113.855515,14.120370619084037,153.30761302375663,-0.2306897457370418
092,2019-06-30 03:53:07,22.610611,113.855576,13.889680873346997,153.10081361196615,-0.0826459013173188
092,2019-06-30 03:53:08,22.6105,113.85563700000002,13.807034972029676,152.99626800797034,0.0576203155634678
092,2019-06-30 03:53:10,22.610279,113.855759,13.922275603156612,151.89709468908103,0.12164891396566
092,2019-06-30 03:53:12,22.610056,113.855888,14.165573431087932,150.26182673173815,0.077578795800659
092,2019-06-30 03:53:14,22.609833,113.856026,14.32073102268925,148.79737987201463,0.0612713391853159
092,2019-06-30 03:53:16,22.609612,113.856171,14.443273701059882,147.7044786135002,0.2752153464447495
092,2019-06-30 03:53:17,22.609501,113.856247,14.718489047504631,146.24350358599764,0.1220278901008855
092,2019-06-30 03:53:19,22.60928,113.856407,14.962544827706402,145.30272879173037,0.1410793356981408
092,2019-06-30 03:53:21,22.609056,113.856575,15.244703499102684,142.32864849662167,0.3346345300834041
092,2019-06-30 03:53:22,22.608946,113.856667,15.579338029186088,143.09966409035712,0.0096281543032796
092,2019-06-30 03:53:24,22.608721,113.85685,15.598594337792647,142.85368518869808,-0.0553682145651963
092,2019-06-30 03:53:26,22.608498,113.857033,15.487857908662257,142.47944189373266,-0.0439774855265389
092,2019-06-30 03:53:28,22.608278,113.857216,15.399902937609175,138.69183177272112,-0.0441234793596256
092,2019-06-30 03:53:30,22.60807,113.857414,15.311655978889926,137.85878879973745,0.1830412269982773
092,2019-06-30 03:53:31,22.607969,113.85751299999998,15.494697205888205,137.563879544884,0.1365179689398585
092,2019-06-30 03:53:33,22.607761,113.857719,15.76773314376792,136.19864106729983,0.0705270959869697
092,2019-06-30 03:53:35,22.607555,113.857933,15.90878733574186,136.47508895633445,-0.114194665756405
092,2019-06-30 03:53:37,22.607347,113.858147,15.68039800422905,137.85863901338314,-0.2949275968573204
092,2019-06-30 03:53:38,22.607246,113.858246,15.385470407371727,137.0092225450996,0.172234628239603
092,2019-06-30 03:53:40,22.607042,113.858452,15.729939663850937,136.7461348804939,0.0101559742135162
092,2019-06-30 03:53:42,22.606833,113.858665,15.750251612277967,137.14885555114512,-0.0484336212720917
092,2019-06-30 03:53:44,22.606628,113.858871,15.653384369733784,136.19843666176496,0.1629317923238069
092,2019-06-30 03:53:45,22.606525,113.858978,15.816316162057593,137.97190245331234,0.2017797924685185
092,2019-06-30 03:53:47,22.606314,113.859184,16.219875746994628,136.2755866032909,0.2194203257097093
092,2019-06-30 03:53:48,22.606203,113.859299,16.439296072704337,140.0210035433052,-0.2425544991013772
092,2019-06-30 03:53:49,22.606094,113.859398,16.19674157360296,136.23347766450638,-0.0544652632768265
092,2019-06-30 03:53:51,22.605881,113.859619,16.087811047049307,138.96306722877057,-0.3363625510522077
092,2019-06-30 03:53:52,22.605776,113.859718,15.7514484959971,136.74846017935636,0.07496311259513
092,2019-06-30 03:53:53,22.605671,113.859825,15.82641160859223,139.76066617154402,-0.1952505851494228
092,2019-06-30 03:53:55,22.605455,113.860023,15.435910438293384,140.49158477536344,-1.885867543890802
092,2019-06-30 03:53:56,22.605352,113.860115,13.550042894402582,140.4710559799766,-0.5654500079516165
092,2019-06-30 03:53:58,22.605173,113.860275,12.419142878499349,143.63180586146234,-0.2334777457600809
092,2019-06-30 03:54:00,22.605,113.860413,11.952187386979189,143.9877157090972,-0.0361388237067208
092,2019-06-30 03:54:02,22.604826,113.86055,11.879909739565743,142.82603905946962,0.2098342954815599
092,2019-06-30 03:54:03,22.604742,113.860619,12.089744035047303,145.0556710695006,0.1515092276776872
092,2019-06-30 03:54:05,22.604561,113.860756,12.39276249040268,145.87632467097222,-0.1536240272625857
092,2019-06-30 03:54:06,22.604467,113.860825,12.239138463140094,146.6567529791464,0.0154438897610731
092,2019-06-30 03:54:08,22.604286,113.860954,12.27002624266224,146.1572838192451,0.9894866295658886
092,2019-06-30 03:54:09,22.604191,113.861023,13.259512872228129,148.69795018173363,0.3451324270676821
092,2019-06-30 03:54:11,22.603983,113.86116,13.949777726363491,148.7963004454375,0.24965373557714
092,2019-06-30 03:54:13,22.603762,113.861305,14.449085197517771,147.2981401467638,0.1324121927791148
092,2019-06-30 03:54:15,22.603542,113.861458,14.713909583076004,148.8324836316766,0.5984268068405374
092,2019-06-30 03:54:16,22.603426,113.861534,15.31233638991654,147.8484084277007,0.2201076116129012
092,2019-06-30 03:54:18,22.603191,113.861694,15.752551613142344,149.0644996825946,0.2944779635742494
092,2019-06-30 03:54:20,22.602943,113.861855,16.34150754029084,149.67565878433584,0.4410159081106641
092,2019-06-30 03:54:21,22.602812,113.861938,16.782523448401506,148.98785350650314,-0.0523714101904158
092,2019-06-30 03:54:23,22.602554,113.862106,16.677780628020674,147.08340254164546,-0.124976931974043
092,2019-06-30 03:54:25,22.602303,113.862282,16.427826764072588,149.6230159409564,-0.0908892896222504
092,2019-06-30 03:54:27,22.602051,113.862442,16.246048184828087,147.9784759103752,0.2054607744697492
092,2019-06-30 03:54:28,22.601927,113.862526,16.451508959297836,148.5909255294718,0.0592685923106035
092,2019-06-30 03:54:30,22.601673,113.862694,16.570046143919043,148.69092233398044,-0.0504346078838988
092,2019-06-30 03:54:32,22.601418,113.862862,16.469176928151246,151.2706053256887,-0.1330840565545443
092,2019-06-30 03:54:33,22.60129,113.862938,16.3360928715967,148.38901680886937,0.052356081657944
092,2019-06-30 03:54:34,22.601164,113.863022,16.388448953254645,148.18481003271387,-0.031493996879977
092,2019-06-30 03:54:36,22.600914000000003,113.86319,16.32546095949469,147.97826312915424,-0.3330079546026994
092,2019-06-30 03:54:37,22.60079,113.863274,15.992453004891992,148.81006123463777,-0.1024692651723429
092,2019-06-30 03:54:39,22.600546,113.863434,15.787514474547306,150.0962381130028,-0.095436366603927
092,2019-06-30 03:54:40,22.600424,113.86351,15.69207810794338,148.49507492065618,0.0539914135541712
092,2019-06-30 03:54:42,22.600183,113.86367,15.800060935051722,148.65156975373077,0.0356150450485595
092,2019-06-30 03:54:44,22.59993900000001,113.863831,15.87129102514884,148.80990429818814,0.0605964287633131
092,2019-06-30 03:54:46,22.599695,113.863991,15.992483882675469,147.97803500833913,0.0632794447093534
092,2019-06-30 03:54:47,22.599571,113.864075,16.05576332738482,149.0166545276703,-0.0035509711984378
092,2019-06-30 03:54:49,22.599325,113.864235,16.048661384987945,149.42291327270243,0.0669667709841963
092,2019-06-30 03:54:51,22.599075,113.864395,16.182594926956337,147.97791898889176,0.3014460573907698
092,2019-06-30 03:54:52,22.598951,113.864479,16.484040984347107,145.59008891149472,0.1397702404144567
092,2019-06-30 03:54:53,22.598827,113.864571,16.623811224761564,148.59037947169077,-0.2184009852465323
092,2019-06-30 03:54:54,22.5987,113.864655,16.40541023951503,149.8195801804739,-0.0478071838946654
092,2019-06-30 03:54:56,22.598446,113.864815,16.3097958717257,147.97780129190448,-0.2539931471087158
092,2019-06-30 03:54:57,22.598322,113.864899,16.055802724616985,149.01642508250058,-0.1022356254697403
092,2019-06-30 03:54:59,22.598076,113.865059,15.851331473677504,150.09579379111847,-0.1273873778348662
092,2019-06-30 03:55:00,22.597954,113.865135,15.723944095842638,148.60022294764468,-0.0556778056051054
092,2019-06-30 03:55:02,22.597712,113.865295,15.612588484632427,146.12108178468344,-0.0988474773230949
092,2019-06-30 03:55:04,22.597481,113.865463,15.414893529986236,148.9333308881727,0.3800976902145763
092,2019-06-30 03:55:05,22.597363,113.86554,15.794991220200814,150.88793060125806,0.1470490548606697
092,2019-06-30 03:55:07,22.597111,113.865692,16.089089329922153,149.4225096900106,-0.0166222488634986
092,2019-06-30 03:55:09,22.596861,113.865852,16.055844832195156,147.12692668986233,-0.2839682769274674
092,2019-06-30 03:55:10,22.596741,113.865936,15.771876555267689,148.494391918073,-0.0944168719666009
092,2019-06-30 03:55:12,22.5965,113.866096,15.583042811334488,148.93315041265737,-0.2913205919106794
092,2019-06-30 03:55:13,22.596382,113.866173,15.291722219423807,149.2631745287776,0.0208357142212225
092,2019-06-30 03:55:14,22.596264,113.866249,15.31255793364503,147.62601408286196,-0.053767300481553
092,2019-06-30 03:55:16,22.596031,113.866409,15.205023332681924,148.0527307811447,-0.4585131923451868
092,2019-06-30 03:55:17,22.595917,113.866486,14.746510140336737,149.47068431871855,-0.0246950253148092
092,2019-06-30 03:55:19,22.59569,113.866631,14.697120089707118,148.16219197901836,-0.203089421413992
092,2019-06-30 03:55:20,22.595577,113.866707,14.494030668293126,150.6574139683231,-0.0160111084127461
092,2019-06-30 03:55:22,22.595352,113.866844,14.462008451467634,147.9334389725608,0.1898174219822941
092,2019-06-30 03:55:23,22.59524,113.86692,14.651825873449928,151.01592260147947,0.1484055303103524
092,2019-06-30 03:55:24,22.595125,113.866989,14.80023140376028,150.01385241466272,-0.0170309117674367
092,2019-06-30 03:55:26,22.594893,113.867134,14.766169580225409,151.29696008000855,-0.0557920805368388
092,2019-06-30 03:55:28,22.594662,113.867271,14.65458541915173,151.1210399463357,0.0370991151712418
092,2019-06-30 03:55:30,22.594431,113.867409,14.728783649494211,153.4158532386665,0.0686383238403891
092,2019-06-30 03:55:32,22.594193,113.86753799999998,14.866060297174991,151.83852631081857,-0.0691449068334169
092,2019-06-30 03:55:33,22.594074,113.867607,14.796915390341574,151.40095512086327,0.0816027931578444
092,2019-06-30 03:55:35,22.593842,113.867744,14.960120976657263,152.80837992017655,0.5412064106301315
092,2019-06-30 03:55:36,22.593718,113.86781299999998,15.501327387287397,152.80835893793278,-0.0717260715785155
092,2019-06-30 03:55:37,22.593594,113.867882,15.42960131570888,154.52688845345858,0.0666694556518097
092,2019-06-30 03:55:39,22.593344,113.868011,15.5629402270125,153.54081030396787,0.2537113948868885
092,2019-06-30 03:55:40,22.593216,113.86808,15.816651621899387,153.52772658809488,-0.1193871087352675
092,2019-06-30 03:55:42,22.592962,113.868217,15.577877404428852,155.2205751550655,0.0333497046538742
092,2019-06-30 03:55:43,22.592838,113.868279,15.611227109082726,153.61739063540085,0.0453277562892759
092,2019-06-30 03:55:45,22.592583,113.868416,15.701882621661278,153.1467074769547,-0.1500918091471437
092,2019-06-30 03:55:46,22.592459,113.868484,15.551790812514136,152.99474420907052,0.0330578898832785
092,2019-06-30 03:55:48,22.592209,113.868622,15.617906592280692,153.5143403245828,0.0786670196000223
092,2019-06-30 03:55:49,22.592083,113.86869,15.696573611880714,154.8806737532052,-0.0259833106002878
092,2019-06-30 03:55:51,22.591827,113.86882,15.644606990680138,152.80803910417444,0.1389079623452946
092,2019-06-30 03:55:52,22.591703,113.868889,15.783514953025431,153.79497297615148,0.0331813223119432
092,2019-06-30 03:55:54,22.591446,113.869026,15.84987759764932,153.1788649184458,0.0907197055306312
092,2019-06-30 03:55:55,22.59132,113.869095,15.94059730317995,152.3928572983317,-0.0484226513196333
092,2019-06-30 03:55:57,22.591064000000006,113.86924,15.843752000540684,153.25475940015804,-0.1073409796135216
092,2019-06-30 03:55:59,22.590813,113.869377,15.62907004131364,150.0944875494779,0.00547289638404
092,2019-06-30 03:56:00,22.590691,113.869453,15.63454293769768,149.82966331630837,-0.0320487694020519
092,2019-06-30 03:56:02,22.590448,113.869606,15.570445398893575,149.68342444219786,-0.0909310934532374
092,2019-06-30 03:56:03,22.590328,113.869682,15.47951430544034,146.2341365836977,-0.2693287037163809
092,2019-06-30 03:56:04,22.590212,113.869766,15.21018560172396,146.9451926506908,-0.0772772195935953
092,2019-06-30 03:56:06,22.589985,113.869926,15.055631162536768,145.0581118600776,-0.2264953688562876
092,2019-06-30 03:56:07,22.589874,113.87001,14.82913579368048,145.83297479236012,-0.0702495152314508
092,2019-06-30 03:56:09,22.589655,113.870171,14.68863676321758,144.22707504556882,0.0145497654451434
092,2019-06-30 03:56:11,22.589441,113.870338,14.717736294107866,140.48831322554344,-0.2174037169494127
092,2019-06-30 03:56:12,22.589338,113.87043,14.500332577158453,142.48011315333588,-0.3405897639243438
092,2019-06-30 03:56:13,22.589237,113.870514,14.159742813234107,142.48009285045737,-0.0844021196278301
092,2019-06-30 03:56:14,22.589136,113.870598,14.07534069360628,140.2104372844583,-0.0429854087444381
092,2019-06-30 03:56:16,22.588942000000007,113.870773,13.989369876117404,139.60963678438202,-0.0889763786078443
092,2019-06-30 03:56:18,22.588751,113.870949,13.811417118901714,140.47516898070944,-0.0306958696710957
092,2019-06-30 03:56:19,22.588657,113.871033,13.780721249230618,141.64227042112225,0.1185671250812081
092,2019-06-30 03:56:21,22.588461,113.871201,14.017855499393034,139.10161426962003,0.2599632632553881
092,2019-06-30 03:56:22,22.588364,113.871292,14.277818762648424,140.7656768648211,0.0571207296104985
092,2019-06-30 03:56:24,22.588165,113.871468,14.39206022186942,140.2437562870703,-0.085728096835723
092,2019-06-30 03:56:25,22.588064000000006,113.871559,14.306332125033697,140.3386011631307,-0.0284789428902048
092,2019-06-30 03:56:27,22.587868,113.87173500000002,14.249374239253289,139.67930019848723,0.3495202535862578
092,2019-06-30 03:56:28,22.587769,113.871826,14.598894492839545,140.21334003494115,-0.2359964760558774
092,2019-06-30 03:56:29,22.587667,113.871918,14.362898016783667,136.5215913658983,-0.2033842663021836
092,2019-06-30 03:56:31,22.587482,113.872108,13.9561294841793,135.6853642595196,0.6192711409524119
092,2019-06-30 03:56:32,22.587395,113.8722,14.575400625131712,137.71297563508335,0.109273479333714
092,2019-06-30 03:56:34,22.587194,113.872398,14.79394758379914,138.19882061570777,0.035891038386854
092,2019-06-30 03:56:35,22.587099,113.87248999999998,14.829838622185994,139.70749804124398,0.4492166219203151
092,2019-06-30 03:56:37,22.586891,113.872681,15.728271866026624,139.53867234811946,0.2814467003536673
092,2019-06-30 03:56:39,22.586668,113.872887,16.29116526673396,141.39917086025133,0.0075820362468643
092,2019-06-30 03:56:41,22.586439,113.873085,16.306329339227688,137.81206952200654,0.258493002524748
092,2019-06-30 03:56:42,22.58633,113.873192,16.564822341752436,139.08750726173173,-0.0583050255840049
092,2019-06-30 03:56:43,22.586216,113.873299,16.50651731616843,141.64176697883664,-0.159855782654624
092,2019-06-30 03:56:45,22.585985,113.873497,16.186805750859182,143.30934031100486,0.3437482866756269
092,2019-06-30 03:56:46,22.585871,113.873589,16.53055403753481,141.25166987940668,0.2361510427034296
092,2019-06-30 03:56:48,22.585634,113.873795,17.00285612294167,140.79971457926354,-0.2374285506553768
092,2019-06-30 03:56:49,22.585514,113.873901,16.765427572286292,140.99530855842733,-0.1797907280359254
092,2019-06-30 03:56:50,22.5854,113.874001,16.585636844250367,140.77464782580068,-0.0178760494481107
092,2019-06-30 03:56:52,22.585167,113.874207,16.549884745354145,141.64155464372436,-0.1654292691684968
092,2019-06-30 03:56:54,22.584936,113.874405,16.21902620701715,140.2740627809917,0.0589279718208359
092,2019-06-30 03:56:55,22.584826,113.874504,16.277954178837987,140.0404493515643,-0.1478415475664372
092,2019-06-30 03:56:57,22.584599,113.87471,15.982271083705111,141.02716550709016,-1.9997807553790905
092,2019-06-30 03:56:58,22.584494,113.874802,13.982490328326024,135.84078061393666,0.3399347854085581
092,2019-06-30 03:57:00,22.58432,113.874985,14.66235989914314,140.145544468362,0.503536616404495
092,2019-06-30 03:57:02,22.584101,113.875183,15.669433131952127,138.95854873683322,-0.2322284697969641
092,2019-06-30 03:57:04,22.583891,113.875381,15.2049761923582,144.06357201016488,-0.0929755014914626
092,2019-06-30 03:57:05,22.583784,113.875465,15.112000690866738,140.24428996979145,0.1482764396486189
092,2019-06-30 03:57:07,22.583572,113.875656,15.408553570163976,139.22724788248706,-0.2321774410422925
092,2019-06-30 03:57:08,22.583466,113.875755,15.176376129121683,141.1794968535635,-0.0873497374068454
092,2019-06-30 03:57:10,22.583256,113.875938,15.001676654307992,141.02686403054645,-0.0315030002869667
092,2019-06-30 03:57:12,22.583046,113.876122,14.93867065373406,140.79405166116686,-0.7742270025871498
092,2019-06-30 03:57:13,22.582943,113.876213,14.16444365114691,139.310493575492,-0.112626135039882
092,2019-06-30 03:57:15,22.582754,113.876389,13.939191381067143,138.50885381879732,-0.1671622507830292
092,2019-06-30 03:57:16,22.582659,113.87648,13.772029130284116,138.39461504890005,-0.1208628623427392
092,2019-06-30 03:57:18,22.582476,113.876656,13.530303405598636,139.86780144396704,0.146117795202521
092,2019-06-30 03:57:19,22.582384,113.87673999999998,13.676421200801158,139.47170111100195,-0.014100906220257
092,2019-06-30 03:57:21,22.582195,113.876915,13.648219388360644,139.55887873209122,0.1130825532643111
092,2019-06-30 03:57:22,22.582104,113.876999,13.761301941624955,140.06332081996396,0.0823335216742249
092,2019-06-30 03:57:24,22.581911,113.877174,13.925968984973403,139.31028139654177,-0.0429452450701726
092,2019-06-30 03:57:26,22.581722,113.87735,13.84007849483306,141.35459267773,0.2678607583302259
092,2019-06-30 03:57:27,22.581625,113.877434,14.107939253163286,138.79804805167146,0.0201771989273851
092,2019-06-30 03:57:29,22.581432,113.877617,14.148293651018056,140.20886145652662,-0.2060606646728056
092,2019-06-30 03:57:31,22.581238,113.877792,13.736172321672443,137.7648614186204,-0.1059241546642244
092,2019-06-30 03:57:33,22.581059,113.877968,13.524324012343996,136.9668494461729,-0.591858526747977
092,2019-06-30 03:57:34,22.580969,113.878059,12.93246548559602,138.83170963409748,-0.2178822695281335
092,2019-06-30 03:57:36,22.580799,113.87822,12.496700946539752,135.88702228492718,-0.1837685735326744
092,2019-06-30 03:57:37,22.580719,113.878304,12.312932373007078,135.69773148691456,0.0266106176999016
092,2019-06-30 03:57:39,22.580561,113.878471,12.36615360840688,136.5936829412973,-0.0334342049217664
092,2019-06-30 03:57:40,22.580479,113.878555,12.332719403485116,137.45917048733872,0.0156635032866638
092,2019-06-30 03:57:42,22.580317,113.878716,12.364046410058442,137.62421370715333,-0.243904475531016
092,2019-06-30 03:57:43,22.580233,113.878799,12.120141934527426,135.82456428729563,-0.0149532526709039
092,2019-06-30 03:57:45,22.58008,113.87896,12.090235429185618,136.59358308937453,0.099393568648443
092,2019-06-30 03:57:46,22.579998,113.879044,12.189628997834062,138.74347964989352,-0.714513818486104
092,2019-06-30 03:57:47,22.579918,113.87912,11.475115179347958,136.32600959701017,-0.1981050832137549
092,2019-06-30 03:57:49,22.579771,113.879272,11.078905012920448,133.6994535867591,-0.1799416035721694
092,2019-06-30 03:57:51,22.579636,113.879425,10.719021805776109,137.2822435519659,-1.486886489104874
092,2019-06-30 03:57:52,22.579567,113.879494,9.232135316671236,137.28221595085927,-0.4832713992579833
092,2019-06-30 03:57:54,22.579453,113.879608,8.265592518155268,140.01552324006389,-0.1632572526975613
092,2019-06-30 03:57:56,22.579344,113.879707,7.939078012760145,136.2030708821785,-0.4125008290766336
092,2019-06-30 03:57:57,22.579292,113.87976100000002,7.526577183683512,137.89576022443606,-0.0468983507528877
092,2019-06-30 03:57:58,22.579245,113.879807,7.479678832930624,135.03652388691768,0.0464275262052957
092,2019-06-30 03:58:00,22.579147,113.879913,7.572533885341215,136.4113876163707,0.0702482269801838
092,2019-06-30 03:58:02,22.57905,113.880013,7.713030339301583,137.0113283313376,0.1522458199930016
092,2019-06-30 03:58:04,22.578945,113.880119,8.017521979287586,136.74794663283978,0.0322518768343016
092,2019-06-30 03:58:05,22.578892,113.880173,8.049773856121888,133.24399153340357,-0.0631569818538939
092,2019-06-30 03:58:07,22.578793,113.880287,7.9234598924141,135.3461897790054,-0.304179931917786
092,2019-06-30 03:58:09,22.578693,113.880394,7.315100028578528,142.05572002399555,-1.0862923824243875
092,2019-06-30 03:58:10,22.578648,113.880432,6.228807646154141,140.7859891317488,-0.2194053893889798
092,2019-06-30 03:58:12,22.578562,113.880508,5.789996867376181,140.72273669832782,-0.4461805128653857
092,2019-06-30 03:58:13,22.578527,113.88053899999998,5.343816354510795,134.92848157098717,0.0704101226031959
092,2019-06-30 03:58:15,22.578457,113.880615,5.484636599717187,134.09819520120698,-0.300541047977279
092,2019-06-30 03:58:16,22.578423,113.880653,5.184095551739908,135.5735413368559,-0.1885135717777042
092,2019-06-30 03:58:18,22.578358,113.880722,4.8070684081845,147.23665850670193,-0.3995246621458159
092,2019-06-30 03:58:19,22.578325,113.880745,4.407543746038684,142.16023859891266,-0.0432694017776036
092,2019-06-30 03:58:21,22.578262,113.880798,4.321004942483476,138.8219038302525,-0.0213874540628067
092,2019-06-30 03:58:23,22.578205,113.880852,4.278230034357863,141.26129130246096,0.0497236404983212
092,2019-06-30 03:58:25,22.578144,113.880905,4.377677315354505,148.0101168078287,0.4915137846262345
092,2019-06-30 03:58:26,22.57811,113.880928,4.86919109998074,143.01055860969848,0.4349007505880227
092,2019-06-30 03:58:27,22.578072,113.880959,5.304091850568763,144.614772376652,1.9189441715040452
092,2019-06-30 03:58:28,22.578033,113.880989,7.223036022072808,148.18052659630666,0.3371622890686083
092,2019-06-30 03:58:30,22.577908,113.881073,7.897360600210025,145.53464835209303,-0.2766759088359127
092,2019-06-30 03:58:32,22.577795,113.881157,7.344008782538199,144.94061781104506,-1.1440347544768077
092,2019-06-30 03:58:33,22.577745,113.881195,6.199974028061392,138.7430152213085,-0.2431236027526218
092,2019-06-30 03:58:35,22.577665,113.881271,5.713726822556148,145.5152078854842,-0.0354842544029474
092,2019-06-30 03:58:37,22.577583,113.881332,5.642758313750253,156.56740252581744,-0.1846223104592645
092,2019-06-30 03:58:38,22.577534,113.881355,5.4581360032909885,167.00151360388975,0.0653733206676379
092,2019-06-30 03:58:40,22.577442,113.881378,5.588882644626264,176.05077038364175,0.3013546021044702
092,2019-06-30 03:58:42,22.577335,113.881386,6.191591848835205,197.10771934646564,0.3818746685915934
092,2019-06-30 03:58:44,22.577221,113.881348,6.955341186018392,198.0936947931661,0.8182738029845797
092,2019-06-30 03:58:45,22.577156,113.881325,7.773614989002971,212.8768102107491,0.065522393476324
092,2019-06-30 03:58:47,22.577036,113.881241,7.904659775955619,230.76199324638569,0.8225314478502961
092,2019-06-30 03:58:48,22.57699,113.88118,8.727191223805915,227.49847834771103,0.2971319231992879
092,2019-06-30 03:58:50,22.57688,113.88105,9.321455070204491,230.8505364646721,0.214340111901218
092,2019-06-30 03:58:52,22.576771,113.880905,9.750135294006927,230.91493969925088,0.3379466176060361
092,2019-06-30 03:58:53,22.57671400000001,113.880829,10.088081911612964,230.426450183628,-0.2437088160683274
092,2019-06-30 03:58:54,22.576656,113.880753,9.844373095544636,230.0869172578213,-0.160189104114699
092,2019-06-30 03:58:56,22.576544,113.880608,9.523994887315238,225.490517318389,0.0054664775781887
092,2019-06-30 03:58:58,22.576426,113.880478,9.534927842471616,220.0530834969878,-0.0012523496761929
092,2019-06-30 03:59:00,22.576292,113.880356,9.53242314311923,219.2428977537807,-0.0677917490558517
092,2019-06-30 03:59:02,22.576162,113.880241,9.396839645007526,224.31444794799717,0.0433934929526929
092,2019-06-30 03:59:04,22.57604,113.880112,9.483626630912912,228.1828460039038,0.0801418533637363
092,2019-06-30 03:59:05,22.575983,113.880043,9.563768484276649,233.9925407590283,0.093531319064704
092,2019-06-30 03:59:06,22.575932,113.879967,9.657299803341353,230.339755162483,-0.0696454175343239
092,2019-06-30 03:59:08,22.575821,113.879822,9.518008968272705,230.2443228809485,-0.4871900792382639
092,2019-06-30 03:59:09,22.575768,113.879753,9.03081888903444,228.286828700383,-0.0303596458882999
092,2019-06-30 03:59:11,22.575661,113.879623,8.97009959725784,220.3282210866394,0.0068409180953912
092,2019-06-30 03:59:13,22.575537,113.879509,8.983781433448623,217.84032299581048,-0.255572112540948
092,2019-06-30 03:59:14,22.575474,113.879456,8.728209320907675,220.2019224989847,-0.2142310312826438
092,2019-06-30 03:59:15,22.575415,113.879402,8.513978289625031,220.15681006640656,-0.1659504417417991
092,2019-06-30 03:59:16,22.575357,113.879349,8.348027847883232,221.41726567608936,0.0501509847782291
092,2019-06-30 03:59:18,22.575245,113.879242,8.44832981743969,225.68240580560055,0.2281640314379451
092,2019-06-30 03:59:19,22.57519,113.879181,8.676493848877636,226.47400614154608,-0.1247270376287019
092,2019-06-30 03:59:21,22.575083,113.879059,8.427039773620232,223.79781416248773,-0.5717031022370405
092,2019-06-30 03:59:22,22.575031,113.879005,7.855336671383191,224.9643369250625,-0.4813535637152455
092,2019-06-30 03:59:23,22.574982,113.878952,7.373983107667946,224.81710166575277,-0.2284849506775836
092,2019-06-30 03:59:25,22.57489,113.878853,6.917013206312778,228.18307722396048,-0.9568857933005236
092,2019-06-30 03:59:26,22.574852,113.878807,5.960127413012255,224.2653160240116,-0.9309211280386585
092,2019-06-30 03:59:27,22.574816,113.878769,5.029206284973596,228.18309888792223,-0.287570183453512
092,2019-06-30 03:59:29,22.574759,113.8787,4.454065918066572,232.8347912047521,-1.2480804073604967
092,2019-06-30 03:59:30,22.574738,113.87867,3.2059855107060757,219.37853271227416,-0.9405151336563868
092,2019-06-30 03:59:31,22.574720000000006,113.878654,2.2654703770496885,231.5439648083268,-2.1227608847743467
092,2019-06-30 03:59:32,22.574709,113.878639,0.1427094922753417,321.06327149922487,-0.0069725725409899
092,2019-06-30 03:59:47,22.574717,113.878632,0.0381209041604919,0.0,-0.0025413936106994
092,2019-06-30 04:00:02,22.574717,113.878632,0.0,0.0,0.0098548485628585
092,2019-06-30 04:00:17,22.574717,113.878632,0.1478227284428784,258.1617035913493,0.0721046028175694
092,2019-06-30 04:00:24,22.574711,113.878601,0.6525549481658648,224.69285235438008,2.1320188017483197
092,2019-06-30 04:00:25,22.574697,113.878586,2.784573749914184,219.2148038820075,0.2441054572453811
092,2019-06-30 04:00:27,22.574654,113.878548,3.2727846644049463,220.3482312823116,-0.3947739810728778
092,2019-06-30 04:00:28,22.574629,113.878525,2.8780106833320684,207.96579227652555,-0.3270560752003573
092,2019-06-30 04:00:30,22.574589000000003,113.878502,2.223898532931354,152.03420084142385,0.5197702645427318
092,2019-06-30 04:00:32,22.574549,113.878525,3.263439062016817,150.88393526828452,0.5197951594186923
092,2019-06-30 04:00:34,22.574486,113.878563,4.303029380854202,143.854249004343,0.3569878377191675
092,2019-06-30 04:00:36,22.574419,113.878616,5.017005056292537,139.27182280085924,0.4334440272994815
092,2019-06-30 04:00:38,22.574345,113.878685,5.8838931108915,136.00991010987525,0.5664285753224458
092,2019-06-30 04:00:39,22.574301,113.878731,6.450321686213946,136.59238351234626,0.1163573521049552
092,2019-06-30 04:00:41,22.574219,113.878815,6.683036390423856,138.80463242500844,0.370890974880393
092,2019-06-30 04:00:43,22.574123,113.878906,7.424818340184642,136.7469460455007,0.811911983885131
092,2019-06-30 04:00:44,22.57407000000001,113.87896,8.236730324069773,139.1014055268438,0.2344730480151815
092,2019-06-30 04:00:46,22.573957,113.879066,8.705676420100136,136.09431946467237,0.1710962400260802
092,2019-06-30 04:00:48,22.573839000000003,113.879189,9.047868900152295,135.83858396733228,0.0111561303245633
092,2019-06-30 04:00:50,22.573723,113.87931100000002,9.070181160801424,137.2810205659601,0.2716030556900453
092,2019-06-30 04:00:51,22.573662,113.879372,9.341784216491469,138.2009278238874,0.1354742007745555
092,2019-06-30 04:00:53,22.573536,113.879494,9.61273261804058,135.99059125678366,0.0274367958133225
092,2019-06-30 04:00:54,22.573471,113.879562,9.640169413853902,137.28096835292786,-0.2033747177755049
092,2019-06-30 04:00:55,22.57341,113.879623,9.436794696078396,132.800160085107,-0.1754129411202676
092,2019-06-30 04:00:56,22.573351,113.879692,9.26138175495813,136.32784583644911,-0.0956532061759505
092,2019-06-30 04:00:58,22.573233,113.879814,9.070075342606229,139.42422602512,-0.1410171622693115
092,2019-06-30 04:01:00,22.573109,113.879929,8.788041018067606,136.51859089329798,-0.1313492698795393
092,2019-06-30 04:01:02,22.572998,113.880043,8.525342478308527,136.77507594917444,-0.0113061972184391
092,2019-06-30 04:01:04,22.572886,113.880157,8.502730083871649,135.74808466163194,-0.0309397167380769
092,2019-06-30 04:01:06,22.572777,113.880272,8.440850650395495,139.33222362177895,0.0098549150536282
092,2019-06-30 04:01:08,22.572662,113.880379,8.460560480502751,140.32464884139483,0.368189726710419
092,2019-06-30 04:01:09,22.572603,113.880432,8.82875020721317,135.83832717819064,0.067408898288015
092,2019-06-30 04:01:11,22.572487,113.880554,8.9635680037892,135.3401958526299,0.1066546567619433
092,2019-06-30 04:01:12,22.57243,113.880615,9.070222660551144,137.280752664013,0.3500340436886571
092,2019-06-30 04:01:13,22.572369,113.880676,9.4202567042398,135.46358830833458,-0.013325387349754
092,2019-06-30 04:01:15,22.572247,113.880806,9.393605929540293,136.80839608913757,-0.2020130617028233
092,2019-06-30 04:01:16,22.572187,113.880867,9.19159286783747,137.2807023070303,0.0698298297497448
092,2019-06-30 04:01:17,22.572126,113.880928,9.261422697587214,134.01901288911137,-0.0438458966045969
092,2019-06-30 04:01:19,22.57201,113.881058,9.17373090437802,136.32756740564287,-0.6879868048988302
092,2019-06-30 04:01:21,22.571892,113.88118,7.79775729458036,134.29971717542549,-0.8939255911224104
092,2019-06-30 04:01:23,22.57181,113.881271,6.009906112335539,126.86028830403848,-2.3523959433730224
092,2019-06-30 04:01:24,22.571783,113.88131,3.6575101689625167,129.29114107882873,-0.680467346715774
092,2019-06-30 04:01:26,22.571749,113.881355,2.2965754755309686,118.43454145954148,-1.0347938130068404
092,2019-06-30 04:01:27,22.571745,113.881363,1.2617816625241285,106.10807618097294,0.7667647777493765
092,2019-06-30 04:01:28,22.571741,113.881378,2.0285464402735047,105.77550789446263,1.1341567066368832
092,2019-06-30 04:01:29,22.571735,113.881401,3.162703146910388,91.79791035695604,0.066769319958192
092,2019-06-30 04:01:31,22.571733,113.88147,3.296241786826772,51.44895426857761,0.0630011209365017
092,2019-06-30 04:01:33,22.571772,113.881523,3.4222440286997755,45.32308888831017,0.0316754204185292
092,2019-06-30 04:01:34,22.571793,113.881546,3.4539194491183047,42.10576333755688,-0.0618417860817503
092,2019-06-30 04:01:36,22.57184,113.881592,3.330235876954804,31.05704925828905,-0.2117683731134332
092,2019-06-30 04:01:37,22.571863,113.881607,3.1184675038413707,56.00846829923029,-0.0203563656274248
092,2019-06-30 04:01:39,22.571896,113.88166,3.077754772586521,43.46179814582388,0.0411478898897696
092,2019-06-30 04:01:41,22.571934,113.881699,3.1600505523660605,38.00182327456952,0.3854207809100707
092,2019-06-30 04:01:42,22.57196,113.881721,3.545471333276131,51.96977149411197,0.003076087942337
092,2019-06-30 04:01:44,22.571999,113.881775,3.5516235091608053,49.364051830931885,-0.0261393278146613
092,2019-06-30 04:01:46,22.572041,113.881828,3.4993448535314826,54.17177958500855,-0.0338951844969641
092,2019-06-30 04:01:48,22.572077,113.881882,3.4315544845375543,52.17207694481493,-0.1777198369096035
092,2019-06-30 04:01:50,22.572115,113.881935,3.076114810718347,45.90310083940346,-1.2563137604294394
092,2019-06-30 04:01:52,22.572149,113.881973,0.5634872898594682,71.75798287315331,-0.025191590529165
092,2019-06-30 04:02:08,22.572163,113.882019,0.1604218413928279,0.0,-0.0106947894261885
092,2019-06-30 04:02:23,22.572163,113.882019,0.0,0.0,0.0
092,2019-06-30 04:02:38,22.572163,113.882019,0.0,0.0,0.0
092,2019-06-30 04:02:53,22.572163,113.882019,0.0,0.0,0.0
092,2019-06-30 04:03:08,22.572163,113.882019,0.0,0.0,0.0
092,2019-06-30 04:03:23,22.572163,113.882019,0.0,0.0,0.0
092,2019-06-30 04:03:38,22.572163,113.882019,0.0,0.0,0.0
092,2019-06-30 04:03:53,22.572163,113.882019,0.0,0.0,0.0
092,2019-06-30 04:04:08,22.572163,113.882019,0.0,0.0,0.0
092,2019-06-30 04:04:23,22.572163,113.882019,0.0,0.0,0.0
092,2019-06-30 04:04:38,22.572163,113.882019,0.0,0.0,0.0
092,2019-06-30 04:04:53,22.572163,113.882019,0.0,0.0,0.0
092,2019-06-30 04:05:08,22.572163,113.882019,0.0,0.0,0.0
092,2019-06-30 04:05:23,22.572163,113.882019,0.0,0.0,0.0
092,2019-06-30 04:05:38,22.572163,113.882019,0.0,0.0,0.0
092,2019-06-30 04:05:53,22.572163,113.882019,0.0,0.0,0.0
092,2019-06-30 04:06:08,22.572163,113.882019,0.0,0.0,0.0
092,2019-06-30 04:06:23,22.572163,113.882019,0.0,0.0,0.0
092,2019-06-30 04:06:38,22.572163,113.882019,0.0,0.0,0.0
