userid,checkin_time,lat,lon,speed,direction,acceleration
074,2019-10-26 00:03:19,22.555924,113.948675,0.0,29.55603539637707,1.3084814544240984
074,2019-10-26 00:03:20,22.555981,113.94871,1.3084814544240984,189.2562067419232,0.9631721867449512
074,2019-10-26 00:03:22,22.555947,113.948704,3.2348258279140008,73.98044887559655,2.347305790823608
074,2019-10-26 00:03:24,22.555982,113.948836,7.929437409561216,68.50760791810887,1.3842888953187495
074,2019-10-26 00:03:25,22.556014,113.948924,9.313726304879966,40.44643155171645,0.1804531722845341
074,2019-10-26 00:03:27,22.556144,113.949044,9.674632649449034,37.116971359587126,0.4433555661766881
074,2019-10-26 00:03:28,22.556216,113.949103,10.117988215625722,52.349133078656166,0.1235974274911164
074,2019-10-26 00:03:29,22.556273,113.949183,10.24158564311684,54.34519163328935,0.761006688668223
074,2019-10-26 00:03:30,22.556326,113.949263,11.002592331785062,71.27237012878624,0.3138826574164914
074,2019-10-26 00:03:32,22.556393,113.949477,11.630357646618044,73.66617138042824,0.2066408618572017
074,2019-10-26 00:03:34,22.556452,113.949695,12.043639370332448,89.9999754496825,0.7454953234774209
074,2019-10-26 00:03:35,22.556452,113.949823,12.789134693809867,84.94844097015562,0.0678613716251561
074,2019-10-26 00:03:37,22.556472,113.950068,12.92485743706018,84.3352799715002,0.673195844493307
074,2019-10-26 00:03:38,22.556484,113.950199,13.598053281553488,78.87591832080687,-0.0793738500546693
074,2019-10-26 00:03:41,22.556555,113.95059,13.35993173138948,85.08805952806136,-0.1855299859802652
074,2019-10-26 00:03:43,22.556575,113.950842,12.98887175942895,84.8437567404813,0.0737012808677617
074,2019-10-26 00:03:45,22.556596,113.951094,13.136274321164471,83.81986235148236,0.2786376814560292
074,2019-10-26 00:03:46,22.556609,113.951224,13.414912002620502,80.9383083078726,0.0080592032923663
074,2019-10-26 00:03:48,22.556647,113.951482,13.431030409205237,82.40877589770656,0.1968419173977569
074,2019-10-26 00:03:49,22.556663,113.951612,13.627872326602992,84.88231253496497,-0.0307817551154103
074,2019-10-26 00:03:51,22.556685,113.951878,13.566308816372173,86.1581796487165,-0.1580719403694939
074,2019-10-26 00:03:52,22.556693,113.952007,13.408236876002675,89.99997468223796,0.0513151580650372
074,2019-10-26 00:03:53,22.556693,113.952139,13.459552034067714,87.1497989934212,-0.0358171272170837
074,2019-10-26 00:03:55,22.556705,113.9524,13.387917779633549,87.85334836693153,-0.1842763644134093
074,2019-10-26 00:03:57,22.556714000000003,113.95266,13.019365050806728,89.49760134154212,-0.2059318770100633
074,2019-10-26 00:03:59,22.556716,113.952907,12.607501296786602,88.22063268497294,0.0406932615211088
074,2019-10-26 00:04:01,22.556723,113.953151,12.68888781982882,88.01540274311083,0.5145800873866788
074,2019-10-26 00:04:03,22.556731,113.953401,13.718047994602175,87.81642635440915,0.4542614750302869
074,2019-10-26 00:04:05,22.556741,113.953685,14.62657094466275,87.83170802073982,0.7319253554109189
074,2019-10-26 00:04:06,22.556746,113.953828,15.35849630007367,86.34341910173185,0.2460112399840559
074,2019-10-26 00:04:08,22.556764,113.954133,15.85051878004178,85.66138970582551,0.5739048300994263
074,2019-10-26 00:04:09,22.556775,113.95429,16.424423610141208,85.79480724824003,0.5967838994471322
074,2019-10-26 00:04:10,22.556786,113.954452,17.02120750958834,87.79837696837285,0.7172628507775123
074,2019-10-26 00:04:11,22.556792,113.954621,17.738470360365852,88.57805860834713,0.2573734112488033
074,2019-10-26 00:04:13,22.5568,113.95497,18.25321718286346,90.6854449353968,0.3595972478747828
074,2019-10-26 00:04:15,22.556796,113.955332,18.972411678613025,93.87168470910176,-0.0737084029576742
074,2019-10-26 00:04:16,22.556784,113.955524,18.89870327565535,94.9509667360834,-0.0303456080277833
074,2019-10-26 00:04:17,22.55677,113.955699,18.868357667627567,93.30516310882685,0.1280009361019107
074,2019-10-26 00:04:19,22.55675,113.956074,19.12435953983139,92.03327442472852,0.2498604146153091
074,2019-10-26 00:04:20,22.556744,113.956257,19.374219954446698,89.51396962625284,0.2464150263779174
074,2019-10-26 00:04:22,22.556747,113.95664,19.867050007202533,85.0805063491398,0.1043504385827134
074,2019-10-26 00:04:24,22.556778,113.95703,20.07575088436796,83.94631098418307,0.3246611056724617
074,2019-10-26 00:04:25,22.556797,113.957224,20.40041199004042,79.2171781136874,0.9401320387036448
074,2019-10-26 00:04:26,22.556832,113.957423,21.340544028744063,79.62463321902271,0.0901974371463296
074,2019-10-26 00:04:28,22.556902,113.957837,21.52093890303673,83.30313020187276,-0.0098922074594174
074,2019-10-26 00:04:30,22.556947,113.958252,21.50115448811789,86.16499663621437,-0.2347997366331213
074,2019-10-26 00:04:31,22.55696,113.958462,21.26635475148477,85.12176583129678,-0.344837300369587
074,2019-10-26 00:04:32,22.556976,113.958665,20.921517451115182,85.12172604925041,-0.1453232882645618
074,2019-10-26 00:04:34,22.557008,113.959071,20.63087087458606,85.61060926672201,-0.050038998465558
074,2019-10-26 00:04:36,22.557036,113.959466,20.530792877654942,84.92026334801795,0.1678372867430404
074,2019-10-26 00:04:38,22.557069,113.959868,20.866467451141023,84.2689040342151,0.7917144452293208
074,2019-10-26 00:04:39,22.557088,113.960073,21.658181896370344,82.50517022602548,0.3177708503524492
074,2019-10-26 00:04:40,22.557114,113.960287,21.975952746722797,81.78444262950518,-0.2211491727765704
074,2019-10-26 00:04:41,22.557142,113.960497,21.754803573946223,79.98595644698275,-0.0697427618579364
074,2019-10-26 00:04:43,22.55721,113.960914,21.61531805023035,79.86692748279393,-0.0664337375680421
074,2019-10-26 00:04:45,22.557278,113.961326,21.482450575094266,80.15908046602533,-0.3170139740162696
074,2019-10-26 00:04:46,22.557311,113.961532,21.165436601078,79.17294931659205,0.0040175330513889
074,2019-10-26 00:04:48,22.557382,113.961934,21.17347166718077,78.35963453610668,0.0744740054570378
074,2019-10-26 00:04:49,22.557421,113.962139,21.24794567263781,77.69174963173919,0.1257880457901823
074,2019-10-26 00:04:51,22.557502,113.962541,21.499521764218176,76.32838873703815,0.2548033482890801
074,2019-10-26 00:04:53,22.557595000000006,113.962955,22.009128460796337,75.75504018222779,0.0577141645537615
074,2019-10-26 00:04:55,22.557693,113.963373,22.12455678990386,75.58261873899863,0.0829704156403181
074,2019-10-26 00:04:57,22.557792000000006,113.96379,22.290497621184496,76.95588655808689,0.6081209964374281
074,2019-10-26 00:04:58,22.557838,113.964005,22.898618617621924,78.29409377352982,0.0404923488590149
074,2019-10-26 00:05:00,22.557922,113.964444,22.979603315339958,79.08526289549764,-0.3685830222167148
074,2019-10-26 00:05:01,22.557961,113.964663,22.61102029312324,81.40785167472654,0.0487242622102748
074,2019-10-26 00:05:02,22.557991,113.964878,22.659744555333518,83.70877042397257,0.1951505668161832
074,2019-10-26 00:05:04,22.558036,113.96532,23.05004568896588,82.92986320908085,0.077789282655047
074,2019-10-26 00:05:05,22.558062,113.965547,23.127834971620928,84.5787103385685,-0.0567201713674592
074,2019-10-26 00:05:07,22.558101,113.965992,23.01439462888601,86.41993954889642,-0.0992181995522507
074,2019-10-26 00:05:08,22.558114,113.966217,22.91517642933376,88.60283581920868,-0.0849471603043312
074,2019-10-26 00:05:10,22.558124,113.96666100000002,22.745282108725096,91.40331333912582,0.0514483227008852
074,2019-10-26 00:05:12,22.558114,113.967103,22.848178754126867,93.85455940750848,0.8377277082652554
074,2019-10-26 00:05:13,22.5581,113.967328,23.68590646239212,92.66076821926627,0.0341820320075356
074,2019-10-26 00:05:15,22.55808,113.967794,23.754270526407197,93.82069786479678,-0.0523425602740061
074,2019-10-26 00:05:16,22.558066,113.968021,23.701927966133187,91.20055914267652,-0.0588803223969129
074,2019-10-26 00:05:18,22.558057,113.968486,23.58416732133936,88.33856805168085,-2.843538672819438
074,2019-10-26 00:05:19,22.558063,113.96871000000002,20.740628648519923,99.8863682421362,0.2308779682977739
074,2019-10-26 00:05:21,22.558002,113.969089,21.20238458511547,99.6074486717102,0.685922838759307
074,2019-10-26 00:05:23,22.557934,113.969524,22.574230262634085,101.83234756994972,-0.0039157473246191
074,2019-10-26 00:05:25,22.557851,113.969953,22.566398767984847,102.05459449990708,-0.3140208878006127
074,2019-10-26 00:05:27,22.557766,113.970384,21.93835699238362,106.93808183028112,-0.6067223229826553
074,2019-10-26 00:05:28,22.557712,113.970576,21.33163466940097,106.06881998794722,-0.0439984772689285
074,2019-10-26 00:05:30,22.557604,113.970982,21.24363771486311,107.49029025002449,-0.186129329619348
074,2019-10-26 00:05:31,22.557549,113.971171,21.05750838524376,106.43991823933874,0.150636110388211
074,2019-10-26 00:05:33,22.55744,113.971571,21.358780606020183,105.4360677076242,0.1692185128313941
074,2019-10-26 00:05:35,22.557338,113.971971,21.69721763168297,103.438081459905,0.7904606335422386
074,2019-10-26 00:05:36,22.557291,113.972184,22.48767826522521,102.27506754465249,-0.5143321821539786
074,2019-10-26 00:05:37,22.557248,113.972398,21.97334608307123,99.72506494265832,-0.3805086957264265
074,2019-10-26 00:05:39,22.557182,113.972815,21.212328691618374,97.5911897766365,0.3081114573953307
074,2019-10-26 00:05:40,22.557158,113.97301000000002,21.52044014901371,95.60900964873169,0.603147216048697
074,2019-10-26 00:05:42,22.557119,113.97344,22.726734581111103,92.13834666753024,0.6927863377337253
074,2019-10-26 00:05:43,22.557111,113.973672,23.419520918844828,90.55388755563553,-2.077562948725202
074,2019-10-26 00:05:44,22.557109,113.973896,21.341957970119623,86.11851869817167,-0.2053570915280573
074,2019-10-26 00:05:46,22.557134,113.974295,20.93124378706351,82.36407951639302,1.517112537984346
074,2019-10-26 00:05:47,22.55716,113.974505,22.448356325047857,79.74675708471005,0.1125889610680843
074,2019-10-26 00:05:49,22.557233,113.974942,22.673534247184023,78.55785708155173,0.0801769491510278
074,2019-10-26 00:05:50,22.557273,113.975156,22.75371119633505,73.5230005739536,0.454177769929398
074,2019-10-26 00:05:51,22.557332,113.975372,23.20788896626445,77.2983788462376,0.2827641182081741
074,2019-10-26 00:05:53,22.557424,113.975814,23.7734172026808,81.24268908774144,-0.3910183907569546
074,2019-10-26 00:05:54,22.557458,113.976053,23.38239881192385,77.39572616885795,-0.4849193293000287
074,2019-10-26 00:05:56,22.557547,113.976484,22.41256015332379,76.79621402423015,-0.1500532901714315
074,2019-10-26 00:05:58,22.557638,113.976904,22.112453572980925,76.87599452202244,0.3584755248137128
074,2019-10-26 00:05:59,22.557683,113.977113,22.47092909779464,77.2586844172884,0.0750089402144187
074,2019-10-26 00:06:01,22.557773,113.977544,22.62094697822348,76.56179157353836,0.0252057989715126
074,2019-10-26 00:06:02,22.55782,113.977757,22.646152777194988,76.84849970690186,-0.1368402497501026
074,2019-10-26 00:06:04,22.557913,113.978188,22.372472277694783,75.13613370811925,-0.1062469939566028
074,2019-10-26 00:06:05,22.557963,113.978392,22.26622528373818,76.31740785321335,0.0675504411072402
074,2019-10-26 00:06:07,22.558059,113.978819,22.40132616595266,76.40801193321363,0.1182092598733
074,2019-10-26 00:06:09,22.558153,113.97924,22.63774468569926,78.78923083535119,0.5215246511691909
074,2019-10-26 00:06:10,22.558194,113.979464,23.15926933686845,78.99769395259995,-0.1667451066947336
074,2019-10-26 00:06:12,22.558273,113.979904,22.825779123478984,77.80759603706417,-0.0981158132069381
074,2019-10-26 00:06:14,22.558359,113.980335,22.629547497065108,76.34818416138597,0.0083868738132828
074,2019-10-26 00:06:15,22.558407,113.980549,22.63793437087839,76.9558303835471,0.0121134321367364
074,2019-10-26 00:06:16,22.558453,113.980764,22.650047803015127,77.22999861732967,0.1879108342694131
074,2019-10-26 00:06:17,22.558498,113.980979,22.83795863728454,79.24578724966949,-0.2813413397684172
074,2019-10-26 00:06:19,22.558575,113.981418,22.275275957747706,77.5207800548917,-0.5066188326440653
074,2019-10-26 00:06:21,22.558659,113.981829,21.26203829245957,76.87157207960081,-1.0424621367194185
074,2019-10-26 00:06:22,22.558701,113.982024,20.21957615574016,77.345259564944,0.2037779756283004
074,2019-10-26 00:06:24,22.55878,113.982405,20.62713210699676,78.66088360743413,-0.1703411565885702
074,2019-10-26 00:06:26,22.558855,113.98281,20.286449793819617,74.53512144795957,-0.1597301860130535
074,2019-10-26 00:06:28,22.558948,113.983174,19.96698942179351,75.3618448315105,1.0124185222711477
074,2019-10-26 00:06:29,22.558996,113.983373,20.979407944064658,74.26403678675683,0.13420369765727
074,2019-10-26 00:06:31,22.559098,113.983765,21.2478153393792,75.99164307947927,0.1470271830018976
074,2019-10-26 00:06:33,22.559192000000003,113.984173,21.541869705382997,75.28238055849408,-0.0458418817957664
074,2019-10-26 00:06:34,22.559241,113.984375,21.496027823587227,75.35175046510437,0.3701663253836074
074,2019-10-26 00:06:35,22.55929,113.984578,21.866194148970838,76.37678050485988,0.1725782585636714
074,2019-10-26 00:06:36,22.559337,113.984788,22.038772407534506,76.18685020417809,-0.2646218688026884
074,2019-10-26 00:06:37,22.559384,113.984995,21.774150538731817,75.77255118504365,-0.2104084322558019
074,2019-10-26 00:06:39,22.55948,113.985405,21.353333674220213,79.76955005432751,0.1387604511360862
074,2019-10-26 00:06:40,22.559513,113.985603,21.4920941253563,81.407756430208,1.120037033457102
074,2019-10-26 00:06:41,22.559543,113.985818,22.6121311588134,84.11184963928054,0.003332285675027
074,2019-10-26 00:06:43,22.559585,113.986259,22.618795730163452,86.31364919916342,-0.1873046989347333
074,2019-10-26 00:06:45,22.559611,113.986696,22.24418633229399,88.53699251423183,-0.7820826073532032
074,2019-10-26 00:06:46,22.559616,113.986908,21.462103724940786,92.40798929910892,-0.0958555597417714
074,2019-10-26 00:06:47,22.559608,113.987114,21.36624816519901,94.15857659026278,-0.0259213670364442
074,2019-10-26 00:06:49,22.55958,113.987531,21.31440543112613,96.03055244603456,0.0159530690984492
074,2019-10-26 00:06:51,22.55954,113.987941,21.346311569323024,99.35719248865672,-0.1878980094426854
074,2019-10-26 00:06:53,22.559477,113.988355,20.970515550437653,103.37842278190556,0.0517862917770362
074,2019-10-26 00:06:55,22.55939200000001,113.988742,21.07408813399173,105.55977184293306,1.2417793056637798
074,2019-10-26 00:06:56,22.559338,113.988952,22.315867439655506,106.25339400155347,-0.3422397104185926
074,2019-10-26 00:06:57,22.559282,113.98916,21.973627729236917,108.24635542042336,-0.2801372083827562
074,2019-10-26 00:06:59,22.559159,113.989564,21.4133533124714,111.74929249540304,0.1540019943994828
074,2019-10-26 00:07:01,22.559019,113.989944,21.721357301270366,114.12260731204977,0.0122537932758142
074,2019-10-26 00:07:03,22.558854,113.990343,21.745864887821995,116.16958487953276,-0.2048887827444208
074,2019-10-26 00:07:05,22.558687,113.990711,21.336087322333157,114.59354558984352,0.0030553584237118
074,2019-10-26 00:07:06,22.558605,113.990905,21.339142680756865,116.83578792655464,-0.0802312057952221
074,2019-10-26 00:07:08,22.558434,113.991271,21.17868026916642,115.0111856155213,0.085739174551783
074,2019-10-26 00:07:10,22.558272,113.991647,21.350158618269987,115.8188668919222,-0.0396625341857692
074,2019-10-26 00:07:11,22.558188,113.991835,21.310496084084217,116.58565746509232,-0.1899321727467171
074,2019-10-26 00:07:13,22.558017,113.992205,20.930631738590783,116.93739212182822,-0.0749919084093768
074,2019-10-26 00:07:15,22.557849,113.992563,20.78064792177203,116.8267621414916,0.1660253143898984
074,2019-10-26 00:07:17,22.557679,113.992927,21.112698550551823,116.47291983424662,1.516373949731939
074,2019-10-26 00:07:18,22.557593,113.993114,22.629072500283765,120.481937688679,0.9907103471234572
074,2019-10-26 00:07:20,22.557381,113.993504,24.61049319453068,119.6177796195184,0.191455253911922
074,2019-10-26 00:07:22,22.55715,113.993944,24.993403702354524,117.44011161715554,-0.847620006855152
074,2019-10-26 00:07:24,22.556951,113.994359,23.29816368864422,116.8951906174692,-2.212758379280647
074,2019-10-26 00:07:25,22.556862,113.994549,21.085405309363573,113.75795580067688,-0.270511560269421
074,2019-10-26 00:07:27,22.556712,113.994918,20.54438218882473,113.996971510844,-0.1652494456679036
074,2019-10-26 00:07:28,22.556638,113.995098,20.379132743156827,111.0183007409782,0.1528313161945913
074,2019-10-26 00:07:30,22.556506,113.99547,20.68479537554601,104.56775744196096,0.4869803043445166
074,2019-10-26 00:07:31,22.556458,113.99567,21.171775679890526,103.220627179345,0.0868692086688813
074,2019-10-26 00:07:33,22.556371,113.996071,21.34551409722829,102.10504980442568,-0.0585751281223352
074,2019-10-26 00:07:34,22.55633,113.996278,21.286938969105957,99.26293190709988,-0.1557158146197697
074,2019-10-26 00:07:36,22.556269,113.996683,20.97550733986641,97.0632679051381,-0.3687195413285558
074,2019-10-26 00:07:37,22.556246,113.996884,20.60678779853786,95.31151131505897,0.1989382588490258
074,2019-10-26 00:07:38,22.556229,113.997082,20.805726057386885,93.60926132031204,0.3233579673676061
074,2019-10-26 00:07:39,22.556217,113.99728799999998,21.12908402475449,90.7546433128025,-0.2057883092117371
074,2019-10-26 00:07:41,22.556212,113.997699,20.717507406331016,89.05998188728432,-0.3436862570461816
074,2019-10-26 00:07:43,22.556218,113.998095,20.030134892238653,87.7033518704144,-0.4075896151649161
074,2019-10-26 00:07:44,22.556225,113.998284,19.622545277073737,88.54613478837103,-0.0009272116365401
074,2019-10-26 00:07:46,22.556234,113.998668,19.620690853800657,88.36769093660814,0.0522471917733309
074,2019-10-26 00:07:48,22.556244,113.999048,19.72518523734732,88.10141993113132,0.7174660959489216
074,2019-10-26 00:07:49,22.55625,113.999244,20.44265133329624,88.77159968422302,-0.1403869195540963
074,2019-10-26 00:07:50,22.556254,113.999446,20.302264413742144,88.88934193394493,-0.2120946485571888
074,2019-10-26 00:07:52,22.556261,113.999837,19.87807511662777,87.89501752327021,-0.0587662333769571
074,2019-10-26 00:07:54,22.556274,114.00022,19.76054264987385,88.72096340325118,0.626913209720783
074,2019-10-26 00:07:55,22.556278,114.000414,20.387455859594635,89.0831657583741,6.75686309178063
074,2019-10-26 00:07:56,22.556281,114.000617,27.144318951375265,89.99988684050419,-3.4958142549773363
074,2019-10-26 00:07:58,22.556281,114.001207,20.152690441420592,89.99996259990513,-2.617737454557457
074,2019-10-26 00:08:00,22.556281,114.001402,14.917215532305676,88.71430177230411,2.488982088343808
074,2019-10-26 00:08:02,22.556289000000003,114.001788,19.895179708993293,87.77394234417642,0.6522551511806292
074,2019-10-26 00:08:03,22.556296,114.001983,20.54743486017392,88.46839121039591,-0.0850198630414258
074,2019-10-26 00:08:05,22.556306,114.00238799999998,20.37739513409107,81.8579449927085,-0.0774936407660469
074,2019-10-26 00:08:07,22.556357,114.002774,20.222407852558977,78.3894616229469,0.2452329707555485
074,2019-10-26 00:08:09,22.556431,114.00316399999998,20.712873794070077,76.08171846387393,0.6515824901643512
074,2019-10-26 00:08:10,22.556477,114.003365,21.364456284234425,76.21358295710468,0.2163253966226754
074,2019-10-26 00:08:11,22.556523,114.003568,21.5807816808571,71.44409929457845,0.0802161119379576
074,2019-10-26 00:08:13,22.556647,114.003968,21.741213904733016,68.64321417316427,0.1016529743291538
074,2019-10-26 00:08:15,22.55679,114.004364,21.944519853391323,65.73771591192474,-0.1979623643775454
074,2019-10-26 00:08:16,22.556872,114.004561,21.746557489013775,63.67166717395685,0.2401400583664958
074,2019-10-26 00:08:17,22.556957,114.004747,21.986697547380277,66.21426153049595,0.0548732663676183
074,2019-10-26 00:08:19,22.557119,114.005145,22.09644408011551,65.35056944207582,0.0076965561433972
074,2019-10-26 00:08:21,22.557283,114.005532,22.111837192402305,66.52905545488471,0.4752518740936082
074,2019-10-26 00:08:22,22.557364,114.005734,22.587089066495917,65.54422022910171,0.1458887513747804
074,2019-10-26 00:08:23,22.557448,114.005934,22.73297781787069,65.68394518839887,0.0665136083690871
074,2019-10-26 00:08:25,22.557617,114.00633899999998,22.866005034608868,66.09589464997566,-0.0349158716878488
074,2019-10-26 00:08:27,22.557784,114.006747,22.79617329123317,65.54415448166532,-0.2809129339978966
074,2019-10-26 00:08:28,22.557868,114.006947,22.515260357235277,65.6188710277865,-0.1711116630546598
074,2019-10-26 00:08:30,22.558035,114.007346,22.173037031125958,64.95167392190842,2.822526041619387
074,2019-10-26 00:08:31,22.558117000000006,114.00753600000002,24.99556307274534,80.02290162009325,0.9944754830472357
074,2019-10-26 00:08:32,22.558162,114.00781299999998,25.990038555792577,74.12236145666856,-2.5666516889666866
074,2019-10-26 00:08:33,22.558219,114.00803,23.42338686682589,71.67082765848602,-0.0074033935879356
074,2019-10-26 00:08:34,22.558286,114.008249,23.415983473237954,70.92977482020814,-0.0889191427483808
074,2019-10-26 00:08:35,22.558354,114.008462,23.327064330489574,65.9323143130772,-0.2623352976963282
074,2019-10-26 00:08:37,22.558526,114.008879,22.80239373509692,68.48218702168708,-1.189533444029106
074,2019-10-26 00:08:38,22.558597,114.009074,21.61286029106781,68.03539520972186,-0.0015953251935805
074,2019-10-26 00:08:39,22.558670000000006,114.00927,21.61126496587423,69.31925719029795,0.1200696637716962
074,2019-10-26 00:08:41,22.558807,114.009663,21.851404293417623,70.33328406267321,0.2224282975163767
074,2019-10-26 00:08:43,22.558941,114.010069,22.296260888450377,69.26963896292852,0.1296188613665485
074,2019-10-26 00:08:44,22.559013,114.010275,22.425879749816925,68.89496217393798,-0.0015746539349059
074,2019-10-26 00:08:45,22.559085,114.010477,22.42430509588202,68.11224919421062,0.0272719582637197
074,2019-10-26 00:08:47,22.559236,114.010884,22.47884901240946,68.63917425078722,-0.1253246313579321
074,2019-10-26 00:08:49,22.559383,114.011291,22.228199749693594,69.60844118461068,-0.1236270183539751
074,2019-10-26 00:08:51,22.559521,114.011693,21.980945712985644,72.15493935113034,-0.0966721700378627
074,2019-10-26 00:08:53,22.559642,114.0121,21.78760137290992,74.03468091120914,-0.0519525304712313
074,2019-10-26 00:08:55,22.559749,114.012505,21.683696311967456,73.50837003294913,0.1031556432137286
074,2019-10-26 00:08:57,22.55986,114.01291100000002,21.890007598394916,76.14203131460295,0.0862566239929769
074,2019-10-26 00:08:59,22.559955,114.013328,22.062520846380867,77.49808721976814,0.0605986231507458
074,2019-10-26 00:09:00,22.559998,114.01353799999998,22.123119469531613,78.11741778254594,0.0466447574875807
074,2019-10-26 00:09:02,22.56008,114.01396,22.21640898450677,80.5632681436283,0.0265043265777151
074,2019-10-26 00:09:03,22.560113,114.014175,22.24291331108449,79.74589762918879,0.0064806772026031
074,2019-10-26 00:09:05,22.560184,114.0146,22.255874665489696,80.00255832322631,-0.0297711075021105
074,2019-10-26 00:09:06,22.560219,114.01481499999998,22.226103557987585,78.06247790532296,0.5308910241696658
074,2019-10-26 00:09:07,22.56026,114.015025,22.75699458215725,86.56481270369801,-0.0562632901602775
074,2019-10-26 00:09:09,22.560285,114.015476,22.644468001836696,85.52569851079716,-0.3585244507282841
074,2019-10-26 00:09:11,22.560316,114.015905,21.927419100380128,86.33803360140251,-0.0767837131863675
074,2019-10-26 00:09:13,22.560341,114.016328,21.773851674007396,87.07591530304802,0.3415914895106482
074,2019-10-26 00:09:14,22.560351,114.01654,22.11544316351804,89.85695941806046,0.0667166269933829
074,2019-10-26 00:09:16,22.560352,114.016974,22.248876417504807,91.14876030680448,-0.1696708684893089
074,2019-10-26 00:09:17,22.560348,114.01719,22.079205549015494,90.28987987486823,-0.3432454916421541
074,2019-10-26 00:09:18,22.560347,114.017404,21.735960057373344,90.589386387094,-0.1105511473283478
074,2019-10-26 00:09:20,22.560343,114.017825,21.514857762716648,91.0413046619438,-0.1261626938644333
074,2019-10-26 00:09:22,22.560336,114.018242,21.26253237498778,91.81080988560576,-0.0680789441491516
074,2019-10-26 00:09:24,22.560324,114.018653,21.12637448668948,90.90343311203316,0.3354817202501223
074,2019-10-26 00:09:25,22.560321,114.018859,21.4618562069396,88.96842694154458,0.0362693984585948
074,2019-10-26 00:09:27,22.560328,114.01928,21.53439500385679,88.50886413308325,0.1404337702784275
074,2019-10-26 00:09:28,22.560333,114.019488,21.674828774135214,88.39450430640136,0.1222653690010915
074,2019-10-26 00:09:30,22.560344,114.019913,21.9193595121374,86.52510335698884,0.1340476219467685
074,2019-10-26 00:09:32,22.560368,114.020341,22.187454756030935,85.15096606985315,0.1232047028522647
074,2019-10-26 00:09:34,22.560402,114.020775,22.433864161735467,84.04477260485749,0.0502121483255049
074,2019-10-26 00:09:36,22.560444,114.021211,22.53428845838648,82.78095906249888,0.0113357983853834
074,2019-10-26 00:09:38,22.560495,114.021647,22.556960055157244,81.20627933734261,0.1995045643159301
074,2019-10-26 00:09:39,22.560526,114.021864,22.75646461947317,81.18656138926337,0.0466623190115047
074,2019-10-26 00:09:41,22.560589,114.022304,22.849789257496184,79.90666507580698,0.0185153803700828
074,2019-10-26 00:09:43,22.560661,114.022742,22.88682001823635,78.67585790028954,0.0268909265056365
074,2019-10-26 00:09:45,22.560742,114.02318,22.940601871247623,77.26437821017203,0.0150295419695236
074,2019-10-26 00:09:47,22.560833,114.023616,22.97066095518667,76.58931457524056,-0.008138224736875
074,2019-10-26 00:09:48,22.560881,114.023834,22.962522730449795,76.82970463250336,-0.0657304081959129
074,2019-10-26 00:09:50,22.560975,114.024269,22.83106191405797,76.84820930151875,-0.1136002386628405
074,2019-10-26 00:09:52,22.561068,114.0247,22.603861436732288,76.77743941836684,-0.0917714779634089
074,2019-10-26 00:09:53,22.561114,114.024912,22.51208995876888,76.95558310463667,0.0499956880570131
074,2019-10-26 00:09:54,22.56116,114.025127,22.56208564682589,76.83734228724188,-0.224207186129508
074,2019-10-26 00:09:55,22.561206,114.02534,22.337878460696384,76.09787275249619,-0.5750279023344511
074,2019-10-26 00:09:56,22.561254,114.02555,21.762850558361933,74.8876906586782,-0.1536712083532094
074,2019-10-26 00:09:58,22.561355,114.025955,21.455508141655518,75.79079235202795,-0.3776224328912683
074,2019-10-26 00:09:59,22.561402,114.026156,21.07788570876425,77.60171232730659,-0.0903748895752141
074,2019-10-26 00:10:01,22.561483,114.026555,20.897135929613817,78.56033028544044,-0.2703964744356106
074,2019-10-26 00:10:02,22.56152,114.026753,20.626739455178207,77.47629283953461,0.2994462872407126
074,2019-10-26 00:10:03,22.56156,114.026948,20.92618574241892,78.9288458180331,0.1929420890742825
074,2019-10-26 00:10:05,22.561633,114.027352,21.312069920567485,79.11285377284196,0.2218058080948655
074,2019-10-26 00:10:07,22.561706,114.027763,21.755681536757216,80.4098307893592,0.1618205778074344
074,2019-10-26 00:10:09,22.561772,114.028186,22.079322692372084,79.58049891113171,0.1234717928207711
074,2019-10-26 00:10:11,22.561844,114.02861,22.326266278013627,80.0477548960402,0.1605032417452694
074,2019-10-26 00:10:13,22.561914,114.029042,22.64727276150417,80.49933292476578,0.1655302687959015
074,2019-10-26 00:10:14,22.561948,114.02926200000002,22.812803030300067,80.13729313648565,0.0643762964830827
074,2019-10-26 00:10:15,22.561983,114.02948,22.87717932678315,80.52043666723523,-0.0337496250719624
074,2019-10-26 00:10:17,22.562051,114.029921,22.809680076639225,80.04778292977278,-0.6280193948475237
074,2019-10-26 00:10:18,22.562086,114.030137,22.1816606817917,79.81678581667484,-0.17757906213488
074,2019-10-26 00:10:20,22.562156,114.030559,21.82650255752194,79.93832214842195,-0.1218391722229252
074,2019-10-26 00:10:22,22.562224,114.030974,21.58282421307609,80.15873443777537,-0.3257629334356018
074,2019-10-26 00:10:23,22.562257,114.03118,21.25706127964049,80.26588004472768,-0.4329066373605634
074,2019-10-26 00:10:24,22.562289,114.031382,20.824154642279925,80.5764902119177,0.045574736996885
074,2019-10-26 00:10:26,22.56235,114.03178,20.915304116273692,81.67461771145508,0.183247814758543
074,2019-10-26 00:10:28,22.562405,114.032187,21.28179974579078,83.20414072290498,0.0754169750082773
074,2019-10-26 00:10:29,22.562428,114.032396,21.35721672079906,80.90790896735137,-0.139817974853635
074,2019-10-26 00:10:30,22.562458,114.032599,21.217398745945424,80.82555122999565,-0.0148178266253449
074,2019-10-26 00:10:32,22.562519,114.033008,21.18776309269473,80.14062679984141,-0.0805432612446743
074,2019-10-26 00:10:34,22.562584,114.033413,21.026676570205385,80.99143913794694,-0.3084205911520801
074,2019-10-26 00:10:36,22.562643,114.033816,20.409835387901225,79.84815857956175,-0.4152637455407877
074,2019-10-26 00:10:38,22.562706,114.034197,19.57930789681965,79.20038682195764,-0.0978015588957053
074,2019-10-26 00:10:40,22.562771,114.034566,19.38370477902824,77.2074841802866,-0.2852977462828221
074,2019-10-26 00:10:41,22.56281,114.034752,19.098407032745417,80.15704722745522,-0.0175573954925347
074,2019-10-26 00:10:43,22.562868,114.035114,19.063292241760347,82.45332910130003,0.4848785603067966
074,2019-10-26 00:10:44,22.562891,114.035302,19.548170802067144,80.19598473379466,0.0576281845785455
074,2019-10-26 00:10:46,22.562951,114.035678,19.663427171224235,78.34535569552332,-0.037303540558284
074,2019-10-26 00:10:47,22.562987,114.035867,19.62612363066595,77.7797370373865,0.2231840062400856
074,2019-10-26 00:10:48,22.563024,114.036052,19.84930763690604,78.64901266203384,0.1808015217596512
074,2019-10-26 00:10:50,22.563095,114.036435,20.21091068042534,78.75077619419847,0.261414763025936
074,2019-10-26 00:10:51,22.563131,114.036631,20.472325443451275,79.0282506780809,-0.0749418402767059
074,2019-10-26 00:10:53,22.563201,114.037022,20.322441762897864,78.88964020196028,-0.1301498631024333
074,2019-10-26 00:10:55,22.563271,114.037408,20.062142036693,78.66056693744633,-0.5295419782546738
074,2019-10-26 00:10:56,22.563306,114.037597,19.532600058438323,78.26106335910936,-0.2086262320558614
074,2019-10-26 00:10:58,22.563377,114.037967,19.1153475943266,78.5856949455017,-1.5521164268826269
074,2019-10-26 00:10:59,22.56341,114.038144,17.563231167443973,80.44234473256188,-0.3511917529188366
074,2019-10-26 00:11:01,22.563461,114.038472,16.8608476616063,80.77376567218948,-0.1415627747992278
074,2019-10-26 00:11:03,22.563509,114.038792,16.577722112007844,80.30719035106449,-0.0141827766676509
074,2019-10-26 00:11:05,22.563559,114.039109,16.549356558672542,81.15200349970814,-0.0162711462327713
074,2019-10-26 00:11:06,22.563582,114.039269,16.53308541243977,78.72364876683565,-0.1301149771039096
074,2019-10-26 00:11:08,22.56364,114.039584,16.272855458231952,78.25149877215841,-0.2567644710945451
074,2019-10-26 00:11:09,22.563669,114.039735,16.016090987137407,79.31763314650613,0.8564938250485383
074,2019-10-26 00:11:10,22.563696,114.03989,16.872584812185945,78.0690599554041,0.3839198465215467
074,2019-10-26 00:11:12,22.56376,114.040218,17.64042450522904,76.29802161318173,0.119986797546769
074,2019-10-26 00:11:14,22.563837,114.04056,17.880398100322576,75.80789149202906,-0.0962285878029778
074,2019-10-26 00:11:16,22.563915,114.040894,17.68794092471662,75.80791775282637,0.1148605192000857
074,2019-10-26 00:11:17,22.56395400000001,114.041061,17.802801443916707,76.31523044918373,-0.0715595353323603
074,2019-10-26 00:11:19,22.56403,114.041399,17.659682373251986,76.74530428433332,-0.0266212377568759
074,2019-10-26 00:11:21,22.564102,114.04173,17.606439897738234,74.9382920635473,0.1308445093544925
074,2019-10-26 00:11:23,22.564185,114.042064,17.86812891644722,73.57694763191017,0.4351799132038501
074,2019-10-26 00:11:24,22.564231,114.042233,18.30330882965107,71.44644251920818,0.5198342496853456
074,2019-10-26 00:11:25,22.564284,114.042404,18.82314307933641,72.25803068134462,0.1962161094231813
074,2019-10-26 00:11:27,22.564388,114.042756,19.215575298182777,71.57193681865135,0.6154980697667867
074,2019-10-26 00:11:28,22.564444,114.042938,19.831073367949564,71.1527199621737,0.212360367540132
074,2019-10-26 00:11:29,22.564502,114.043122,20.043433735489696,71.64123680691318,0.5140066530291314
074,2019-10-26 00:11:30,22.564559,114.043308,20.557440388518827,72.07543733430327,0.1352630101340839
074,2019-10-26 00:11:32,22.564674,114.043693,20.827966408786995,73.01555292979151,0.2065080903610123
074,2019-10-26 00:11:33,22.564729,114.043888,21.034474499148008,73.13777395829055,0.0220663973644921
074,2019-10-26 00:11:35,22.564839000000006,114.044281,21.078607293876992,73.75707325839653,0.009370193121601
074,2019-10-26 00:11:36,22.564892,114.044478,21.087977486998597,74.41462997587394,0.1910999238147432
074,2019-10-26 00:11:37,22.564943,114.044676,21.279077410813336,77.22599858501906,0.0625288651180646
074,2019-10-26 00:11:39,22.565028,114.045082,21.404135141049466,78.6496470750958,0.0564947388091034
074,2019-10-26 00:11:40,22.565066,114.04528700000002,21.46062987985857,80.30475624104315,-0.0005946843117534
074,2019-10-26 00:11:42,22.565131,114.045699,21.459440511235066,81.96021989672204,0.0205866034707042
074,2019-10-26 00:11:43,22.565158,114.045906,21.480027114705766,83.46589999088292,-0.0518718684401449
074,2019-10-26 00:11:44,22.56518,114.046114,21.42815524626562,84.32358118320923,-0.1231365014488048
074,2019-10-26 00:11:45,22.565199,114.046321,21.305018744816817,85.20373237280285,0.0175223693030339
074,2019-10-26 00:11:47,22.565231,114.046734,21.340063483422885,88.3636650101123,0.0476484794565195
074,2019-10-26 00:11:49,22.565242,114.047151,21.435360442335924,90.89045776833116,-0.0732340815603382
074,2019-10-26 00:11:51,22.565236,114.047569,21.288892279215247,92.2631886159922,-0.1017659595919138
074,2019-10-26 00:11:53,22.565221,114.04798,21.08536036003142,95.45801973645295,-0.2720671939219663
074,2019-10-26 00:11:54,22.565203,114.048184,20.813293166109453,94.0262970915893,-0.0815409478107334
074,2019-10-26 00:11:55,22.56519,114.048384,20.73175221829872,92.14371381668995,-0.1258235222083055
074,2019-10-26 00:11:57,22.565176,114.048789,20.48010517388211,91.6069450582147,-0.661564929237251
074,2019-10-26 00:11:58,22.565171,114.048982,19.818540244644858,89.99992593922252,-0.0219898225252617
074,2019-10-26 00:12:00,22.565171,114.049368,19.77456059959433,98.70326788225805,0.1935304087231095
074,2019-10-26 00:12:01,22.565144,114.049559,19.968091008317444,95.39309577978815,0.2410920199888302
074,2019-10-26 00:12:02,22.565127,114.049754,20.209183028306278,95.0262776091505,0.1656501641716978
074,2019-10-26 00:12:03,22.565111,114.049951,20.37483319247797,92.49268934301836,0.2105753910488523
074,2019-10-26 00:12:04,22.565103,114.05015,20.585408583526824,92.00555768139616,-0.0840258054071334
074,2019-10-26 00:12:06,22.56509,114.050552,20.41735697271256,93.19488121296672,0.087166762080983
074,2019-10-26 00:12:07,22.56508,114.050746,20.50452373479354,93.52776399996765,0.1848131178124976
074,2019-10-26 00:12:09,22.565057,114.05115,20.874149970418536,92.11763035341818,0.0627517814431755
074,2019-10-26 00:12:10,22.56505,114.051355,20.93690175186171,93.05346716927625,0.0985856779913856
074,2019-10-26 00:12:12,22.56503,114.051761,21.134073107844483,90.5880498926212,0.4966461017956938
074,2019-10-26 00:12:13,22.565028,114.051972,21.630719209640176,93.83514648295107,-0.1997174112864677
074,2019-10-26 00:12:14,22.565015,114.052182,21.43100179835371,89.85077218516057,-0.1563146946537834
074,2019-10-26 00:12:16,22.565016,114.052598,21.11837240904614,90.61730776880825,-0.3974992924154215
074,2019-10-26 00:12:17,22.565014,114.052799,20.72087311663072,86.62510389736292,0.0406771380035042
074,2019-10-26 00:12:19,22.565036,114.053203,20.80222739263773,82.95352148545373,-0.0447474294156844
074,2019-10-26 00:12:21,22.565082,114.053606,20.71273253380636,82.0801395452267,-0.1002079505231208
074,2019-10-26 00:12:23,22.565133,114.054003,20.51231663276012,80.89709199508457,-0.2162939754042625
074,2019-10-26 00:12:24,22.565162,114.054199,20.296022657355856,78.58031254522712,-0.0687432847999893
074,2019-10-26 00:12:25,22.565198,114.054392,20.227279372555863,75.68714614569978,0.0967206490391472
074,2019-10-26 00:12:27,22.565288,114.054774,20.42072067063416,74.66502589713843,0.2757330076509507
074,2019-10-26 00:12:29,22.565386,114.055161,20.972186685936062,73.19475251449956,0.2001394893301942
074,2019-10-26 00:12:31,22.565497,114.055559,21.37246566459645,71.55010187100936,0.1459565468259249
074,2019-10-26 00:12:32,22.565558,114.055757,21.518422211422376,71.81973014511448,-0.1421612782419163
074,2019-10-26 00:12:34,22.565679,114.056156,21.234099654938543,68.00408885454061,-0.3117805440778536
074,2019-10-26 00:12:36,22.56582,114.056534,20.61053856678284,65.57142846046463,-0.2292429983099779
074,2019-10-26 00:12:38,22.565971,114.056894,20.15205257016288,64.10606994483135,-0.4268183497203175
074,2019-10-26 00:12:39,22.566049,114.057068,19.72523422044256,62.99635560179502,-0.4836231719179693
074,2019-10-26 00:12:40,22.566129,114.05723799999998,19.241611048524597,63.04936875019183,-0.4873600275579939
074,2019-10-26 00:12:41,22.566206,114.057402,18.7542510209666,62.61968794423058,-0.6604172052226751
074,2019-10-26 00:12:42,22.566283,114.057563,18.093833815743924,63.92313311307589,-0.0621124659904417
074,2019-10-26 00:12:44,22.566424,114.057875,17.96960888376304,65.51395230312232,0.3390766237478804
074,2019-10-26 00:12:46,22.566559,114.058196,18.6477621312588,62.95274518132004,0.3095365426640182
074,2019-10-26 00:12:48,22.566716,114.058529,19.26683521658684,62.720983229249214,0.2844305797972879
074,2019-10-26 00:12:49,22.566796,114.058697,19.55126579638413,62.49419577269407,0.0469779939296621
074,2019-10-26 00:12:51,22.566959,114.059036,19.64522178424345,62.56324137835856,-0.1308495316943343
074,2019-10-26 00:12:53,22.567122,114.059376,19.38352272085478,63.17970301466346,-0.1774006481357002
074,2019-10-26 00:12:55,22.567277,114.059708,19.02872142458338,63.3395694644629,-0.0291873026175899
074,2019-10-26 00:12:57,22.56743,114.060038,18.9703468193482,63.18957562262312,0.0771892799539326
074,2019-10-26 00:12:59,22.567584,114.060368,19.124725379256063,62.72083628091258,0.0864148026084699
074,2019-10-26 00:13:00,22.567664,114.060536,19.211140181864536,64.13160575113523,0.0707131173387463
074,2019-10-26 00:13:02,22.567814,114.060871,19.35256641654203,62.27221051648041,0.1862149871011773
074,2019-10-26 00:13:03,22.567897,114.061042,19.53878140364321,64.16686117023136,0.0540053169909562
074,2019-10-26 00:13:05,22.568049,114.061382,19.64679203762512,66.28541639089553,0.1362079783187901
074,2019-10-26 00:13:07,22.568193,114.061737,19.9192079942627,68.74904306653798,0.0539170548321354
074,2019-10-26 00:13:09,22.568323,114.062099,20.02704210392697,67.67884039064631,-0.4758504882846779
074,2019-10-26 00:13:10,22.568392000000006,114.062281,19.55119161564229,75.13032523043802,-0.0265071215629006
074,2019-10-26 00:13:12,22.568481,114.062644,19.49817737251649,83.06780689018728,0.126091115415516
074,2019-10-26 00:13:14,22.568524,114.063027,19.750359603347523,83.4967410820318,-0.1488720707977364
074,2019-10-26 00:13:15,22.568544,114.063217,19.601487532549783,83.47969207721411,-0.1376011597691917
074,2019-10-26 00:13:17,22.568584,114.063596,19.326285213011403,83.47049543543869,-0.2171734527068878
074,2019-10-26 00:13:19,22.568623,114.063965,18.891938307597627,82.41859443743601,-1.0754903691401871
074,2019-10-26 00:13:20,22.568645,114.064144,17.81644793845744,83.78299977802328,-0.3621057688454012
074,2019-10-26 00:13:22,22.568679,114.064482,17.092236400766637,83.8950118879248,-0.3594899986404005
074,2019-10-26 00:13:24,22.568711,114.064806,16.373256403485836,85.11337674781026,-0.6318275988132633
074,2019-10-26 00:13:25,22.568723,114.064958,15.741428804672571,83.1388030309534,0.1709990609469631
074,2019-10-26 00:13:26,22.56874,114.06511100000002,15.912427865619536,83.79944096403756,0.0830055086235832
074,2019-10-26 00:13:28,22.568771,114.06542,16.078438882866703,83.74169628557894,0.446341540545383
074,2019-10-26 00:13:29,22.568787,114.065578,16.524780423412086,83.85737769627463,0.0434372825637243
074,2019-10-26 00:13:31,22.568819,114.0659,16.611654988539534,85.385320621846,-0.0644586284982722
074,2019-10-26 00:13:32,22.568831,114.066061,16.547196360041262,89.61458718353106,-0.2777868669108656
074,2019-10-26 00:13:33,22.568832,114.066222,16.269409493130397,99.1289635438598,-0.6112682970401107
074,2019-10-26 00:13:34,22.568809,114.066377,15.658141196090286,111.3901524490708,-0.5396683669621645
074,2019-10-26 00:13:36,22.568707,114.066659,14.578804462165955,125.6408086480568,-0.6269139304410452
074,2019-10-26 00:13:38,22.568562,114.066878,13.324976601283868,135.60649081025554,-0.3894830328835592
074,2019-10-26 00:13:40,22.568396,114.067054,12.546010535516748,149.21534793865328,-0.8098204128247382
074,2019-10-26 00:13:41,22.568303,114.067114,11.73619012269201,162.08924890331184,0.1398745322051704
074,2019-10-26 00:13:43,22.568103,114.067184,12.01593918710235,169.25613674105057,0.4519136533986367
074,2019-10-26 00:13:45,22.567884,114.067229,12.919766493899624,172.54695637066982,0.5719729253561088
074,2019-10-26 00:13:47,22.567644,114.06726299999998,14.063712344611842,173.166587089465,0.4652482418281582
074,2019-10-26 00:13:49,22.567382,114.067297,14.994208828268158,174.34960744804266,0.7722828294323687
074,2019-10-26 00:13:50,22.567242,114.06731200000002,15.766491657700527,175.9084052039085,0.1069380101535131
074,2019-10-26 00:13:52,22.566958,114.067334,15.980367678007552,175.65965353439776,0.411662715375634
074,2019-10-26 00:13:53,22.566812,114.067346,16.392030393383187,175.71808265467575,0.3579135551088761
074,2019-10-26 00:13:54,22.566664000000006,114.067358,16.749943948492064,176.68597665173593,0.1254751671071634
074,2019-10-26 00:13:56,22.566361,114.067377,17.00089428270639,177.27127644891607,0.6241222976822165
074,2019-10-26 00:13:57,22.566206,114.06738500000002,17.625016580388607,177.356420023483,0.2406675148235759
074,2019-10-26 00:13:59,22.565886,114.067401,18.10635161003576,177.48213567158814,0.8104462940881483
074,2019-10-26 00:14:00,22.565718,114.067409,18.916797904123907,178.15496545496285,0.471205769859587
074,2019-10-26 00:14:01,22.565546,114.067415,19.38800367398349,179.39706596161386,0.2220753912652409
074,2019-10-26 00:14:03,22.565195000000006,114.067419,19.832154456513976,178.56254391479206,0.8919441580959742
074,2019-10-26 00:14:04,22.565011,114.067424,20.72409861460995,178.8714072290445,0.1486024001279382
074,2019-10-26 00:14:06,22.564636,114.067432,21.021303414865827,178.34703053479666,-0.0344594090032934
074,2019-10-26 00:14:07,22.564444,114.067438,20.986844005862533,178.44421053024325,-0.1671952039450204
074,2019-10-26 00:14:09,22.56407,114.067449,20.65245359797249,178.55468050943432,-0.6324213901935813
074,2019-10-26 00:14:10,22.563887,114.067454,20.02003220777891,178.81450973507356,-0.1526578138276217
074,2019-10-26 00:14:12,22.56353,114.067462,19.714716580123667,178.4972143415605,-0.1433794396917651
074,2019-10-26 00:14:14,22.563178,114.067472,19.427957700740137,178.76971807627183,-0.6322436985465778
074,2019-10-26 00:14:15,22.563006,114.067476,18.79571400219356,178.89454709180507,-0.4582055265658589
074,2019-10-26 00:14:17,22.562671,114.067483,17.87930294906184,178.45428901870366,-0.8448354889299594
074,2019-10-26 00:14:19,22.562363,114.067492,16.189631971201923,177.2985419665905,-1.0316518756790112
074,2019-10-26 00:14:21,22.562089,114.067506,14.1263282198439,180.0,-0.9289106567859706
074,2019-10-26 00:14:23,22.561855,114.067506,12.26850690627196,180.0,-1.9824636316680824
074,2019-10-26 00:14:24,22.561758,114.067506,10.286043274603877,178.79765907729836,-2.092896050700247
074,2019-10-26 00:14:25,22.56167,114.067508,8.19314722390363,178.80669546512115,-0.981819483234097
074,2019-10-26 00:14:27,22.561537,114.067511,6.229508257435436,177.67552433708704,-0.9638958649875238
074,2019-10-26 00:14:29,22.561446,114.067515,4.301716527460388,180.0,-2.186518960931248
074,2019-10-26 00:14:30,22.561421,114.067515,2.1151975665291403,188.08601915855715,-1.5334783132033942
074,2019-10-26 00:14:31,22.561408,114.067513,0.581719253325746,234.1738915396582,-0.2033049120534517
074,2019-10-26 00:14:33,22.561406,114.06751,0.1751094292188425,298.4327439720094,0.0781846248333158
074,2019-10-26 00:14:34,22.561407,114.067508,0.2532940540521584,309.0819567473481,-0.0054228219474748
074,2019-10-26 00:14:36,22.56141,114.067504,0.2424484101572087,234.1738909867553,0.014264214152458
074,2019-10-26 00:14:37,22.561408,114.067501,0.2567126243096668,317.27848834051446,-0.1300655972439731
074,2019-10-26 00:14:38,22.56141,114.067499,0.1266470270656936,192.99994688462996,0.0888362005824641
074,2019-10-26 00:14:40,22.561406,114.067498,0.3043194282306219,145.29346165028403,0.0874147771273435
074,2019-10-26 00:14:41,22.561402,114.067501,0.3917342053579655,155.21560225803773,-0.0493696366277476
074,2019-10-26 00:14:42,22.5614,114.067502,0.3423645687302178,148.38163783296676,0.0162799184481204
074,2019-10-26 00:14:44,22.561394,114.067506,0.3749244056264587,162.8904310968469,-0.0764355872295703
074,2019-10-26 00:14:45,22.561391,114.067507,0.2984888183968883,180.0,-0.0234933237388196
074,2019-10-26 00:14:47,22.561386,114.067507,0.2515021709192491,167.0000509198345,-0.0330886465764328
074,2019-10-26 00:14:49,22.561382,114.067508,0.1853248777663833,222.7215176647497,0.6699137372138138
074,2019-10-26 00:14:50,22.561381,114.067507,0.855238614980197,172.82265884250182,0.6445543745085986
074,2019-10-26 00:14:52,22.561359,114.06751,2.1443473639973942,178.07668973008197,0.6383035525549843
074,2019-10-26 00:14:54,22.561304,114.067512,3.420954469107363,171.48313943583412,0.3480875943128367
074,2019-10-26 00:14:55,22.561267,114.067518,3.7690420634202,149.74736634464853,-0.362575540896713
074,2019-10-26 00:14:57,22.56121,114.067554,3.0438909816267734,84.01757184973962,-0.1190844556983021
074,2019-10-26 00:14:58,22.561213,114.067585,2.9248065259284712,8.516861546715006,2.52901048057027
074,2019-10-26 00:14:59,22.56125,114.067591,5.453817006498741,0.4809967582705212,0.4847341066919939
074,2019-10-26 00:15:01,22.56136,114.067592,6.423285219882729,8.339161759965862,1.6105236551504358
074,2019-10-26 00:15:02,22.561423,114.067602,8.033808875033165,1.958896802889228,1.7889463828324352
074,2019-10-26 00:15:03,22.561504,114.067605,9.8227552578656,0.0,0.3708249990959711
074,2019-10-26 00:15:05,22.561688,114.067605,10.564405256057542,357.9054594153113,1.2230521267488683
074,2019-10-26 00:15:06,22.561789,114.067601,11.78745738280641,0.0,0.2590810511637791
074,2019-10-26 00:15:08,22.562006,114.067601,12.305619485133969,0.4600822305243355,1.1867262878494138
074,2019-10-26 00:15:09,22.562121,114.067602,13.492345772983382,0.6374495877868753,0.384767847705965
074,2019-10-26 00:15:11,22.56237,114.067605,14.261881468395313,0.8016203792604983,0.6133996901473893
074,2019-10-26 00:15:13,22.562634,114.067609,15.488680848690093,356.5730500478549,0.4741805028189496
074,2019-10-26 00:15:15,22.562927,114.06759,16.43704185432799,358.94191575370206,0.3180402722915971
074,2019-10-26 00:15:16,22.563077,114.06758700000002,16.755082126619588,1.7514447024066158,0.28253435274876
074,2019-10-26 00:15:18,22.563379,114.067597,17.320150832117108,359.8351718299199,0.3096649929139783
074,2019-10-26 00:15:20,22.5637,114.067596,17.939480817945064,0.6491737698244151,0.8906466832114575
074,2019-10-26 00:15:21,22.563863,114.067598,18.83012750115652,358.7732937106145,0.150287613800149
074,2019-10-26 00:15:23,22.564208,114.06759,19.13070272875682,358.453307743164,-0.2730957195120993
074,2019-10-26 00:15:24,22.564379,114.067585,18.85760700924472,357.7965176776415,-0.4235992984367698
074,2019-10-26 00:15:25,22.564547,114.067578,18.43400771080795,357.91027670871904,-0.2899193224753595
074,2019-10-26 00:15:27,22.564876,114.067565,17.85416906585723,358.8168904893015,-0.3263074045696292
074,2019-10-26 00:15:29,22.565189,114.067558,17.201554256717973,358.9489385987715,-0.517258904302178
074,2019-10-26 00:15:30,22.56534,114.067555,16.684295352415795,358.2250880424036,-0.390274728972571
074,2019-10-26 00:15:31,22.565489000000003,114.06755,16.294020623443224,359.2651896483433,-0.4998529120098265
074,2019-10-26 00:15:32,22.565633,114.067548,15.794167711433396,358.3118991058321,-0.3903289305588435
074,2019-10-26 00:15:34,22.565915,114.067539,15.01350985031571,359.79492707624263,-0.6404202192362121
074,2019-10-26 00:15:36,22.566173000000006,114.06753799999998,13.732669411843286,359.77581069357694,-0.5652656227402035
074,2019-10-26 00:15:38,22.566409,114.06753700000002,12.60213816636288,0.0,-1.5306219172805786
074,2019-10-26 00:15:39,22.566513,114.06753700000002,11.0715162490823,4.4465355489435865,-2.0938940388345824
074,2019-10-26 00:15:40,22.566608,114.067545,8.977622210247718,1.079643958134227,-1.1242831067786092
074,2019-10-26 00:15:42,22.566755,114.067548,6.7290559966905,1.6703302084511051,-0.8431802344600556
074,2019-10-26 00:15:44,22.56685,114.067551,5.042695527770388,1.2902395212309443,-0.5901600407551939
074,2019-10-26 00:15:45,22.566891,114.067552,4.4525354870151945,4.063079208058241,-0.3703145735392672
074,2019-10-26 00:15:46,22.56693,114.067555,4.082220913475927,24.78351126649545,0.1052748932719507
074,2019-10-26 00:15:48,22.566996,114.067588,4.292770700019829,18.667059439770355,1.185948378792955
074,2019-10-26 00:15:49,22.567037,114.067603,5.478719078812784,5.025989548628672,0.6152037780673116
074,2019-10-26 00:15:51,22.567142,114.067613,6.709126634947407,1.555753292471309,0.6317219620789181
074,2019-10-26 00:15:53,22.567278,114.067617,7.972570559105243,2.008363811328195,1.149026210576201
074,2019-10-26 00:15:54,22.567357,114.06762,9.121596769681444,1.244711270871278,0.7424977480291926
074,2019-10-26 00:15:55,22.567442,114.067622,9.864094517710637,2.0453151860280627,0.2043035882828654
074,2019-10-26 00:15:57,22.567623,114.067629,10.272701694276368,1.652930232547135,0.6679460599557494
074,2019-10-26 00:15:58,22.567719,114.067632,10.940647754232115,2.125993388728091,0.3544155143435539
074,2019-10-26 00:16:00,22.567918,114.06764,11.649478782919225,0.0,0.4856901718201518
074,2019-10-26 00:16:02,22.568138,114.06764,12.620859126559528,359.32172149179894,0.3445160787292352
074,2019-10-26 00:16:04,22.568372,114.067637,13.309891284018,357.46207008464,1.044703956685101
074,2019-10-26 00:16:05,22.568497,114.067631,14.3545952407031,357.9814444474044,0.2628607036559893
074,2019-10-26 00:16:07,22.568759,114.067621,14.88031664801508,358.25632063391373,-0.0053014818777521
074,2019-10-26 00:16:09,22.569032,114.067612,14.869713684259574,358.34708704612865,-1.073219182433279
074,2019-10-26 00:16:10,22.56916,114.067608,13.796494501826295,357.8326818792392,-0.2950022176592197
074,2019-10-26 00:16:12,22.569404,114.067598,13.206490066507856,357.1679645332864,-0.617886536114991
074,2019-10-26 00:16:13,22.569516,114.067592,12.588603530392865,355.8304513381554,-0.0925152478053767
074,2019-10-26 00:16:14,22.56963,114.067583,12.496088282587488,354.72419447658416,-0.4708682780593189
074,2019-10-26 00:16:15,22.56974,114.067572,12.025220004528167,348.4579782291005,-0.5925924631188071
074,2019-10-26 00:16:16,22.569844,114.067549,11.432627541409362,347.13035840800666,-1.252863125422525
074,2019-10-26 00:16:17,22.569941,114.067525,10.179764415986837,349.06120374395624,-0.21105420584224
074,2019-10-26 00:16:19,22.570113,114.067489,9.757656004302357,351.5480015089514,-0.0416875247356447
074,2019-10-26 00:16:21,22.570287,114.067461,9.674280954831069,355.65128755691785,-0.4245628121127325
074,2019-10-26 00:16:22,22.570372,114.067454,9.249718142718336,356.4558625013403,-0.1167848060537686
074,2019-10-26 00:16:24,22.570536,114.067443,9.016148530610796,358.34710544329687,-0.1709973240970201
074,2019-10-26 00:16:26,22.570696,114.067438,8.674153882416757,0.0,-0.472967977389664
074,2019-10-26 00:16:28,22.570848,114.067438,7.728217927637429,0.8397366521405729,-0.4170237589327099
074,2019-10-26 00:16:30,22.570974,114.06744,6.894170409772009,359.1182833753421,-0.8447318669468382
074,2019-10-26 00:16:31,22.571034,114.067439,6.049438542825171,5.12291947863298,0.0375465869685873
074,2019-10-26 00:16:33,22.571137,114.067449,6.124531716762346,16.82285777636696,0.2443726294470987
074,2019-10-26 00:16:35,22.57125,114.06748600000002,6.613276975656543,37.69120120054026,0.0179137075411373
074,2019-10-26 00:16:37,22.571348,114.067568,6.649104390738818,57.64881394668328,-0.6887470760500216
074,2019-10-26 00:16:38,22.571379,114.067621,5.960357314688796,59.520590193357975,-0.1584054804053023
074,2019-10-26 00:16:39,22.571404,114.067667,5.801951834283494,77.26466736278326,0.2324691726008669
074,2019-10-26 00:16:41,22.571428,114.067782,6.266890179485228,83.34788210424858,0.9259147396607652
074,2019-10-26 00:16:42,22.571435,114.067847,7.192804919145993,91.65415510131436,0.0023628238444874
074,2019-10-26 00:16:43,22.571433,114.067922,7.19516774299048,82.40798401224873,-0.1979331482268911
074,2019-10-26 00:16:44,22.571441,114.06798700000002,6.997234594763589,76.75239189547403,1.3525879521197828
074,2019-10-26 00:16:45,22.571456,114.068056,8.349822546883372,82.82278938971149,0.3045545547368737
074,2019-10-26 00:16:47,22.571476,114.068228,8.95893165635712,85.03902148991892,-0.1391681849274704
074,2019-10-26 00:16:50,22.571497,114.06849,8.541427101574708,83.4966094068642,-0.0351738746904501
074,2019-10-26 00:16:52,22.571513,114.068642,8.471079352193808,96.24964169305208,0.4928594769240453
074,2019-10-26 00:16:54,22.571495,114.06882,9.4567983060419,89.34684840849951,0.1488191743322469
074,2019-10-26 00:16:56,22.571497,114.06901,9.754436654706392,91.95864866680506,-0.9030158053984518
074,2019-10-26 00:16:57,22.571494,114.069105,8.85142084930794,78.86091121752747,-0.7468449384722025
074,2019-10-26 00:16:58,22.571508,114.069182,8.104575910835738,80.1543457746991,0.1021661683837944
074,2019-10-26 00:17:00,22.571533,114.069338,8.308908247603327,82.47659932684996,-0.7851639458850457
074,2019-10-26 00:17:02,22.571553,114.069502,6.738580355833236,86.16764582296923,-1.312731949711114
074,2019-10-26 00:17:04,22.571559,114.069599,4.113116456411007,119.46727261289855,-3.233040342367397
074,2019-10-26 00:17:05,22.571547,114.069622,0.8800761140436111,266.0033622394597,-0.1087138727567061
074,2019-10-26 00:17:06,22.571545,114.069591,0.7713622412869049,132.06501486544255,0.1623025457544893
074,2019-10-26 00:17:08,22.57153,114.069609,1.0959673327958837,79.33387201638322,-0.0727433023908304
074,2019-10-26 00:17:10,22.571534,114.069632,0.9504807280142228,61.56549333358038,0.1291237659736951
074,2019-10-26 00:17:11,22.571536,114.06963600000002,1.079604493987918,74.85100294007998,-0.479173100196909
074,2019-10-26 00:17:12,22.57154,114.069652,0.6004313937910088,89.9999998026509,-0.2292996605485944
074,2019-10-26 00:17:14,22.57154,114.069653,0.1418320726938199,70.15120883777735,0.5454345720422304
074,2019-10-26 00:17:15,22.571541,114.069656,0.6872666447360504,71.3030022727499,0.0200131835013289
074,2019-10-26 00:17:17,22.571546,114.069672,0.7272930117387083,95.15674905702656,-0.0672132332501774
074,2019-10-26 00:17:19,22.571545,114.069684,0.5928665452383535,158.4091498238438,0.7084646490506024
074,2019-10-26 00:17:20,22.571538,114.06968700000002,1.3013311942889558,180.0,0.29464618906967
074,2019-10-26 00:17:22,22.57151,114.06968700000002,1.890623572428296,182.2990696299597,0.795773209073044
074,2019-10-26 00:17:23,22.571487,114.069686,2.68639678150134,188.5733170676505,0.1538998052036877
074,2019-10-26 00:17:25,22.571438,114.069678,2.994196391908716,196.5312997395904,0.1787427616415662
074,2019-10-26 00:17:27,22.571382,114.06966,3.351681915191848,182.51776214889844,0.1786715595770804
074,2019-10-26 00:17:29,22.571319,114.069657,3.7090250343460087,170.09055495529242,0.908133934292858
074,2019-10-26 00:17:30,22.571282,114.069664,4.617158968638867,184.590767755966,-0.4286768918755888
074,2019-10-26 00:17:31,22.571236,114.06966,4.188482076763278,176.05793930292748,-0.0435643733428294
074,2019-10-26 00:17:33,22.571169,114.069665,4.101353330077619,170.25196883582964,0.650604295882169
074,2019-10-26 00:17:34,22.571126,114.069673,4.751957625959788,173.10515571679264,0.1184878446617978
074,2019-10-26 00:17:36,22.571042,114.069684,4.988933315283384,178.3297193890768,-0.1029060177218266
074,2019-10-26 00:17:38,22.570947,114.06968700000002,4.7831212798397305,205.36942901853396,-0.2059615792029179
074,2019-10-26 00:17:40,22.570873,114.069649,4.371198121433895,182.7824028002436,-0.108176325543102
074,2019-10-26 00:17:41,22.570835,114.069647,4.2630217958907926,177.2536750662032,0.0378703989820881
074,2019-10-26 00:17:43,22.570758,114.069651,4.338762593854969,180.0,-0.0695625709276539
074,2019-10-26 00:17:44,22.570718,114.069651,4.269200022927315,175.0741550860837,-0.0431487801879018
074,2019-10-26 00:17:46,22.570643,114.069658,4.182902462551511,168.70904126893936,0.3146894048726656
074,2019-10-26 00:17:47,22.570606,114.069666,4.497591867424177,173.8714619291186,-0.5435904741877429
074,2019-10-26 00:17:48,22.570563,114.069671,3.954001393236434,173.3121426101544,-0.3368253101044656
074,2019-10-26 00:17:50,22.5705,114.069679,3.2803507730275028,188.59257232699605,-0.1778862068410889
074,2019-10-26 00:17:52,22.570445,114.06967,2.924578359345325,232.83565980970803,0.1556441609375269
074,2019-10-26 00:17:54,22.57041,114.06962,3.235866681220379,241.56570295181083,-0.0132462504887547
074,2019-10-26 00:17:56,22.570382,114.069564,3.209374180242869,239.7525309764873,-0.0372142815232625
074,2019-10-26 00:17:57,22.570368,114.069538,3.172159898719607,245.86215241419671,0.1219261336817356
074,2019-10-26 00:17:58,22.570356,114.069509,3.2940860324013426,229.0958206051034,0.3882086286838451
074,2019-10-26 00:17:59,22.570336,114.069484,3.682294661085188,257.77915030684545,0.9198736644980604
074,2019-10-26 00:18:00,22.570328,114.069444,4.602168325583248,256.6121649707424,0.020894993896821
074,2019-10-26 00:18:02,22.570308,114.069353,4.64395831337689,256.62789659735733,-0.0129963128065737
074,2019-10-26 00:18:03,22.570299,114.069312,4.6309620005703165,252.98332036959675,-0.4182981723849988
074,2019-10-26 00:18:04,22.570286,114.06926599999998,4.212663828185318,248.85526635856465,-0.7117301213355833
074,2019-10-26 00:18:06,22.570261,114.069196,2.789203585514151,247.25639167196957,-0.3670892013528848
074,2019-10-26 00:18:08,22.570249,114.06916499999998,2.055025182808381,250.88666813464008,-0.8467935493432772
074,2019-10-26 00:18:09,22.570241,114.06914,1.2082316334651042,188.08550889883725,-0.1590070155518858
074,2019-10-26 00:18:11,22.570228,114.069138,0.8902176023613325,165.8646278048925,0.0019716550192675
074,2019-10-26 00:18:12,22.570217,114.069141,0.8921892573806001,184.0629830055341,-0.1120711818186157
074,2019-10-26 00:18:14,22.570204,114.06914,0.6680468937433687,159.72758572555745,-0.0177497228641565
074,2019-10-26 00:18:15,22.570199,114.069142,0.6502971708792121,284.4584238834984,0.6245543003985348
074,2019-10-26 00:18:17,22.570204,114.069121,1.8994057716762816,337.8346752031502,2.080152056890183
074,2019-10-26 00:18:18,22.570238,114.069106,3.979557828566465,336.9168363345032,-0.0365447166848009
074,2019-10-26 00:18:20,22.570303,114.069076,3.906468395196863,341.43871564828595,0.0085956178045156
074,2019-10-26 00:18:21,22.570336,114.06906399999998,3.9150640130013774,354.0599744270726,-0.0856725135831291
074,2019-10-26 00:18:23,22.570407,114.069056,3.74371898583512,15.48392941418956,-0.6811616805002512
074,2019-10-26 00:18:24,22.570437,114.069065,3.062557305334869,340.447153152833,-0.7045753026955436
074,2019-10-26 00:18:26,22.570489,114.069045,1.6534066999437818,287.19273939241333,-0.7103570451314918
074,2019-10-26 00:18:28,22.570491,114.069038,0.2326926096807982,241.5656762229111,0.0127519716875241
074,2019-10-26 00:18:30,22.57049,114.069036,0.2581965530558465,285.14888579707446,0.2303885521574876
074,2019-10-26 00:18:32,22.570492,114.069028,0.7189736573708219,310.9042169046437,-0.1516413514835092
074,2019-10-26 00:18:33,22.5705,114.069018,0.5673323058873126,234.17209911518395,-0.0491710056072355
074,2019-10-26 00:18:35,22.570496,114.069012,0.4689902946728415,321.06241546788027,0.8136963641488018
074,2019-10-26 00:18:36,22.570504,114.069005,1.2826866588216432,308.22384261605663,1.366950257223246
074,2019-10-26 00:18:37,22.570512,114.068994,2.6496369160448894,282.5966495602412,0.4346528983952713
074,2019-10-26 00:18:39,22.570525,114.068931,3.518942712835432,277.70917645965284,0.373322925827612
074,2019-10-26 00:18:41,22.570534,114.068859,4.265588564490656,268.6800773245007,0.293337874206423
074,2019-10-26 00:18:43,22.570532,114.06876499999998,4.852264312903502,269.3469076747418,0.1334298264815765
074,2019-10-26 00:18:45,22.570531,114.06867,5.119123965866655,263.4657081698424,-0.3165988254535161
074,2019-10-26 00:18:47,22.57052,114.068566,4.485926314959623,266.45891846368613,-0.8459816414017971
074,2019-10-26 00:18:49,22.570516,114.068496,2.7939630321560287,220.0121739061059,-1.2487804318870983
074,2019-10-26 00:18:50,22.570505,114.068486,1.5451826002689302,249.5229003947536,-0.0514039108629339
074,2019-10-26 00:18:52,22.570495,114.068457,1.4423747785430625,275.15671456509097,-0.5678403097501794
074,2019-10-26 00:18:53,22.570496,114.068445,0.8745344687928829,270.0000009472685,-0.7034039967224318
074,2019-10-26 00:18:54,22.570496,114.06844,0.1711304720704511,0.0,-0.0342260949366084
074,2019-10-26 00:18:56,22.570496,114.06844,0.1026782821972341,270.00000059204285,0.5977153394982836
074,2019-10-26 00:18:57,22.570496,114.06843700000002,0.7003936216955178,255.70464280638927,0.2558852059368562
074,2019-10-26 00:18:59,22.570492,114.06842,1.2121640335692303,266.55703289874856,0.6888110453795606
074,2019-10-26 00:19:00,22.570491,114.068402,1.900975078948791,247.1618430612594,0.5197067788482825
074,2019-10-26 00:19:01,22.570484,114.068384,2.420681857797073,256.46882463463044,0.3983416994291286
074,2019-10-26 00:19:02,22.570478,114.068357,2.819023557226202,245.5422228487711,0.0909848396251888
074,2019-10-26 00:19:04,22.570457,114.068307,3.00099323647658,250.74381006280584,0.2292149777940348
074,2019-10-26 00:19:05,22.570447,114.068276,3.2302082142706148,250.46748011408735,0.1386333325446798
074,2019-10-26 00:19:07,22.570428,114.068218,3.5074748793599744,240.8437221110157,0.1110739693834641
074,2019-10-26 00:19:09,22.570394,114.068152,3.729622818126903,251.30315721231904,0.0813587853661985
074,2019-10-26 00:19:10,22.570384,114.06812,3.810981603493101,261.2057161896536,0.1224069371309066
074,2019-10-26 00:19:12,22.570373,114.068043,4.055795477754915,278.36633055341963,-0.1686583842915501
074,2019-10-26 00:19:14,22.570384,114.067962,3.7184787091718143,295.4775898128464,-1.275740078251656
074,2019-10-26 00:19:15,22.570395,114.067937,2.442738630920158,318.2153571225184,0.2313274669959784
074,2019-10-26 00:19:17,22.570426,114.067907,2.905393564912115,311.72776021109047,0.4730411951728257
074,2019-10-26 00:19:19,22.570468,114.067856,3.8514759552577664,321.0624161611835,0.4508810616781429
074,2019-10-26 00:19:20,22.5705,114.067828,4.302357016935909,342.89150010724154,0.4760277360581098
074,2019-10-26 00:19:21,22.570536,114.067816,4.778384752994019,20.06744552121188,-0.1652240484401352
074,2019-10-26 00:19:23,22.570627,114.067852,4.4479366561137486,5.767180162317061,-0.6612310318479002
074,2019-10-26 00:19:25,22.570691,114.067859,3.125474592417948,2.6434875571640646,-0.9486312061838308
074,2019-10-26 00:19:26,22.570711,114.06786,2.176843386234117,12.336434674301811,-0.0486540230727083
074,2019-10-26 00:19:28,22.570749,114.067869,2.0795353400887007,9.255229165281603,-0.0773683410345236
074,2019-10-26 00:19:29,22.570766,114.067872,2.002166999054177,348.9988426646281,0.0389382778450011
074,2019-10-26 00:19:30,22.570785,114.067868,2.041105276899178,335.21708969318377,-0.7395478424383917
074,2019-10-26 00:19:31,22.570801,114.06786,1.3015574344607863,344.80555136518814,-0.1031750173133226
074,2019-10-26 00:19:33,22.570818,114.067855,1.0952073998341412,323.54580627146106,0.0779751582184402
074,2019-10-26 00:19:34,22.570828,114.067847,1.1731825580525814,287.99816576202966,-0.2866067651691729
074,2019-10-26 00:19:35,22.570831,114.067837,0.8865757928834085,298.43438491880875,-0.5752048466316473
074,2019-10-26 00:19:36,22.570834,114.067831,0.3113709462517611,298.4343845841671,-0.0547848850896462
074,2019-10-26 00:19:38,22.570835,114.067829,0.2018011760724687,328.3833897883082,0.0431478481308448
074,2019-10-26 00:19:39,22.570838,114.067827,0.2449490242033135,342.89153574789475,-0.0525385272801809
074,2019-10-26 00:19:41,22.570841,114.067826,0.1398719696429517,216.4541929666928,0.1451070446059529
074,2019-10-26 00:19:43,22.570836,114.067822,0.4300860588548577,180.0,0.2370835009980239
074,2019-10-26 00:19:44,22.57083,114.067822,0.6671695598528816,180.0,0.4899719398414813
074,2019-10-26 00:19:45,22.570824,114.067822,1.157141499694363,171.5956375590738,0.159443131911694
074,2019-10-26 00:19:47,22.570799,114.067826,1.476027763517751,156.91690557050129,-0.2429121048635763
074,2019-10-26 00:19:49,22.57077300000001,114.067838,0.9902035537905984,127.72315590546822,-0.2624096372892101
074,2019-10-26 00:19:51,22.570768,114.067845,0.4653842792121782,73.54553423821255,0.0402158144363166
074,2019-10-26 00:19:53,22.570771,114.067856,0.5458159080848115,61.56562578677551,-0.0914745237712832
074,2019-10-26 00:19:54,22.57077300000001,114.06786,0.4543413843135282,42.71957205569515,-0.0095616778628276
074,2019-10-26 00:19:55,22.570776,114.067863,0.4447797064507006,342.89152894133906,0.1259557364315159
074,2019-10-26 00:19:57,22.570785,114.06786,0.6966911793137325,324.6133549505288,0.1492276114395204
074,2019-10-26 00:19:59,22.570798,114.06785,0.9951464021927734,335.2170907892503,0.2776918766407874
074,2019-10-26 00:20:00,22.570808,114.067845,1.2728382788335608,334.1874696780775,-0.0203420939503048
074,2019-10-26 00:20:02,22.570829,114.067834,1.2321540909329511,349.5364478114344,-0.1523767917497005
074,2019-10-26 00:20:03,22.570839000000007,114.067832,1.0797772991832506,357.2175975935371,-0.0380322062822806
074,2019-10-26 00:20:05,22.570858,114.067831,1.0037128866186893,353.7999337775048,-0.139625529676944
074,2019-10-26 00:20:07,22.570875,114.067829,0.7244618272648012,310.10719698612104,-0.1332396220862859
074,2019-10-26 00:20:09,22.570882,114.06782,0.4579825830922293,254.85107639447688,-0.0487680185724161
074,2019-10-26 00:20:11,22.57088,114.06781200000002,0.3604465459473969,280.2312399663206,-0.0090932776341147
074,2019-10-26 00:20:13,22.570881,114.067806,0.3422599906791674,254.8510757509294,0.0721979857800499
074,2019-10-26 00:20:14,22.57088,114.067802,0.4144579764592174,270.00000078939263,-0.0550849866379791
074,2019-10-26 00:20:15,22.57088,114.067798,0.3593729898212383,270.00000059204444,-0.1026779974650085
074,2019-10-26 00:20:16,22.57088,114.067795,0.2566949923562297,270.0000003946963,0.1026779981181545
074,2019-10-26 00:20:17,22.57088,114.067793,0.3593729904743842,270.00000094727113,0.106010930985442
074,2019-10-26 00:20:18,22.57088,114.067788,0.4653839214598262,254.8510758098119,-0.1551279746845665
074,2019-10-26 00:20:19,22.570879,114.067784,0.3102559467752597,270.00000094727113,-0.0524499758308692
074,2019-10-26 00:20:21,22.570879,114.067779,0.2053559951135213,270.0000001973482,-0.0513389977986613
074,2019-10-26 00:20:22,22.570879,114.067778,0.1540169973148599,270.0000003946963,0.0171129992662204
074,2019-10-26 00:20:23,22.570879,114.067776,0.1711299965810803,270.00000059204444,-0.0351147115038615
074,2019-10-26 00:20:25,22.570879,114.067773,0.1009005735733572,155.21710139928825,0.1109675029249793
074,2019-10-26 00:20:26,22.570877,114.067774,0.2118680764983366,148.38339676682688,-0.0113397491838107
074,2019-10-26 00:20:28,22.570874,114.067776,0.1891885781307152,125.8279753677216,0.0091367031659346
074,2019-10-26 00:20:30,22.570872,114.067779,0.2074619844625845,137.2804470600255,0.0728450177748975
074,2019-10-26 00:20:32,22.570869,114.067782,0.3531520200123796,137.28044598912413,0.1287880207424138
074,2019-10-26 00:20:33,22.570865,114.067786,0.4819400407547934,142.42155111749753,-0.0305115063083852
074,2019-10-26 00:20:35,22.570859,114.067791,0.4209170281380229,142.42154988276036,-0.019851885982347
074,2019-10-26 00:20:37,22.570853,114.067796,0.3812132561733287,137.2804433157646,-0.0785115062622412
074,2019-10-26 00:20:38,22.570851,114.067798,0.3027017499110875,137.28044285600402,-0.0260857458360714
074,2019-10-26 00:20:39,22.570849,114.0678,0.276616004075016,129.08387497344802,-0.0121822713012821
074,2019-10-26 00:20:41,22.570846,114.067804,0.2522514614724517,155.21709555479595,-0.1297769508444751
074,2019-10-26 00:20:42,22.570844,114.067805,0.1224745106279766,270.0000003946962,-0.0446317779661672
074,2019-10-26 00:20:43,22.570844,114.067803,0.0778427326618093,180.0,0.0243992985994735
074,2019-10-26 00:20:45,22.570843,114.067803,0.1266413298607564,109.84869706928168,0.0633206660433143
074,2019-10-26 00:20:46,22.57084200000001,114.067806,0.1899619959040707,180.0,-0.0731978971559482
074,2019-10-26 00:20:47,22.570841,114.067806,0.1167640987481224,89.9999996053038,0.0
074,2019-10-26 00:20:48,22.570841,114.067808,0.1167640987481224,0.0,0.0790993178625581
074,2019-10-26 00:20:49,22.57084200000001,114.067808,0.1958634166106806,317.2804424105169,0.1958634160690176
074,2019-10-26 00:20:50,22.570844,114.067806,0.3917268326796982,54.172028163171206,-0.014809176884571
074,2019-10-26 00:20:51,22.570848,114.06781200000002,0.3769176557951272,328.3833929606778,-0.0250140341274672
074,2019-10-26 00:20:53,22.570854,114.067808,0.3268895875401927,270.0000005920444,0.0904587657928801
074,2019-10-26 00:20:54,22.570854,114.067805,0.4173483533330728,283.53121759985333,0.0486889846588652
074,2019-10-26 00:20:56,22.570856,114.067796,0.5147263226508033,259.7687641100377,0.0527329411247866
074,2019-10-26 00:20:57,22.570855,114.06779,0.56745926377559,270.000000947271,-0.354710167606054
074,2019-10-26 00:20:58,22.570855,114.067785,0.2127490961695359,137.28044398269867,-0.1035859737342783
074,2019-10-26 00:20:59,22.570854,114.067786,0.1091631224352576,89.99999960530374,-0.0356627021899587
074,2019-10-26 00:21:01,22.570854,114.067788,0.0378377180553402,222.71955604281945,0.071993210966316
074,2019-10-26 00:21:03,22.570853,114.067787,0.1818241399879723,289.848700550683,0.1149138100635188
074,2019-10-26 00:21:05,22.570855,114.067781,0.4116517601150099,263.8192553382791,0.053531318346613
074,2019-10-26 00:21:07,22.570854,114.067771,0.518714396808236,257.7790987966421,-0.093216200831753
074,2019-10-26 00:21:08,22.570853,114.067766,0.4254981959764828,250.1513012346373,-0.3143032691280333
074,2019-10-26 00:21:09,22.570852,114.067763,0.1111949268484494,125.8279711430872,0.1902494899039998
074,2019-10-26 00:21:11,22.57085,114.067766,0.4916939066564492,129.0838728465734,0.1577553908433086
074,2019-10-26 00:21:13,22.570841,114.067778,0.8072046883430665,152.18116327656094,-0.0558304262012122
074,2019-10-26 00:21:14,22.570834,114.067782,0.7513742621418542,180.0,-0.3309291634525781
074,2019-10-26 00:21:15,22.570828,114.067782,0.4204450986892761,151.01164104658915,-0.1518404948750109
074,2019-10-26 00:21:17,22.570823,114.067785,0.1167641089392542,17.108466261331046,0.0528128721725197
074,2019-10-26 00:21:19,22.570826,114.067786,0.2223898532842938,349.5364471394612,0.0185324878178988
074,2019-10-26 00:21:21,22.570831,114.067785,0.2594548289200915,24.782905457098195,0.2639502834198338
074,2019-10-26 00:21:22,22.570833,114.067786,0.5234051123399254,347.00091277787595,-0.0469841879783491
074,2019-10-26 00:21:24,22.570845,114.067783,0.429436736383227,342.8915363439528,-0.1005989779325961
074,2019-10-26 00:21:26,22.570848,114.067782,0.2282387805180347,349.5364486424123,0.052672999704203
074,2019-10-26 00:21:28,22.570853,114.067781,0.3335847799264408,7.514788053242796,0.0255120663232026
074,2019-10-26 00:21:30,22.57086,114.067782,0.384608912572846,31.616605220118917,-0.1229063572024733
074,2019-10-26 00:21:31,22.570863,114.067784,0.2617025553703727,347.0009148719721,-0.0302264820126661
074,2019-10-26 00:21:33,22.570867,114.067783,0.2012495913450403,42.71955215755912,0.0708361488354011
074,2019-10-26 00:21:35,22.570870000000006,114.067786,0.3429218890158426,61.56560790330013,-0.0168180314684445
074,2019-10-26 00:21:37,22.570874,114.067794,0.3092858260789535,129.0838799696586,-0.0410576174575306
074,2019-10-26 00:21:39,22.570871,114.067798,0.2271705911638923,125.82797477591008,-0.0044221838019036
074,2019-10-26 00:21:41,22.570869,114.067801,0.218326223560085,89.99999940795556,0.1453220190270279
074,2019-10-26 00:21:42,22.570869,114.067804,0.363648242587113,105.1489228989338,-0.1885502907251692
074,2019-10-26 00:21:43,22.570868,114.067808,0.1750979518619437,89.99999980265187,-0.0190969714440683
074,2019-10-26 00:21:45,22.570868,114.067809,0.136904008973807,89.99999940795556,0.1026780050974901
074,2019-10-26 00:21:46,22.570868,114.06781200000002,0.2395820140712971,89.99999921060743,-0.0171130012850123
074,2019-10-26 00:21:48,22.570868,114.067816,0.2053560115012724,89.99999960530374,-0.1026780059683515
074,2019-10-26 00:21:49,22.570868,114.067818,0.1026780055329208,89.99999980265187,0.0513390034196064
074,2019-10-26 00:21:51,22.570868,114.067819,0.2053560123721337,89.99999905272892,0.1114723445626824
074,2019-10-26 00:21:52,22.570868,114.067824,0.3168283569348162,118.43438902570124,0.0174567640267692
074,2019-10-26 00:21:54,22.570866,114.067828,0.3517418849883547,103.53121509522263,0.0339369791155778
074,2019-10-26 00:21:56,22.570864,114.067837,0.4196158432195104,125.82797276984672,-0.0638528136333153
074,2019-10-26 00:21:58,22.57086,114.067843,0.2919102159528797,105.1489219552832,-0.0509741175106606
074,2019-10-26 00:22:00,22.570859,114.067847,0.1899619809315584,148.38339342671298,-0.000751576578038
074,2019-10-26 00:22:02,22.570856,114.067849,0.1884588277754822,234.17202802458849,0.0015031559255892
074,2019-10-26 00:22:03,22.570854,114.067846,0.1899619837010714,0.0,-0.026217298502955
074,2019-10-26 00:22:04,22.570854,114.067846,0.1637446851981164,250.1513012764852,0.0989022685813176
074,2019-10-26 00:22:05,22.570853,114.067843,0.2626469537794341,270.00000039469626,-0.153483830723586
074,2019-10-26 00:22:06,22.570853,114.067841,0.109163123055848,317.2804443460093,0.0236712562650428
074,2019-10-26 00:22:08,22.570854,114.06784,0.1565056355859338,246.5787487272441,0.0309103062875885
074,2019-10-26 00:22:10,22.570852,114.067835,0.2183262481611109,270.00000019734813,-0.2183262481611109
074,2019-10-26 00:22:11,22.570852,114.067834,0.0,89.99999980265187,0.2086741822264106
074,2019-10-26 00:22:12,22.570852,114.067835,0.2086741822264106,102.22090108415102,0.0120089123805813
074,2019-10-26 00:22:14,22.570851,114.06784,0.2326920069875734,89.99999921060748,-0.0136679850798957
074,2019-10-26 00:22:16,22.570851,114.067844,0.205356036827782,89.99999960530374,8.708614662733537e-10
074,2019-10-26 00:22:17,22.570851,114.067846,0.2053560376986435,89.99999921060748,-0.0117659469229687
074,2019-10-26 00:22:19,22.570851,114.06785,0.1818241438527061,70.15130018705713,-0.0139035577893617
074,2019-10-26 00:22:21,22.570852,114.067853,0.1540170282739826,109.84869855501528,-0.0136878515188893
074,2019-10-26 00:22:23,22.570851,114.067856,0.126641325236204,180.0,0.0478734169063392
074,2019-10-26 00:22:24,22.57085,114.067856,0.1745147421425432,155.21709705447586,-0.016926562611619
074,2019-10-26 00:22:25,22.570848,114.067857,0.1575881795309241,98.49557211903704,0.0020596054705238
074,2019-10-26 00:22:44,22.570844,114.06788600000002,0.1967206834708774,89.999997882993,0.0080142144256935
074,2019-10-26 00:22:46,22.570844,114.067897,0.2127491123222645,234.1720306368755,-0.0655497191968256
074,2019-10-26 00:22:48,22.57084200000001,114.067894,0.0816496739286131,89.9999996053038,0.0894803681523746
074,2019-10-26 00:22:49,22.57084200000001,114.067896,0.1711300420809877,89.99999940795567,-0.0342260086447987
074,2019-10-26 00:22:51,22.57084200000001,114.067899,0.1026780247913903,89.99999980265193,-0.0207203844621688
074,2019-10-26 00:22:53,22.57084200000001,114.0679,0.0612372558670527,180.0,0.0064463477612149
074,2019-10-26 00:22:55,22.57084,114.0679,0.0741299513894825,0.0,0.0772209300083555
074,2019-10-26 00:22:56,22.57084,114.0679,0.1513508813978381,137.28044044085584,0.0605172096015813
074,2019-10-26 00:22:57,22.570838,114.067902,0.2118680909994195,162.89153496128336,-0.0195308990489679
074,2019-10-26 00:22:59,22.570835,114.067903,0.1728062929014836,125.82796774625064,-0.0230824789101199
074,2019-10-26 00:23:01,22.570833,114.067906,0.1266413350812437,0.0,-0.0581893134311241
074,2019-10-26 00:23:02,22.570833,114.067906,0.0684520216501196,89.9999996053038,0.0171130054125299
074,2019-10-26 00:23:04,22.570833,114.067908,0.1026780324751795,89.99999980265193,-0.0270025904781958
074,2019-10-26 00:23:05,22.570833,114.067909,0.0756754419969836,0.0,0.0059742328999052
074,2019-10-26 00:23:06,22.570834,114.067909,0.0816496748968889,42.71955959028418,-0.0019034697829208
074,2019-10-26 00:23:08,22.570835,114.06791,0.0778427353310473,89.99999980265193,0.0389213688142288
074,2019-10-26 00:23:09,22.570835,114.067911,0.1167641041452761,137.28043929426605,0.0583338889459975
074,2019-10-26 00:23:10,22.570834,114.067912,0.1750979930912737,89.9999992106076,0.0160655322688373
074,2019-10-26 00:23:12,22.570834,114.067916,0.2072290576289485,105.14891936708727,0.0247330101952332
074,2019-10-26 00:23:14,22.570833,114.06792,0.256695078019415,79.76876337421686,0.0098051658605105
074,2019-10-26 00:23:16,22.570834,114.067926,0.2763054097404361,89.9999996053038,-0.0709493469330163
074,2019-10-26 00:23:17,22.570834,114.067928,0.2053560628074197,89.9999996053038,0.0370761577300283
074,2019-10-26 00:23:18,22.570834,114.06793,0.2424322205374481,77.77909853488762,-0.0103941396754876
074,2019-10-26 00:23:20,22.570835,114.067935,0.2216439411864729,54.1720304844942,-0.0226360479290369
074,2019-10-26 00:23:22,22.570837,114.06793799999998,0.176371845328399,42.71956005869623,-0.0126271420260861
074,2019-10-26 00:23:23,22.570838,114.067939,0.1637447033023129,89.9999996053038,-0.0080592351971914
074,2019-10-26 00:23:24,22.570838,114.067941,0.1556854681051215,42.71955859983166,-0.0778427340525607
074,2019-10-26 00:23:26,22.57084,114.067943,0.0,42.71955859983166,0.0
