userid,checkin_time,lat,lon,speed,direction,acceleration
188,2019-06-15 10:18:07,22.6675,113.861193,0.0,133.64133641722407,5.357792223727987
188,2019-06-15 10:18:08,22.667478,113.861218,5.357792223727987,135.49300486806925,1.5207926537344072
188,2019-06-15 10:18:09,22.667432,113.861267,6.878584877462394,137.95630331237157,-0.2830865042607362
188,2019-06-15 10:18:10,22.667388,113.86131,6.595498373201658,139.26362658017456,0.7530202789534393
188,2019-06-15 10:18:11,22.667343,113.861352,7.348518652155097,145.31410039092543,0.8536572522420114
188,2019-06-15 10:18:12,22.667283,113.861397,8.202175904397109,143.56499502125973,0.5707508951880076
188,2019-06-15 10:18:13,22.667223,113.861445,8.772926799585116,144.79169722248332,1.0262182011439371
188,2019-06-15 10:18:14,22.667155,113.861497,9.799145000729052,146.94939749175342,0.0639280111981488
188,2019-06-15 10:18:15,22.667077,113.861552,9.863073011927202,146.0871872972636,-0.279803542177353
188,2019-06-15 10:18:16,22.667007,113.861603,9.58326946974985,148.4012580949037,0.0281269859159305
188,2019-06-15 10:18:17,22.666932,113.861653,9.61139645566578,150.70153548703763,-0.6388351085140958
188,2019-06-15 10:18:18,22.666858,113.861698,8.972561347151684,149.57803389821572,-0.609732224980835
188,2019-06-15 10:18:19,22.666792,113.86174,8.362829122170849,150.0268197201624,0.0581771410353315
188,2019-06-15 10:18:20,22.666728,113.86178,8.42100626320618,159.2323964874006,-1.0856183084695408
188,2019-06-15 10:18:21,22.666655,113.86181,7.33538795473664,152.5682444139494,-1.81113490523021
188,2019-06-15 10:18:22,22.666607,113.861837,5.52425304950643,152.05007858838644,-1.2665859352465771
188,2019-06-15 10:18:23,22.666567,113.86186,4.257667114259853,157.52744294530703,-1.6101711709982132
188,2019-06-15 10:18:24,22.666538,113.861873,2.64749594326164,128.47466908528003,-1.1808474169957217
188,2019-06-15 10:18:25,22.666527,113.861888,1.466648526265918,184.39721746522036,-0.3795975321085363
188,2019-06-15 10:18:26,22.666515,113.861887,1.0870509941573818,207.802387251444,-0.5310763610350625
188,2019-06-15 10:18:27,22.666508,113.861883,0.5559746331223193,129.10338061924017,-0.2069661453296458
188,2019-06-15 10:18:28,22.666505,113.861887,0.3490084877926734,211.59881929956023,0.0292476357794391
188,2019-06-15 10:18:29,22.666502,113.86188500000002,0.3782561235721126,234.1531134976916,-0.0140874742270086
188,2019-06-15 10:18:30,22.6665,113.861882,0.3641686493451039,237.8956086419848,-0.0005069109047874
188,2019-06-15 10:18:49,22.666467,113.861825,0.3545373421541433,152.85820912070255,1.229199962503175
188,2019-06-15 10:18:50,22.666458,113.86183,1.5837373046573189,121.0502933167761,0.905191241695487
188,2019-06-15 10:18:51,22.66644800000001,113.861848,2.4889285463528057,143.24028694221715,0.9817648355460128
188,2019-06-15 10:18:52,22.666427,113.861865,3.4706933818988186,157.84866832582725,0.7734280822342883
188,2019-06-15 10:18:53,22.666393,113.86188,4.244121464133107,155.23223711698233,0.8152327841536717
188,2019-06-15 10:18:54,22.666357,113.861898,5.059354248286779,148.692620987307,1.058677772905753
188,2019-06-15 10:18:55,22.666313,113.861927,6.118032021192532,148.6575384373561,0.2118594867357019
188,2019-06-15 10:18:56,22.666263,113.86196,6.329891507928234,144.33274936971168,-0.1210297459531544
188,2019-06-15 10:18:57,22.666218,113.861995,6.208861761975079,148.40111702066457,0.092901293590021
188,2019-06-15 10:18:58,22.66617,113.862027,6.3017630555651,145.50446205850915,0.059462533188328
188,2019-06-15 10:18:59,22.666123,113.862062,6.361225588753428,130.62719668506327,-0.592478303959477
188,2019-06-15 10:19:00,22.666085,113.86211000000002,5.768747284793951,134.73548921831696,-1.3809696831614309
188,2019-06-15 10:19:01,22.666053,113.862145,4.3877776016325205,140.7754543424163,-1.1693407643852498
188,2019-06-15 10:19:02,22.666027,113.862168,3.2184368372472707,134.11643758213972,-1.1049211124932117
188,2019-06-15 10:19:03,22.66601,113.862187,2.113515724754059,137.3002007159377,-0.8191765804020132
188,2019-06-15 10:19:04,22.666,113.862197,1.2943391443520458,145.31385057103716,-0.3559343225263824
188,2019-06-15 10:19:05,22.665992000000006,113.862203,0.9384048218256632,45.19001214486843,0.3868535122593486
188,2019-06-15 10:19:06,22.666003,113.862215,1.325258334085012,112.6266957716972,0.1877687445956619
188,2019-06-15 10:19:07,22.665998,113.862228,1.513027078680674,156.70209842593863,0.0208482919766468
188,2019-06-15 10:19:08,22.665983,113.862235,1.5338753706573207,165.87407269261757,-0.0522786862604693
188,2019-06-15 10:19:09,22.665972,113.862238,1.481596684396851,155.2321741032123,0.4005916217248655
188,2019-06-15 10:19:10,22.665958,113.862245,1.8821883061217168,150.02667906715124,0.6441295819092485
188,2019-06-15 10:19:11,22.665942,113.862255,2.5263178880309654,144.50932204100417,1.1160956620033922
188,2019-06-15 10:19:12,22.66592,113.862272,3.6424135500343575,154.61256186403807,1.2230551265600431
188,2019-06-15 10:19:13,22.665885,113.86229,4.865468676594401,151.78675151531547,1.024921840854642
188,2019-06-15 10:19:14,22.665842,113.862315,5.890390517449043,151.02841001784657,0.8326724733710869
188,2019-06-15 10:19:15,22.665792,113.862345,6.72306299082013,149.57784185306014,0.7925863787008174
188,2019-06-15 10:19:16,22.665737,113.86238,7.515649369520947,147.1400290480268,0.5037992201087995
188,2019-06-15 10:19:17,22.665677,113.862422,8.019448589629746,152.92967877744968,0.4683492192865106
188,2019-06-15 10:19:18,22.665612,113.862458,8.487797808916257,154.62963173867115,0.3375656900887733
188,2019-06-15 10:19:19,22.66554,113.862495,8.82536349900503,157.35689148165784,0.0016177023712753
188,2019-06-15 10:19:20,22.665467,113.862528,8.826981201376306,158.24621466710732,-0.0732455150824584
188,2019-06-15 10:19:21,22.665393,113.86256000000002,8.753735686293847,153.99916312753112,-0.3384368534904176
188,2019-06-15 10:19:22,22.665323,113.862597,8.41529883280343,153.92524190089716,-0.4978539742546619
188,2019-06-15 10:19:23,22.665257,113.862632,7.917444858548768,158.01543366206784,-0.4167692351629029
188,2019-06-15 10:19:24,22.665193,113.86266,7.500675623385865,157.78291074013055,-0.7568866147441193
188,2019-06-15 10:19:25,22.665132,113.862687,6.743789008641746,154.36635061649986,-1.2114096503931415
188,2019-06-15 10:19:26,22.665082,113.862713,5.532379358248604,155.23202815739648,-1.2521985978783725
188,2019-06-15 10:19:27,22.665042,113.862733,4.280180760370231,151.58943784131907,-0.9837292098556176
188,2019-06-15 10:19:28,22.665013,113.86275,3.2964515505146137,166.04796038526035,-0.3672039803670577
188,2019-06-15 10:19:29,22.664987,113.862757,2.929247570147556,157.07464894946804,-0.4581191148639876
188,2019-06-15 10:19:30,22.664963,113.862768,2.4711284552835684,150.0264992778855,-0.7566913365963472
188,2019-06-15 10:19:31,22.664947,113.862778,1.7144371186872212,162.90255461184142,-0.9293386326186776
188,2019-06-15 10:19:32,22.664935,113.862782,0.7850984860685436,222.70002089333707,-0.7138486496414911
188,2019-06-15 10:19:33,22.664933,113.86278,0.0712498364270524,136.08293903564686,0.0001953501590924
188,2019-06-15 10:21:12,22.664887,113.862828,0.0905895021772036,132.8882640457765,1.3910086007115805
188,2019-06-15 10:21:13,22.664875,113.862842,1.481598102888784,195.8508690433501,0.095734544231506
188,2019-06-15 10:21:14,22.664862,113.86283799999998,1.5773326471202902,116.22418731178482,1.9379233835096048
188,2019-06-15 10:21:15,22.664852,113.86286,3.5152560306298954,104.14513978182902,1.4764199441574806
188,2019-06-15 10:21:16,22.664842,113.862903,4.991675974787376,86.55466179259406,0.8738602554066439
188,2019-06-15 10:21:17,22.664845,113.862957,5.86553623019402,84.83975616006126,0.198658482847625
188,2019-06-15 10:21:18,22.66485,113.863017,6.064194713041645,61.09832272671753,0.3833691652611088
188,2019-06-15 10:21:19,22.664877,113.86307,6.447563878302754,35.89492709733753,0.9452463054435968
188,2019-06-15 10:21:20,22.664928,113.86311,7.3928101837463505,38.257617418786936,0.7343509083499704
188,2019-06-15 10:21:21,22.664983,113.863157,8.12716109209632,32.97651279027707,0.8221108153224748
188,2019-06-15 10:21:22,22.665047,113.863202,8.949271907418796,33.017421416155344,0.634036055598509
188,2019-06-15 10:21:23,22.665118,113.863252,9.583307963017305,32.45491893519295,0.6739168903029817
188,2019-06-15 10:21:24,22.665192,113.863303,10.257224853320286,30.97881510531181,0.4186817386944508
188,2019-06-15 10:21:25,22.665275,113.863357,10.675906592014735,32.86002669541159,0.4659660958692502
188,2019-06-15 10:21:26,22.665355,113.863413,11.141872687883987,31.17089136429331,0.7236175085258445
188,2019-06-15 10:21:27,22.665445,113.863472,11.865490196409832,30.766837456393034,0.678782420742829
188,2019-06-15 10:21:28,22.665538,113.863532,12.54427261715266,29.68079215570572,0.8877393216577989
188,2019-06-15 10:21:29,22.66564,113.863595,13.43201193881046,32.32380973946806,0.8324308901293858
188,2019-06-15 10:21:30,22.665745,113.863667,14.264442828939844,35.34289698356167,0.5980576462646745
188,2019-06-15 10:21:31,22.665853,113.86375,14.86250047520452,28.49329193730148,0.124307874925801
188,2019-06-15 10:21:32,22.665972,113.86382,14.98680835013032,25.661888395814685,0.365664287446128
188,2019-06-15 10:21:33,22.666093,113.863883,15.352472637576447,33.38959934858252,0.6314118468453103
188,2019-06-15 10:21:34,22.666212,113.863968,15.98388448442176,38.95344957236745,0.4226474589098306
188,2019-06-15 10:21:35,22.666325,113.864067,16.40653194333159,38.02551915016807,0.253042382282107
188,2019-06-15 10:21:36,22.666443,113.864167,16.659574325613697,33.59963798648721,0.437401020435761
188,2019-06-15 10:21:37,22.666568,113.864257,17.096975346049458,33.02901463679984,0.7829657046508665
188,2019-06-15 10:21:38,22.6667,113.86435,17.879941050700324,33.42789544285296,0.4950995637158755
188,2019-06-15 10:21:39,22.666837,113.864448,18.3750406144162,28.804808067361364,0.3083486497617187
188,2019-06-15 10:21:40,22.666983,113.864535,18.68338926417792,31.86429162152342,0.37296957410706
188,2019-06-15 10:21:41,22.667127,113.864632,19.05635883828498,32.55197909846913,0.4740711033504539
188,2019-06-15 10:21:42,22.667273,113.864733,19.530429941635436,32.61023040035337,0.6985460155017016
188,2019-06-15 10:21:43,22.667423,113.864837,20.22897595713713,33.45722345729422,0.0422584438127309
188,2019-06-15 10:21:44,22.667578,113.864948,20.271234400949865,30.00497694101205,-0.1143834352317902
188,2019-06-15 10:21:45,22.667733,113.865045,20.156850965718075,34.21272478726655,0.3491580839977395
188,2019-06-15 10:21:46,22.667885,113.865157,20.50600904971581,38.50143096379844,0.2210787851390883
188,2019-06-15 10:21:47,22.66803,113.865282,20.727087834854903,42.69933497339167,0.1566645319793771
188,2019-06-15 10:21:48,22.668168,113.86542,20.88375236683428,45.38776509832087,-0.181720285284495
188,2019-06-15 10:21:49,22.6683,113.865565,20.702032081549785,47.33856257277523,-0.0655687390084267
188,2019-06-15 10:21:50,22.668425,113.86571200000002,20.63646334254136,51.252954029490354,-0.0404180803785756
188,2019-06-15 10:21:51,22.668542,113.86587,20.596045262162782,55.92151465941714,-0.2727413684302782
188,2019-06-15 10:21:52,22.668645,113.866035,20.323303893732504,58.49929107975351,-0.2135133378105607
188,2019-06-15 10:21:53,22.66874,113.866203,20.109790555921943,61.82829345946829,-0.3504270535775085
188,2019-06-15 10:21:54,22.668825,113.866375,19.759363502344435,65.42571806987524,-0.4686164425148789
188,2019-06-15 10:21:55,22.668898,113.866548,19.29074705982956,67.7286343232189,0.4423961662758415
188,2019-06-15 10:21:56,22.668963,113.86672,19.7331432261054,70.9210791493532,1.027343596352246
188,2019-06-15 10:21:57,22.669023000000006,113.866908,20.760486822457644,73.16615193797765,0.5849172477338804
188,2019-06-15 10:21:58,22.669078,113.867105,21.345404070191524,76.90559128412627,0.1006246664351415
188,2019-06-15 10:21:59,22.669122,113.86731,21.446028736626666,77.94598938646647,-0.0924502716025976
188,2019-06-15 10:22:00,22.669162,113.867513,21.353578465024068,79.22472855064365,0.289661153360278
188,2019-06-15 10:22:01,22.669198,113.867718,21.643239618384342,80.04815090862166,0.2967883285890913
188,2019-06-15 10:22:02,22.669232,113.867928,21.94002794697344,81.28117639592944,0.3962927891156909
188,2019-06-15 10:22:03,22.669262,113.86814,22.336320736089128,80.68357842766085,0.2708769218893216
188,2019-06-15 10:22:04,22.669295,113.868358,22.60719765797845,80.92019832131058,0.0460936205876585
188,2019-06-15 10:22:05,22.669327,113.868575,22.65329127856611,79.30250250792079,0.6351968050746102
188,2019-06-15 10:22:06,22.669365,113.868793,23.28848808364072,80.59517419918092,0.4594958414077759
188,2019-06-15 10:22:07,22.6694,113.869022,23.74798392504849,81.08547189729455,-0.0647233709074441
188,2019-06-15 10:22:08,22.669433,113.86925,23.68326055414105,79.45279548513014,0.1242565876381647
188,2019-06-15 10:22:09,22.669472,113.869477,23.80751714177921,81.98856983639035,0.0339397171361426
188,2019-06-15 10:22:10,22.669502,113.869708,23.84145685891536,81.65390643942646,-0.0346789966655656
188,2019-06-15 10:22:11,22.669533,113.869937,23.806777862249792,81.42553412500553,-0.135505608807275
188,2019-06-15 10:22:12,22.669565,113.870167,23.67127225344252,81.00785592752374,-0.1520959680340574
188,2019-06-15 10:22:13,22.669598,113.870393,23.51917628540846,81.31392956413731,-0.2027558376330382
188,2019-06-15 10:22:14,22.66963,113.87062,23.31642044777542,80.84855050182898,-0.2587601417362855
188,2019-06-15 10:22:15,22.669663,113.870842,23.057660306039136,79.71617879310509,-5.389552622858673e-06
188,2019-06-15 10:22:16,22.6697,113.871063,23.057654916486516,80.84854590859737,-0.1972788476867712
188,2019-06-15 10:22:17,22.669733,113.871285,22.86037606879974,80.96113086608392,-0.5064283595276748
188,2019-06-15 10:22:18,22.669765,113.871503,22.353947709272067,80.42469075666992,-0.4874525702855479
188,2019-06-15 10:22:19,22.669798,113.871715,21.86649513898652,79.95435778974831,-0.2527218707126195
188,2019-06-15 10:22:20,22.669832,113.871923,21.6137732682739,80.19783557752964,-0.0694680720021203
188,2019-06-15 10:22:21,22.669865,113.87213,21.54430519627178,80.48935905238284,-0.1831683742392655
188,2019-06-15 10:22:22,22.669897,113.87233700000002,21.361136822032517,79.41630451640037,0.1420026422976334
188,2019-06-15 10:22:23,22.669932,113.87254,21.503139464330147,80.91085791142785,0.2076295716142517
188,2019-06-15 10:22:24,22.669963,113.87275,21.7107690359444,81.11611147374379,-0.2019613990510649
188,2019-06-15 10:22:25,22.669993,113.872958,21.508807636893334,82.5431820138254,-0.1523361012374735
188,2019-06-15 10:22:26,22.670018,113.873165,21.35647153565586,80.9882195052001,-0.3218231856856945
188,2019-06-15 10:22:27,22.670048,113.87337,21.03464834997017,81.06948876521665,-0.6897496438956487
188,2019-06-15 10:22:28,22.670077,113.87357,20.34489870607452,83.5922896565865,-1.1916558130185493
188,2019-06-15 10:22:29,22.670097,113.87376299999998,19.153242893055967,80.95483749689731,-1.0907441257086743
188,2019-06-15 10:22:30,22.670123,113.87394,18.062498767347293,79.52586367149246,-1.0103474162264732
188,2019-06-15 10:22:31,22.670152,113.87411000000002,17.05215135112082,79.82534374608667,-1.0273782144632442
188,2019-06-15 10:22:32,22.670178,113.874267,16.024773136657576,81.02735810891829,-0.5969680868635017
188,2019-06-15 10:22:33,22.6702,113.874418,15.427805049794074,78.59101264616066,-0.6410309582868301
188,2019-06-15 10:22:34,22.670227,113.874563,14.786774091507244,77.51101885736034,-0.982652492591674
188,2019-06-15 10:22:35,22.670255,113.8747,13.80412159891557,80.31483081009264,-1.1409502270717553
188,2019-06-15 10:22:36,22.670275,113.874827,12.663171371843816,79.4162933429713,-1.2815550373833808
188,2019-06-15 10:22:37,22.670295,113.874943,11.381616334460434,79.17308749727971,-1.341281155082699
188,2019-06-15 10:22:38,22.670313,113.875045,10.040335179377736,78.43108777548787,-1.190769162140164
188,2019-06-15 10:22:39,22.67033,113.875135,8.84956601723757,82.28529178688882,-1.0576830635852603
188,2019-06-15 10:22:40,22.67034,113.875215,7.79188295365231,79.4754208195107,-1.3385462729171245
188,2019-06-15 10:22:41,22.670352,113.875285,6.453336680735186,88.87116730362516,-1.4758128006786633
188,2019-06-15 10:22:42,22.670353,113.87534,4.9775238800565225,94.42639675778724,-1.4730835119801349
188,2019-06-15 10:22:43,22.67035,113.875382,3.504440368076388,97.12760393452167,-1.29845979895568
188,2019-06-15 10:22:44,22.670347,113.875408,2.205980569120708,79.17310044835995,-0.9303462256682272
188,2019-06-15 10:22:45,22.67035,113.875425,1.2756343434524806,65.08718410724697,-0.6137657672746429
188,2019-06-15 10:22:46,22.670353,113.875432,0.6618685761778377,0.0,0.0053009838518747
188,2019-06-15 10:22:47,22.67036,113.875432,0.6671695600297124,0.0,-0.3009091871908859
188,2019-06-15 10:22:48,22.670365,113.875432,0.3662603728388265,102.8522537659524,0.0029614701282331
188,2019-06-15 10:23:14,22.670345,113.875527,0.4432585961728878,83.81481054874286,1.4244128042890918
188,2019-06-15 10:23:15,22.670347,113.875547,1.86767140046198,78.51389636778731,0.8717146678799286
188,2019-06-15 10:23:16,22.67035,113.875563,2.739386068341908,84.97830301114237,1.3831748236489283
188,2019-06-15 10:23:17,22.670353,113.8756,4.122560891990837,84.24332464622785,1.45806502929414
188,2019-06-15 10:23:18,22.670357,113.875643,5.580625921284977,82.4025838569778,1.671021422113382
188,2019-06-15 10:23:19,22.670365,113.875708,7.251647343398359,81.77779454154586,1.3010743645306917
188,2019-06-15 10:23:20,22.670375,113.875783,8.55272170792905,81.77779100048411,1.5472382553163389
188,2019-06-15 10:23:21,22.670387,113.875873,10.09995996324539,82.35788461202145,1.2277574112144247
188,2019-06-15 10:23:22,22.6704,113.875978,11.327717374459814,82.95488740227609,0.4366398838288514
188,2019-06-15 10:23:23,22.670413,113.876092,11.764357258288666,80.73998669889323,0.0669940060913614
188,2019-06-15 10:23:24,22.67043,113.876205,11.831351264380029,81.95416019951546,-0.2267290609194088
188,2019-06-15 10:23:25,22.670445,113.87632,11.604622203460618,78.65197230162892,-0.3742138853452115
188,2019-06-15 10:23:26,22.670465,113.876428,11.230408318115408,79.66784907869663,-0.0503832623256368
188,2019-06-15 10:23:27,22.670483,113.876535,11.18002505578977,78.54870263496315,0.4153995537838408
188,2019-06-15 10:23:28,22.670503,113.876642,11.59542460957361,82.5482572396449,0.9747476870732416
188,2019-06-15 10:23:29,22.670517,113.876758,12.570172296646852,82.70578135959875,0.4722634856394965
188,2019-06-15 10:23:30,22.670532,113.87688500000002,13.042435782286349,82.10242827902516,-0.0441407170882559
188,2019-06-15 10:23:31,22.670548,113.87701,12.998295065198093,79.20125541853639,0.2621396805095575
188,2019-06-15 10:23:32,22.67057,113.877135,13.26043474570765,81.93378998792195,0.396341779035275
188,2019-06-15 10:23:33,22.670587,113.877265,13.656776524742924,80.28980394682236,0.3994994918083172
188,2019-06-15 10:23:34,22.670608,113.877398,14.056276016551244,80.12764913428202,0.4709488557935231
188,2019-06-15 10:23:35,22.67063,113.877535,14.527224872344766,82.65868214337007,0.361162579714291
188,2019-06-15 10:23:36,22.670647,113.877678,14.888387452059057,83.18067129380654,0.0106261697860343
188,2019-06-15 10:23:37,22.670663,113.877823,14.899013621845093,79.19786780905679,-0.0463445872990977
188,2019-06-15 10:23:38,22.670688,113.877965,14.852669034545992,80.53421060388337,0.2337343144845824
188,2019-06-15 10:23:39,22.67071,113.878108,15.086403349030576,80.37621229394324,0.2530134477618588
188,2019-06-15 10:23:40,22.670733,113.878255,15.339416796792436,80.84849277780467,0.0862756723713147
188,2019-06-15 10:23:41,22.670755,113.878403,15.42569246916375,83.8147668645912,-0.1153142915717122
188,2019-06-15 10:23:42,22.67077,113.878553,15.310378177592035,84.94428153352851,-0.510461486800855
188,2019-06-15 10:23:43,22.670782,113.8787,14.799916690791182,83.37676332765983,-0.464972106822838
188,2019-06-15 10:23:44,22.670797,113.87884,14.334944583968344,85.06275191369878,-0.3224125366373052
188,2019-06-15 10:23:45,22.670808,113.878978,14.01253204733104,84.45672616249317,-0.7606469024081886
188,2019-06-15 10:23:46,22.67082000000001,113.879112,13.25188514492285,83.96450068354892,-0.8102935733610952
188,2019-06-15 10:23:47,22.670832,113.879235,12.441591571561757,83.19140142657841,-0.53995433782117
188,2019-06-15 10:23:48,22.670845,113.879353,11.901637233740583,81.74155772711447,-0.7463773902032251
188,2019-06-15 10:23:49,22.67086,113.879465,11.15525984353736,81.03121900659869,-0.6082993682679998
188,2019-06-15 10:23:50,22.670875,113.879568,10.54696047526936,80.7667242237348,-0.1519409488102105
188,2019-06-15 10:23:51,22.67089,113.879668,10.39501952645915,80.76672323101889,-1.106211378498756e-06
188,2019-06-15 10:23:52,22.670905,113.879768,10.395018420247771,80.76672224330468,-0.0553085413478751
188,2019-06-15 10:23:53,22.67092,113.879868,10.339709878899896,85.04489056280954,-0.1989332599631801
188,2019-06-15 10:23:54,22.670928,113.879968,10.140776618936716,85.52810873368571,-0.5447894841300052
188,2019-06-15 10:23:55,22.670935,113.880065,9.59598713480671,92.06886677599522,-0.5112392247901045
188,2019-06-15 10:23:56,22.670932,113.880155,9.084747910016606,105.66860131696416,-0.6792654730117462
188,2019-06-15 10:23:57,22.67091,113.88024,8.40548243700486,112.68552071003889,-0.6444146911997137
188,2019-06-15 10:23:58,22.670883,113.88031,7.761067745805146,120.9731315906887,0.2235906710120581
188,2019-06-15 10:23:59,22.670847,113.880375,7.984658416817204,134.1754572134812,0.4419856783953602
188,2019-06-15 10:24:00,22.670795,113.880433,8.426644095212565,138.8138304506491,0.9031826342519124
188,2019-06-15 10:24:01,22.670737,113.880488,9.329826729464475,142.44164521602556,0.5422482145771177
188,2019-06-15 10:24:02,22.670665,113.880548,9.872074944041596,136.4077458055301,0.34468204294682
188,2019-06-15 10:24:03,22.670602,113.88061299999998,10.216756986988417,142.51359985606842,0.6487410734062493
188,2019-06-15 10:24:04,22.670525,113.880677,10.865498060394664,133.37395103036624,0.5062481394553267
188,2019-06-15 10:24:05,22.670457,113.880755,11.37174619984999,139.1380124772096,0.5753018542721264
188,2019-06-15 10:24:06,22.670377,113.88083,11.947048054122115,138.72571327007574,0.4131825108182951
188,2019-06-15 10:24:07,22.670295,113.880908,12.360230564940412,134.900521526857,0.3602204827011768
188,2019-06-15 10:24:08,22.670215,113.880995,12.720451047641587,135.95497002297043,0.2435399873974812
188,2019-06-15 10:24:09,22.670132,113.881082,12.96399103503907,141.2570499638769,0.0977926205865138
188,2019-06-15 10:24:10,22.67004,113.88116200000002,13.061783655625584,140.29150412982756,-0.1316317252379431
188,2019-06-15 10:24:11,22.66995,113.881243,12.93015193038764,137.30099852005617,0.1057260899119025
188,2019-06-15 10:24:12,22.669865,113.881328,13.035878020299544,135.66593000975809,0.0591883725445061
188,2019-06-15 10:24:13,22.66978,113.881418,13.09506639284405,134.6366060547673,0.5623102146345484
188,2019-06-15 10:24:14,22.669698,113.881508,13.657376607478598,127.04321572306696,0.0480173218217832
188,2019-06-15 10:24:15,22.66962,113.88162,13.70539392930038,127.96427076692804,-0.6329614124196983
188,2019-06-15 10:24:16,22.669548,113.88172,13.072432516880683,130.04501104550252,-0.5112107938478729
188,2019-06-15 10:24:17,22.669472,113.881818,12.56122172303281,131.8881315146794,-0.7541609442325594
188,2019-06-15 10:24:18,22.6694,113.881905,11.80706077880025,129.8480864014124,-0.64338438878268
188,2019-06-15 10:24:19,22.669333,113.881992,11.16367639001757,125.52615456501871,-0.7590261519808639
188,2019-06-15 10:24:20,22.669277,113.882077,10.404650238036709,130.44852973003535,-0.9082689969287046
188,2019-06-15 10:24:21,22.669218,113.882152,9.496381241108002,125.07383352422528,-0.8680912566667747
188,2019-06-15 10:24:22,22.669172,113.882223,8.628289984441228,122.13886282108216,-1.0390435596600902
188,2019-06-15 10:24:23,22.669132,113.882292,7.5892464247811375,119.27261623978404,-1.5154312407180417
188,2019-06-15 10:24:24,22.669102,113.88235,6.073815184063096,124.23435452645008,-0.9024133461471316
188,2019-06-15 10:24:25,22.669075,113.882393,5.1714018379159645,120.68770421733656,-0.3059566995047653
188,2019-06-15 10:24:26,22.669052,113.88243500000002,4.865445138411199,124.38989850143992,-0.1461112176144041
188,2019-06-15 10:24:27,22.669028,113.882473,4.719333920796795,119.63785930380038,-0.4657968726728354
188,2019-06-15 10:24:28,22.669007,113.882513,4.25353704812396,125.84737623052524,-0.4649107123573781
188,2019-06-15 10:24:29,22.668987,113.882543,3.7886263357665815,114.04823688030456,0.1245070949484437
188,2019-06-15 10:24:30,22.668973,113.882577,3.913133430715025,116.3545062678278,0.1165208523265906
188,2019-06-15 10:24:31,22.668957,113.882612,4.029654283041616,114.30155997698029,-0.6289125234762327
188,2019-06-15 10:24:32,22.668942,113.882648,3.400741759565383,83.6033302030869,-0.7047783207644742
188,2019-06-15 10:24:33,22.668945,113.882677,2.695963438800909,115.22900367750545,-0.0885941615135754
188,2019-06-15 10:24:34,22.668935,113.8827,2.6073692772873334,129.10387237505637,-0.2759111012963622
188,2019-06-15 10:24:35,22.66892,113.88272,2.331458175990971,115.71794939221375,-0.7146171507723436
188,2019-06-15 10:24:36,22.668912,113.882738,1.6168410252186276,130.12732052395393,-0.2139370072455155
188,2019-06-15 10:24:37,22.668905,113.882747,1.402904017973112,79.7616158536897,1.677711014001692
188,2019-06-15 10:24:38,22.668908,113.882765,3.080615031974804,123.26229885059786,0.7861733200480745
188,2019-06-15 10:24:39,22.668885,113.882803,3.8667883520228794,104.19079155719533,-0.6787970981174829
188,2019-06-15 10:24:40,22.668878,113.882833,3.187991253905396,112.34590112400622,0.6627782561265532
188,2019-06-15 10:24:41,22.668867,113.88286200000002,3.850769510031949,110.3070200965683,0.567550529337062
188,2019-06-15 10:24:42,22.668853,113.882903,4.418320039369011,109.40271069120212,1.931746443546712
188,2019-06-15 10:24:43,22.66884,113.882943,6.3500664829157225,101.48596155433364,1.2234329589804256
188,2019-06-15 10:24:44,22.668825,113.883023,7.573499441896148,104.25155485667476,-0.6987791758708282
188,2019-06-15 10:24:45,22.66881,113.88308700000002,6.87472026602532,103.83652629943646,0.4987478211822962
188,2019-06-15 10:24:46,22.668795000000006,113.883153,7.373468087207616,102.38952291176496,0.6790192467156793
188,2019-06-15 10:24:47,22.66878,113.883227,8.052487333923295,99.98761386027913,0.7597842947919595
188,2019-06-15 10:24:48,22.66876700000001,113.883307,8.812271628715255,91.3643955212276,-0.0252910740079794
188,2019-06-15 10:24:49,22.668765,113.883398,8.786980554707275,95.41688367732472,-0.5778328658039058
188,2019-06-15 10:24:50,22.668758,113.883478,8.20914768890337,83.0488801115797,-0.7613767665924085
188,2019-06-15 10:24:51,22.66876700000001,113.883558,7.447770922310961,82.2853817674324,-0.7504689767109953
188,2019-06-15 10:24:52,22.668775,113.883622,6.697301945599966,87.17987882621469,-0.2823254695534265
188,2019-06-15 10:24:53,22.668778,113.883688,6.414976476046539,89.99998863268377,-1.0141776343013147
188,2019-06-15 10:24:54,22.668778,113.883747,5.400798841745225,80.63541423788047,-0.5141284788542473
188,2019-06-15 10:24:55,22.668785,113.883793,4.886670362890977,74.53352819588582,0.3374797145862827
188,2019-06-15 10:24:56,22.668797,113.88384,5.22415007747726,78.22762417516259,0.5276255398831831
188,2019-06-15 10:24:57,22.668807,113.883892,5.751775617360443,79.41641560477473,0.7218789436786368
188,2019-06-15 10:24:58,22.668817,113.88395,6.47365456103908,75.06348455000864,0.6216230339685209
188,2019-06-15 10:24:59,22.668833,113.884015,7.095277595007601,73.1534624593159,0.4072251733378005
188,2019-06-15 10:25:00,22.668852,113.884083,7.502502768345401,73.24644204944059,0.1990356918345437
188,2019-06-15 10:25:01,22.668872,113.884155,7.701538460179945,64.44697334797092,-0.6166843649210154
188,2019-06-15 10:25:02,22.668902,113.884223,7.08485409525893,77.1979592004746,-1.173259933199545
188,2019-06-15 10:25:03,22.668915,113.884285,5.911594162059385,75.42078947526375,-1.021615239063581
188,2019-06-15 10:25:04,22.668927,113.884335,4.889978922995804,74.15437741054586,-0.8407731110703436
188,2019-06-15 10:25:05,22.668938,113.884377,4.04920581192546,81.19948771846646,-0.5981437590311107
188,2019-06-15 10:25:06,22.668943,113.884412,3.451062052894349,76.24931033596187,-0.1782344936710433
188,2019-06-15 10:25:07,22.66895,113.884443,3.272827559223306,64.0892441930207,0.1765742202640363
188,2019-06-15 10:25:08,22.668963,113.884472,3.449401779487342,62.32833121583246,0.2399631021945669
188,2019-06-15 10:25:09,22.668978,113.884503,3.689364881681909,60.0698103210558,0.593797048336274
188,2019-06-15 10:25:10,22.668995,113.884535,4.283161930018183,59.20308182426322,1.2387295715765978
188,2019-06-15 10:25:11,22.669017,113.884575,5.521891501594781,60.20747332097733,1.3723395068615236
188,2019-06-15 10:25:12,22.669045,113.884628,6.8942310084563045,60.80379642017528,0.8615352557663742
188,2019-06-15 10:25:13,22.669078,113.884692,7.755766264222679,60.84729856821133,0.3350725227443227
188,2019-06-15 10:25:14,22.669113,113.88476,8.090838786967002,64.281998491102,-0.0315391734602243
188,2019-06-15 10:25:15,22.669145,113.884832,8.059299613506777,65.08736215088385,-0.0456444589258868
188,2019-06-15 10:25:16,22.669175,113.884902,8.01365515458089,67.42858211927535,-0.047903153779039
188,2019-06-15 10:25:17,22.669203,113.884975,7.965752000801851,62.97898950834792,0.0744926747955858
188,2019-06-15 10:25:18,22.669235,113.885043,8.040244675597437,63.58610337147286,0.3551396135725131
188,2019-06-15 10:25:19,22.669268,113.88511499999998,8.39538428916995,61.22068130001264,0.1116764796632168
188,2019-06-15 10:25:20,22.669305,113.885188,8.507060768833167,53.95008663785416,-0.1991888140683144
188,2019-06-15 10:25:21,22.66935,113.885255,8.307871954764853,46.9470262618687,-0.0867806512730098
188,2019-06-15 10:25:22,22.6694,113.88531299999998,8.221091303491843,50.002921975990944,-0.310982460001469
188,2019-06-15 10:25:23,22.669448000000006,113.885375,7.910108843490374,54.838316872834696,-0.5593195248960177
188,2019-06-15 10:25:24,22.669487,113.88543500000002,7.350789318594356,56.0729685008917,-0.778682433350423
188,2019-06-15 10:25:25,22.669523,113.885493,6.572106885243933,57.32434934433661,-0.9719813017130664
188,2019-06-15 10:25:26,22.669552,113.885542,5.6001255835308665,53.49465723645517,-0.2588124292581675
188,2019-06-15 10:25:27,22.66958,113.885583,5.341313154272699,52.25690471941533,-0.162110446078656
188,2019-06-15 10:25:28,22.66961,113.885625,5.179202708194043,50.644235692510335,0.0402423888756651
188,2019-06-15 10:25:29,22.669638,113.885662,5.219445097069708,52.907503147124544,0.7323975084805046
188,2019-06-15 10:25:30,22.669668,113.885705,5.951842605550213,53.612228568367016,0.323416426061339
188,2019-06-15 10:25:31,22.669702,113.885755,6.275259031611552,56.102421882481,0.5277309333519247
188,2019-06-15 10:25:32,22.669733,113.885805,6.802989964963476,53.2256285783418,0.6761847403396173
188,2019-06-15 10:25:33,22.669773,113.885863,7.479174705303094,54.83825295541453,0.592361266760002
188,2019-06-15 10:25:34,22.669812,113.885923,8.071535972063096,58.949065694056856,0.6278246528113769
188,2019-06-15 10:25:35,22.669852,113.885995,8.699360624874473,61.229291117741866,0.3580955396149079
188,2019-06-15 10:25:36,22.66989,113.88607,9.05745616448938,61.54831164846752,0.5570037677264317
188,2019-06-15 10:25:37,22.66993,113.88615,9.614459932215812,61.83140766469984,0.6636510615995981
188,2019-06-15 10:25:38,22.669972,113.886235,10.27811099381541,59.97255516232917,0.6173453820474659
188,2019-06-15 10:25:39,22.67002,113.886325,10.895456375862876,58.022530762151234,0.3927858430550106
188,2019-06-15 10:25:40,22.670073,113.886417,11.288242218917889,58.36629963676205,-0.0143482753106169
188,2019-06-15 10:25:41,22.670127,113.886512,11.27389394360727,59.27681432629095,-0.2834069585132255
188,2019-06-15 10:25:42,22.670178,113.886605,10.990486985094044,53.04816420510628,-0.1275419828412545
188,2019-06-15 10:25:43,22.670237,113.88669,10.86294500225279,58.445306123481714,-0.6664247046633012
188,2019-06-15 10:25:44,22.670288,113.88678,10.196520297589489,56.8547415585536,-0.8093063761410946
188,2019-06-15 10:25:45,22.670335,113.886858,9.387213921448394,55.459724110938,-0.1664759284049832
188,2019-06-15 10:25:46,22.670382,113.886932,9.22073799304341,52.10081819014641,-0.4086605053456456
188,2019-06-15 10:25:47,22.670433,113.887003,8.812077487697765,51.48489697641452,-0.8788079979965886
188,2019-06-15 10:25:48,22.67048,113.887067,7.933269489701177,50.23438702806652,-0.9079827107824352
188,2019-06-15 10:25:49,22.670523,113.887123,7.025286778918741,51.27168396512696,-1.0928310653901656
188,2019-06-15 10:25:50,22.67056,113.887173,5.932455713528576,50.8957792371325,-1.5911011796360477
188,2019-06-15 10:25:51,22.67059,113.887213,4.341354533892528,49.075136119600586,-0.8908146669253347
188,2019-06-15 10:25:52,22.67061,113.88723799999998,3.4505398669671936,57.57251766701336,-0.9492456539037192
188,2019-06-15 10:25:53,22.670627,113.887267,2.5012942130634745,42.69883239944511,-1.972409932693746
188,2019-06-15 10:25:54,22.670637,113.887277,0.5288842803697285,204.7670829127585,-0.4775825144795744
188,2019-06-15 10:25:55,22.670633,113.887275,0.051301765890154,34.685240954851906,0.8980552846222046
188,2019-06-15 10:25:56,22.670637,113.887278,0.9493570505123587,61.54819702436697,0.6591901076155406
188,2019-06-15 10:25:57,22.670643,113.88729,1.6085471581278994,72.32056102113296,0.3712341827433427
188,2019-06-15 10:25:58,22.670648,113.887307,1.979781340871242,58.948924548229,0.4585468290660486
188,2019-06-15 10:25:59,22.670658,113.887325,2.4383281699372907,43.527420607691454,0.1274233603745735
188,2019-06-15 10:26:01,22.67069200000001,113.88736000000002,2.693174890686438,45.71461970224607,0.7017324066434214
188,2019-06-15 10:26:02,22.67071,113.88738,3.3949072973298597,51.524470125174446,0.3761445702294006
188,2019-06-15 10:26:03,22.670732,113.88741,3.77105186755926,45.08503459134846,-0.1488443017336025
188,2019-06-15 10:26:04,22.670755,113.887435,3.6222075658256574,45.08502976520657,0.0394663191017921
188,2019-06-15 10:26:05,22.670778,113.88746,3.6616738849274495,43.86607804171717,-0.5292557830073097
188,2019-06-15 10:26:06,22.670802,113.887485,3.13241810192014,46.070301368778814,-0.2291132678878202
188,2019-06-15 10:26:07,22.670818,113.887503,2.9033048340323195,49.37181449546199,-0.1042501874404879
188,2019-06-15 10:26:08,22.670837,113.887527,2.799054646591832,33.68024935745069,-0.6808512332161056
188,2019-06-15 10:26:09,22.670855,113.88754,2.118203413375726,54.15224570921009,-0.0709836259700957
188,2019-06-15 10:26:10,22.670865,113.887555,2.04721978740563,52.58437166624935,-0.2114133779264158
188,2019-06-15 10:26:11,22.670877,113.887572,1.8358064094792144,63.4264322472261,-0.0581699193839977
188,2019-06-15 10:26:12,22.670883,113.88758500000002,1.7776364900952166,57.4828243931961,0.3870135387148461
188,2019-06-15 10:26:13,22.670893,113.887602,2.1646500288100627,52.66977106261305,0.0181145924703676
188,2019-06-15 10:26:21,22.670988,113.88773700000002,2.309566768573004,43.9699457628924,1.5789523025499776
188,2019-06-15 10:26:22,22.67101,113.88776,3.888519071122981,44.67277530850049,0.9476032044754316
188,2019-06-15 10:26:23,22.671038,113.88779,4.836122275598413,42.698739371784825,0.5192517265044048
188,2019-06-15 10:26:24,22.671073,113.887825,5.355374002102818,49.07503215461844,0.7554490382830341
188,2019-06-15 10:26:25,22.671105,113.887865,6.110823040385852,49.07502278088128,0.724923705717524
188,2019-06-15 10:26:26,22.671145000000006,113.887915,6.835746746103376,52.15207764300635,0.8579570366929143
188,2019-06-15 10:26:27,22.671183,113.887968,7.69370378279629,53.94971340805603,1.2215196017202787
188,2019-06-15 10:26:28,22.671228,113.88803500000002,8.915223384516569,53.413973652526295,0.7102452439670817
188,2019-06-15 10:26:29,22.671278,113.888108,9.62546862848365,52.7642476534084,0.4233015834427309
188,2019-06-15 10:26:30,22.671332,113.888185,10.048770211926382,49.07496896611718,0.8441596095514452
188,2019-06-15 10:26:31,22.671392,113.88826,10.892929821477829,54.30021222536453,0.6842647010156551
188,2019-06-15 10:26:32,22.671453,113.888352,11.577194522493482,49.82526158945956,0.3049409141578891
188,2019-06-15 10:26:33,22.67152,113.888438,11.882135436651373,48.365726446065366,0.2585002649201353
188,2019-06-15 10:26:34,22.671593,113.888527,12.140635701571506,46.99977254201826,0.0751273277678343
188,2019-06-15 10:26:35,22.671667000000006,113.888613,12.21576302933934,47.59559232468587,-0.1467107885344738
188,2019-06-15 10:26:36,22.671742,113.888702,12.069052240804869,50.055907308922656,-0.2132789985204031
188,2019-06-15 10:26:37,22.67181,113.88879,11.855773242284464,50.68839253798683,-0.2501012525680455
188,2019-06-15 10:26:38,22.671878,113.88888,11.605671989716418,52.32023889658035,-0.568963399567517
188,2019-06-15 10:26:39,22.67194,113.888967,11.0367085901489,50.32316522711966,-0.3641298031709858
188,2019-06-15 10:26:40,22.672002,113.889048,10.672578786977915,46.79441094121427,-0.3042177913751285
188,2019-06-15 10:26:41,22.672067,113.889123,10.368360995602789,48.22373102213885,-0.5648887360571173
188,2019-06-15 10:26:42,22.672128,113.889197,9.80347225954567,47.74690978220707,-0.9767672155260012
188,2019-06-15 10:26:43,22.672185,113.889265,8.826705044019668,50.595186106027256,-1.457318136704818
188,2019-06-15 10:26:44,22.672232,113.889327,7.36938690731485,52.03516022770083,-0.977359514659314
188,2019-06-15 10:26:45,22.672268,113.889377,6.392027392655536,51.68306680515457,-0.5221847744286947
188,2019-06-15 10:26:46,22.672303,113.889425,5.8698426182268415,53.836949992423456,-1.1387570682238657
188,2019-06-15 10:26:47,22.672332,113.889468,4.731085550002976,50.27771752854972,-1.4509357289537514
188,2019-06-15 10:26:48,22.672355,113.889498,3.2801498210492244,42.69847052077591,-0.9788975236674866
188,2019-06-15 10:26:49,22.672372,113.889515,2.3012522973817378,57.48254245666595,-0.2050041988389788
188,2019-06-15 10:26:50,22.672382,113.889532,2.096248098542759,71.98939258675921,-0.4115310583436817
188,2019-06-15 10:26:51,22.672388,113.889552,1.6847170401990772,68.4910895440342,-0.73489509389745
188,2019-06-15 10:26:52,22.672392,113.889563,0.9498219463016272,89.99999864575602,-0.2124934903964612
188,2019-06-15 10:26:53,22.672392,113.88957,0.7373284559051659,65.08685823785208,-0.3269195767924664
188,2019-06-15 10:26:54,22.672395,113.889577,0.4104088791126995,162.90342997202708,0.516769272839574
188,2019-06-15 10:26:55,22.672392,113.889578,0.9271781519522736,79.47527384375428,0.2712488328090908
188,2019-06-15 10:26:58,22.672398,113.88961299999998,1.740924650379546,82.28518629130929,2.1458796602688066
188,2019-06-15 10:26:59,22.672402,113.889645,3.886804310648353,74.15399612586339,1.4430736104909978
188,2019-06-15 10:27:00,22.672413,113.889687,5.32987792113935,74.34288537767571,0.5545745061879188
188,2019-06-15 10:27:01,22.672428,113.889745,5.884452427327269,72.63972016195379,-0.7243040909248144
188,2019-06-15 10:27:02,22.672443,113.889797,5.160148336402455,96.44086705794616,-0.1441598175007374
188,2019-06-15 10:27:03,22.672438,113.889845,5.015988518901717,125.21047241560734,0.4524066534942612
188,2019-06-15 10:27:04,22.67241,113.88988799999998,5.4683951723959785,137.30152488178305,0.3034702511707827
188,2019-06-15 10:27:05,22.672373,113.889925,5.771865423566761,146.7287328359755,0.7112018950198822
188,2019-06-15 10:27:06,22.672328,113.889957,6.483067318586643,151.02955698193216,0.1688028466128397
188,2019-06-15 10:27:07,22.672273,113.88999,6.651870165199483,163.19658874410982,-0.3061562866037919
188,2019-06-15 10:27:08,22.672218,113.890008,6.345713878595691,165.87468458153876,-0.0134931700898279
188,2019-06-15 10:27:09,22.672163,113.890023,6.332220708505863,164.08152319226747,-0.3552634280404758
188,2019-06-15 10:27:10,22.672108,113.89003999999998,5.976957280465387,171.60173621986723,-0.5759594526333442
188,2019-06-15 10:27:11,22.672058,113.890048,5.400997827832043,163.98279094393376,-0.0494000811943911
188,2019-06-15 10:27:12,22.672013,113.890062,5.351597746637652,158.1400555945636,0.4014494055793411
188,2019-06-15 10:27:13,22.671967,113.890082,5.753047152216993,164.1499047785877,0.1054185797911433
188,2019-06-15 10:27:14,22.671915,113.890098,5.858465732008137,158.96975647253896,0.5563253568736757
188,2019-06-15 10:27:15,22.671867,113.890118,6.414791088881812,159.7413423036694,0.5589296276352114
188,2019-06-15 10:27:16,22.671807,113.890142,6.973720716517024,157.9665555133232,0.7129302936537432
188,2019-06-15 10:27:17,22.67175,113.890167,7.686651010170767,161.8072468684286,0.4881748189716148
188,2019-06-15 10:27:18,22.671677,113.890193,8.174825829142382,157.62405451963104,-0.6798255790769607
188,2019-06-15 10:27:19,22.671612,113.890222,7.495000250065421,163.42411499081322,-0.5526036166987085
188,2019-06-15 10:27:20,22.67155,113.890242,6.942396633366712,161.22437253987016,-0.073624179089081
188,2019-06-15 10:27:21,22.671493,113.890263,6.868772454277631,161.3075489947871,-0.2369066415143095
188,2019-06-15 10:27:22,22.671433,113.890285,6.631865812763322,152.67327952836058,-0.2926157179074442
188,2019-06-15 10:27:23,22.671383,113.890313,6.339250094855878,156.47889089186958,0.23650729598039
188,2019-06-15 10:27:24,22.67133,113.890338,6.575757390836268,148.89639288655576,0.2772501122545323
188,2019-06-15 10:27:25,22.671278,113.890372,6.8530075030908,142.8873887359802,0.2133147006400593
188,2019-06-15 10:27:26,22.671228,113.890413,7.066322203730859,150.0276232301486,0.3695046061269886
188,2019-06-15 10:27:27,22.671172,113.890448,7.435826809857848,148.61923536932977,0.1682505283903612
188,2019-06-15 10:27:28,22.671113,113.890487,7.604077338248209,157.7012916904907,0.6889964434980547
188,2019-06-15 10:27:29,22.67105,113.890515,8.293073781746264,142.0181886878297,0.6139173773570086
188,2019-06-15 10:27:30,22.670985,113.89057,8.906991159103272,155.8413226279065,0.0709311195535669
188,2019-06-15 10:27:31,22.670913,113.890605,8.97792227865684,156.977250403046,0.3515422449676286
188,2019-06-15 10:27:32,22.670837,113.89064,9.329464523624468,159.7411996354707,0.0828369830727346
188,2019-06-15 10:27:33,22.670757,113.890672,9.412301506697204,160.09538347237446,0.2963174338399934
188,2019-06-15 10:27:34,22.670678,113.890703,9.708618940537196,159.74117733970945,0.316505959032364
188,2019-06-15 10:27:35,22.670593,113.89073700000002,10.02512489956956,163.27837191812228,-0.1162509178315094
188,2019-06-15 10:27:36,22.670507,113.890765,9.90887398173805,161.7604157624238,0.0635428187488269
188,2019-06-15 10:27:37,22.670423,113.890795,9.972416800486878,161.05038354405906,0.581433772444715
188,2019-06-15 10:27:38,22.670337,113.890827,10.553850572931593,163.7543483585339,0.5994204248544222
188,2019-06-15 10:27:39,22.670242,113.890857,11.153270997786016,162.5718033366552,0.4171348186694121
188,2019-06-15 10:27:40,22.670145,113.89088999999998,11.570405816455429,163.3778757806574,0.1695353093845941
188,2019-06-15 10:27:41,22.670043,113.890923,11.73994112584002,164.6726960489466,0.4558634716470973
188,2019-06-15 10:27:42,22.669942,113.890953,12.195804597487118,163.637789162912,0.6165056307342542
188,2019-06-15 10:27:43,22.669832,113.890988,12.812310228221373,165.23057707988437,0.1777524730181632
188,2019-06-15 10:27:44,22.66972,113.89102,12.990062701239536,161.76031437890833,0.4398387023204435
188,2019-06-15 10:27:45,22.669608,113.89106,13.42990140355998,162.6306092583501,0.219618878941608
188,2019-06-15 10:27:46,22.66949,113.8911,13.649520282501587,163.73233166415275,0.1064750859932619
188,2019-06-15 10:27:47,22.669373,113.891137,13.75599536849485,162.903060716877,0.1762216558283373
188,2019-06-15 10:27:48,22.669253,113.891177,13.932217024323188,160.6133038928549,0.0293097201198921
188,2019-06-15 10:27:49,22.669135,113.891222,13.96152674444308,159.42614530928745,0.5429075942929238
188,2019-06-15 10:27:50,22.669017,113.89127,14.504434338736004,162.90301782815732,1.099123133430325
188,2019-06-15 10:27:51,22.668888,113.89131299999998,15.603557472166328,165.33069228543854,0.3750791117608791
188,2019-06-15 10:27:52,22.668747,113.891353,15.978636583927209,165.28202199243017,0.2976900343960391
188,2019-06-15 10:27:53,22.66861,113.891392,16.276326618323246,166.58370785812951,0.8409675334835498
188,2019-06-15 10:27:54,22.668463,113.89143,17.117294151806796,167.42059869353614,0.3056898622121089
188,2019-06-15 10:27:55,22.66831,113.891467,17.422984014018905,166.02307201698727,-0.0471275006640894
188,2019-06-15 10:27:56,22.668158,113.891508,17.375856513354815,165.60518489670426,0.0914772285194303
188,2019-06-15 10:27:57,22.668007,113.89155,17.467333741874246,163.7540802958697,0.0450319409510733
188,2019-06-15 10:27:58,22.667855,113.891598,17.51236568282532,163.22543551380522,0.2242409013211279
188,2019-06-15 10:27:59,22.667705,113.891647,17.736606584146447,165.1853817370577,0.1744597094831306
188,2019-06-15 10:28:00,22.667548,113.891692,17.911066293629577,163.21906446594244,0.1994251731450766
188,2019-06-15 10:28:01,22.66739500000001,113.891742,18.11049146677465,162.19228270021893,0.2582829877270534
188,2019-06-15 10:28:02,22.667237,113.891797,18.368774454501708,162.69793404239272,0.1372827143797934
188,2019-06-15 10:28:03,22.66708,113.89185,18.5060571688815,164.10290302294925,0.182425777023802
188,2019-06-15 10:28:04,22.666918,113.8919,18.688482945905303,166.31869986976335,0.4640099096511783
188,2019-06-15 10:28:05,22.666755,113.891943,19.15249285555648,166.71814282815944,0.833086939015061
188,2019-06-15 10:28:06,22.666583,113.891987,19.985579794571542,169.82786405787033,0.4956011168194649
188,2019-06-15 10:28:07,22.666403,113.892022,20.481180911391007,170.55252597786694,0.2914726746719687
188,2019-06-15 10:28:08,22.666220000000006,113.892055,20.772653586062976,169.54352851150963,0.7932602503535726
188,2019-06-15 10:28:09,22.666035,113.892092,21.56591383641655,170.42839261906963,0.0547557213179885
188,2019-06-15 10:28:10,22.665838,113.892128,21.620669557734537,169.5984874484252,0.1646862930049408
188,2019-06-15 10:28:11,22.665652,113.892165,21.78535585073948,168.97928114025808,1.121239218865906
188,2019-06-15 10:28:12,22.665453,113.892207,22.906595069605384,169.84159459086732,0.0179438239782427
188,2019-06-15 10:28:13,22.665247,113.892247,22.924538893583627,170.05557994899323,0.0371007599786139
188,2019-06-15 10:28:14,22.665047,113.89228500000002,22.96163965356224,170.3854665923095,0.6924959712010796
188,2019-06-15 10:28:15,22.66484,113.892323,23.65413562476332,169.63992460231066,0.2644851113187521
188,2019-06-15 10:28:16,22.664628,113.89236499999998,23.918620736082072,169.34967273872223,0.3406908423201251
188,2019-06-15 10:28:17,22.664417,113.892408,24.2593115784022,168.22972692206724,0.3472011929452918
188,2019-06-15 10:28:18,22.6642,113.892457,24.60651277134749,169.166843559565,0.1536432011996495
188,2019-06-15 10:28:19,22.663983,113.892502,24.76015597254714,168.61657950604717,0.4864226469687516
188,2019-06-15 10:28:20,22.663763,113.89255,25.24657861951589,168.41140953835304,0.585866700706795
188,2019-06-15 10:28:21,22.663538,113.8926,25.83244532022269,168.21543961575526,0.3267573915425075
188,2019-06-15 10:28:22,22.663308,113.892652,26.159202711765197,168.70453747255146,0.2594136411422916
188,2019-06-15 10:28:23,22.663077,113.892702,26.418616352907485,167.54678126341787,0.5869659958182218
188,2019-06-15 10:28:24,22.662843,113.892758,27.005582348725707,167.21863088419718,0.3821473712612651
188,2019-06-15 10:28:25,22.662603,113.892817,27.38772971998697,166.80027480695287,-0.0372182732391657
188,2019-06-15 10:28:26,22.662363,113.892878,27.35051144674781,165.85470074792977,-0.4908026307937945
188,2019-06-15 10:28:27,22.662125,113.892943,26.85970881595401,162.61891824452152,-0.0464033266600836
188,2019-06-15 10:28:28,22.661898,113.89302,26.813305489293928,162.4197215925683,0.66045806762898
188,2019-06-15 10:28:29,22.661665,113.8931,27.473763556922908,162.36252442101227,0.7558563855066787
188,2019-06-15 10:28:30,22.661427,113.893182,28.229619942429583,161.00864752066082,0.3907782798748265
188,2019-06-15 10:28:31,22.661183,113.893273,28.620398222304413,159.16040099275426,0.0453964882104216
188,2019-06-15 10:28:32,22.660943,113.893372,28.665794710514835,158.0147807560735,0.1081121088057734
188,2019-06-15 10:28:33,22.660703,113.893477,28.773906819320608,156.9014522975309,0.098611453625395
188,2019-06-15 10:28:34,22.660465,113.893587,28.872518272946003,155.96821299726707,0.1804617705685416
188,2019-06-15 10:28:35,22.660227,113.893702,29.052980043514545,153.216104398835,0.2362448573608802
188,2019-06-15 10:28:36,22.659993,113.89383,29.289224900875425,152.60031256619652,0.4562730372521599
188,2019-06-15 10:28:37,22.659758,113.89396200000002,29.745497938127585,150.78779286028538,0.5259277056577147
188,2019-06-15 10:28:38,22.659522,113.894105,30.2714256437853,149.0021416036866,0.3726337690927614
188,2019-06-15 10:28:39,22.659287,113.894258,30.64405941287806,148.02049866546815,0.2711170608952891
188,2019-06-15 10:28:40,22.659052,113.894417,30.91517647377335,147.37748184423936,0.2212857013192817
188,2019-06-15 10:28:41,22.65881700000001,113.89458,31.136462175092632,146.74356980164305,0.2294671038162228
188,2019-06-15 10:28:42,22.658582,113.894747,31.36592927890885,145.00531121565632,0.18123676636527
188,2019-06-15 10:28:43,22.65835,113.894923,31.547166045274125,143.32375795159004,0.1420390457402298
188,2019-06-15 10:28:44,22.658122,113.895107,31.689205091014355,142.6102106702657,-0.0146540335195375
188,2019-06-15 10:28:45,22.657895,113.895295,31.674551057494817,141.4060188201437,0.0807321099250408
188,2019-06-15 10:28:46,22.65767300000001,113.89548700000002,31.755283167419854,140.95474192382272,0.1240770679418119
188,2019-06-15 10:28:47,22.65745,113.895683,31.87936023536167,138.65531410466832,-0.3264293591472693
188,2019-06-15 10:28:48,22.657235,113.895888,31.5529308762144,137.71292133173188,-0.3139549755881887
188,2019-06-15 10:28:49,22.657027,113.896093,31.23897590062621,136.6062126281845,-0.2280499854857325
188,2019-06-15 10:28:50,22.656823000000006,113.896302,31.01092591514048,135.61499673691026,-0.4017119289624524
188,2019-06-15 10:28:51,22.656625,113.89651200000002,30.609213986178027,134.88228097504816,-0.177889014773914
188,2019-06-15 10:28:52,22.656432,113.896722,30.431324971404116,132.1860112777906,-0.2637628777261867
188,2019-06-15 10:28:53,22.656248,113.896942,30.16756209367793,131.50204755322488,-0.4045012301085897
188,2019-06-15 10:28:54,22.65607,113.89716,29.763060863569336,130.43486955134767,-0.3973363204960876
188,2019-06-15 10:28:55,22.655897,113.89738,29.36572454307325,129.6963675019913,-0.2049296885023821
188,2019-06-15 10:28:56,22.65573,113.897598,29.160794854570867,128.84757550337474,-0.8127073528219526
188,2019-06-15 10:28:57,22.655565,113.89782,28.348087501748918,126.5343270702582,-2.0513635675592568
188,2019-06-15 10:28:58,22.655418,113.898035,26.296723934189657,124.47524439322046,-2.291171231202142
188,2019-06-15 10:28:59,22.65529,113.898237,24.005552702987515,125.69407204490268,-1.7507925195955103
188,2019-06-15 10:29:00,22.65517,113.898418,22.254760183392005,124.41273359279546,-0.7251897856722387
188,2019-06-15 10:29:01,22.65506,113.898592,21.52957039771977,123.03053085216504,-0.0707866195749922
188,2019-06-15 10:29:02,22.654955,113.898767,21.45878377814477,121.83796652146214,-0.1895346964966116
188,2019-06-15 10:29:03,22.654853,113.898945,21.26924908164816,122.97971960492843,-0.2161361219501856
188,2019-06-15 10:29:04,22.65475,113.899117,21.053112959697977,122.5740806497418,0.4355743541102086
188,2019-06-15 10:29:05,22.654648,113.89929,21.488687313808185,122.5429000567692,0.6095294597837757
188,2019-06-15 10:29:06,22.654542000000006,113.89947,22.09821677359196,121.59230474114328,0.4659399982915282
188,2019-06-15 10:29:07,22.654437,113.899655,22.56415677188349,122.3756629432072,0.5320405700731783
188,2019-06-15 10:29:08,22.654327,113.899843,23.096197341956668,123.85378596899034,0.2237142752589171
188,2019-06-15 10:29:09,22.65421,113.900032,23.319911617215585,124.9573292777768,0.2541870283400129
188,2019-06-15 10:29:10,22.65409,113.900218,23.5740986455556,125.62793931421874,0.5506464395195962
188,2019-06-15 10:29:11,22.653965,113.900407,24.124745085075197,125.70318389060948,0.7045276562099652
188,2019-06-15 10:29:12,22.653837,113.9006,24.82927274128516,124.890600026056,0.7374186645562943
188,2019-06-15 10:29:13,22.653707,113.900802,25.566691405841453,125.17866066555064,0.4478177547606918
188,2019-06-15 10:29:14,22.653573,113.901008,26.014509160602145,126.5020884523788,0.4609330678771108
188,2019-06-15 10:29:15,22.653433,113.90121299999998,26.475442228479256,126.42276995510645,0.6439532607599965
188,2019-06-15 10:29:16,22.65329,113.901423,27.119395489239253,126.53387289311804,0.5039736872152538
188,2019-06-15 10:29:17,22.653143,113.901638,27.623369176454503,129.18950597150854,0.3000206300232051
188,2019-06-15 10:29:18,22.652985,113.901848,27.92338980647771,131.74477082600748,0.5067652457884044
188,2019-06-15 10:29:19,22.652817,113.902052,28.43015505226612,133.69583567509846,0.4213551646105635
188,2019-06-15 10:29:20,22.652638,113.902255,28.85151021687668,134.1552545846547,0.137722238618231
188,2019-06-15 10:29:21,22.652457,113.902457,28.98923245549491,136.5548858417299,0.2718816754645914
188,2019-06-15 10:29:22,22.652267,113.902652,29.261114130959506,137.15043996968672,0.2914280771418234
188,2019-06-15 10:29:23,22.652073,113.902847,29.552542208101325,139.48046123500927,-0.2124292274835575
188,2019-06-15 10:29:24,22.65187,113.903035,29.340112980617768,139.0862044614094,-0.3021431380588275
188,2019-06-15 10:29:25,22.651673,113.90322,29.03796984255894,141.9040039936902,-0.0189328702085624
188,2019-06-15 10:29:26,22.651467,113.903395,29.019036972350374,141.6322335489416,0.2830637855068083
188,2019-06-15 10:29:27,22.651263,113.90357,29.302100757857183,144.00792652929738,0.6844638327531314
188,2019-06-15 10:29:28,22.651047,113.90373999999998,29.98656459061032,145.31087715975457,0.0412744737463128
188,2019-06-15 10:29:29,22.65082300000001,113.903908,30.02783906435663,149.12649464235915,0.1082479713274082
188,2019-06-15 10:29:30,22.650593,113.904057,30.13608703568404,149.43891795054662,0.4312630316677435
188,2019-06-15 10:29:31,22.650357,113.904208,30.567350067351786,150.08610665480398,-0.2551244703960726
188,2019-06-15 10:29:32,22.650118,113.904357,30.31222559695571,151.12857933985015,-0.6147865409546647
188,2019-06-15 10:29:33,22.649882,113.904498,29.697439056001045,152.59858831894724,-0.623053856433561
188,2019-06-15 10:29:34,22.649647,113.90463,29.074385199567484,153.92819997553443,-0.3381228856057099
188,2019-06-15 10:29:35,22.649415,113.904753,28.73626231396177,155.32232988722194,-0.5960757446964067
188,2019-06-15 10:29:36,22.64918,113.90487,28.140186569265367,156.49025080182457,-0.9441366528295774
188,2019-06-15 10:29:37,22.648953,113.904977,27.19604991643579,159.20469965538587,-0.5449857984721973
188,2019-06-15 10:29:38,22.648727,113.90507,26.651064117963596,161.1992745729964,-0.2875212479754587
188,2019-06-15 10:29:39,22.648502,113.905153,26.36354286998813,162.04583045830918,-0.0050357227612707
188,2019-06-15 10:29:40,22.648277,113.905232,26.358507147226863,162.82966570782833,-0.2421767255774085
188,2019-06-15 10:29:41,22.64805,113.905308,26.11633042164945,163.84390092790773,-0.3306991327238506
188,2019-06-15 10:29:42,22.647827,113.905378,25.785631288925604,165.228300524544,0.0402486432811564
188,2019-06-15 10:29:43,22.647603,113.905442,25.82587993220676,165.07143772131235,0.2463560158564561
188,2019-06-15 10:29:44,22.647378,113.905507,26.072235948063216,166.89878089664705,-0.0659299668268502
188,2019-06-15 10:29:45,22.647148,113.905565,26.00630598123637,169.67673043651382,-0.5170116054648126
188,2019-06-15 10:29:46,22.64692,113.90561,25.489294375771557,168.25772607645376,-0.2439025434032586
188,2019-06-15 10:29:47,22.646698,113.90566,25.24539183236829,166.38467616227194,0.0973312121252085
188,2019-06-15 10:29:48,22.646477,113.905718,25.342723044493503,168.58629447612043,0.0987591028752135
188,2019-06-15 10:29:49,22.646253,113.905767,25.44148214736872,170.49518597722033,-0.1900252584931827
188,2019-06-15 10:29:50,22.646027,113.905808,25.25145688887553,167.6942361730138,-0.4194554216161421
188,2019-06-15 10:29:51,22.645807,113.90586,24.832001467259392,168.46191027423322,-0.4536812172834672
188,2019-06-15 10:29:52,22.64559,113.905908,24.378320249975925,165.22807190966978,0.0841501637820663
188,2019-06-15 10:29:53,22.64538,113.905968,24.46247041375799,166.83429217523098,0.2099188465831858
188,2019-06-15 10:29:54,22.645163,113.906023,24.672389260341177,166.71612339941885,-0.4139984479409015
188,2019-06-15 10:29:55,22.644948,113.906078,24.258390812400275,167.12725037573523,-0.5763731799077156
188,2019-06-15 10:29:56,22.644738,113.90613,23.68201763249256,166.8240911327266,-0.0997664383562586
188,2019-06-15 10:29:57,22.644533,113.906182,23.5822511941363,169.29859501954115,0.2558437428267375
188,2019-06-15 10:29:58,22.644323,113.906225,23.83809493696304,168.86481425190937,0.1487400409118713
188,2019-06-15 10:29:59,22.644112,113.90627,23.98683497787491,168.43639484886273,0.1090316639007653
188,2019-06-15 10:30:00,22.6439,113.906317,24.095866641775675,168.9667593760753,0.1438229085199864
188,2019-06-15 10:30:01,22.643687,113.90636200000002,24.23968955029566,169.06689299804475,0.0545828109828328
188,2019-06-15 10:30:02,22.643472,113.906407,24.29427236127849,169.0170265752671,-0.4910623152203897
188,2019-06-15 10:30:03,22.643258,113.906452,23.803210046058105,168.60145152506266,0.2888966499255119
188,2019-06-15 10:30:04,22.643052,113.906497,24.092106695983617,170.24066159031145,1.464485661416429
188,2019-06-15 10:30:05,22.642832,113.90653799999998,25.55659235740005,171.69729332260272,-0.2825910885109515
188,2019-06-15 10:30:06,22.642598,113.906575,25.27400126888909,170.25691871997515,-1.510233606582677
188,2019-06-15 10:30:07,22.642383,113.906615,23.763767662306417,169.83992289956586,0.0646741668913826
188,2019-06-15 10:30:08,22.642177,113.906655,23.8284418291978,168.59333246575193,1.0857741058375725
188,2019-06-15 10:30:09,22.641962,113.906702,24.91421593503537,169.54171839086325,-0.0096703627956138
188,2019-06-15 10:30:10,22.641737,113.906747,24.90454557223976,168.82982607734266,0.0698394029645506
188,2019-06-15 10:30:11,22.641522,113.906793,24.97438497520431,167.95924739176326,0.9671306296067428
188,2019-06-15 10:30:12,22.641297,113.906845,25.94151560481105,168.7502233777293,0.5049866068898794
188,2019-06-15 10:30:13,22.641065,113.906895,26.44650221170093,169.32419602393065,1.6149302233259275e-06
188,2019-06-15 10:30:14,22.64083,113.906943,26.446503826631155,168.75018611117196,0.5556467231673494
188,2019-06-15 10:30:15,22.640598,113.906993,27.002150549798504,169.54161531407613,0.600893045939408
188,2019-06-15 10:30:16,22.640353,113.907042,27.603043595737912,169.24725580129382,0.1546201193592473
188,2019-06-15 10:30:17,22.64011,113.907092,27.75766371509716,169.87185061390267,0.0819966507134672
188,2019-06-15 10:30:18,22.639862,113.90713999999998,27.839660365810627,169.9595714322063,-0.3283674874323061
188,2019-06-15 10:30:19,22.639617,113.907187,27.51129287837832,169.62609185223926,0.437854338989446
188,2019-06-15 10:30:20,22.639375,113.907235,27.949147217367766,170.27085727701922,0.4011376248292961
188,2019-06-15 10:30:21,22.639122,113.907282,28.350284842197063,169.50043536057888,-0.509688004525259
188,2019-06-15 10:30:22,22.638873,113.907332,27.840596837671804,169.0372468059261,-0.0352969075063356
188,2019-06-15 10:30:23,22.63863,113.907383,27.805299930165468,169.04737694705864,0.8231144597276554
188,2019-06-15 10:30:24,22.638382,113.907435,28.628414389893123,168.43126387861582,0.1156119048553669
188,2019-06-15 10:30:25,22.638125,113.907492,28.74402629474849,166.80474025441447,-0.4503426764330314
188,2019-06-15 10:30:26,22.637877,113.907555,28.29368361831546,166.34814950071836,-0.4532862292926722
188,2019-06-15 10:30:27,22.63763,113.90762,27.840397389022787,164.81255962184218,-0.3109310529422409
188,2019-06-15 10:30:28,22.637392,113.90769,27.529466336080542,164.93331978406798,-0.0935124867236574
188,2019-06-15 10:30:29,22.637152,113.90776,27.43595384935689,165.3763194404196,-1.2613471662128894
188,2019-06-15 10:30:30,22.636915,113.907827,26.174606683144,163.86887639390068,-1.7111422326824517
188,2019-06-15 10:30:31,22.63669800000001,113.907895,24.463464450461547,163.21395371098072,-0.7752494632345588
188,2019-06-15 10:30:32,22.636493,113.907962,23.68821498722699,163.29666422011587,-0.0309251352725148
188,2019-06-15 10:30:33,22.63629,113.908028,23.657289851954477,161.87371999269476,-0.1492842855297418
188,2019-06-15 10:30:34,22.636087,113.9081,23.50800556642473,162.01332478221002,-0.268108002469269
188,2019-06-15 10:30:35,22.635888,113.90817,23.239897563955463,163.3025699186046,0.0651051546387506
188,2019-06-15 10:30:36,22.635688,113.908235,23.305002718594213,157.61874590017908,0.3205835300014605
188,2019-06-15 10:30:37,22.635493,113.908322,23.625586248595678,159.82906050166162,0.3149374395443942
188,2019-06-15 10:30:38,22.635292,113.908402,23.94052368814007,157.44499920826308,0.204081464136145
188,2019-06-15 10:30:39,22.635092,113.908492,24.144605152276213,158.0955020508327,0.3180297775448046
188,2019-06-15 10:30:40,22.63489,113.90858,24.462634929821014,159.33461220811864,0.6112169100709153
188,2019-06-15 10:30:41,22.634682,113.90866499999998,25.073851839891933,157.9573826261602,0.320376797660753
188,2019-06-15 10:30:42,22.63447,113.908758,25.39422863755269,155.1219200844073,-0.45428106039898
188,2019-06-15 10:30:43,22.634263,113.908862,24.939947577153703,155.77173092343628,-0.636924472500187
188,2019-06-15 10:30:44,22.634062,113.90896,24.30302310465352,156.6673456186346,-0.4690537174903859
188,2019-06-15 10:30:45,22.633863,113.909053,23.833969387163133,155.5668123026337,-0.48016696983181
188,2019-06-15 10:30:46,22.63367,113.909148,23.353802417331323,157.30395961734848,-0.0387353914762655
188,2019-06-15 10:30:47,22.633478,113.909235,23.315067025855058,157.38693249383846,0.2645996667472161
188,2019-06-15 10:30:48,22.633283,113.909323,23.579666692602277,157.03174240175372,0.3964788880038377
188,2019-06-15 10:30:49,22.633087,113.909413,23.97614558060611,156.3263904057701,0.7658415055294618
188,2019-06-15 10:30:50,22.632887,113.909508,24.741987086135573,155.96841534973305,0.5441142961621566
188,2019-06-15 10:30:51,22.63268,113.909608,25.28610138229773,155.12163524656216,0.1224536564862006
188,2019-06-15 10:30:52,22.632473,113.909712,25.40855503878393,154.17767561160213,0.4418329537631322
188,2019-06-15 10:30:53,22.632267,113.90982,25.850387992547063,152.78595041253004,0.6314535982454714
188,2019-06-15 10:30:54,22.632057,113.909937,26.48184159079253,153.5272046387838,0.4972549747242851
188,2019-06-15 10:30:55,22.631842,113.910053,26.97909656551682,153.85509275299205,0.5546260183936269
188,2019-06-15 10:30:56,22.631622,113.91017,27.533722583910446,152.53878337846072,0.2591740758660315
188,2019-06-15 10:30:57,22.6314,113.910295,27.79289665977648,151.76336289096804,0.2929497158419742
188,2019-06-15 10:30:58,22.63118,113.910423,28.08584637561845,150.33412830693146,0.300264405911598
188,2019-06-15 10:30:59,22.630958,113.91056,28.38611078153005,150.04276350726514,0.062776054207152
188,2019-06-15 10:31:00,22.630737,113.910698,28.4488868357372,148.56996030686287,0.0088795840430115
188,2019-06-15 10:31:01,22.630518,113.910843,28.457766419780214,147.39435903797073,-0.1440557099173993
188,2019-06-15 10:31:02,22.630303,113.910992,28.31371070986281,146.97588930567622,-0.2051385689559595
188,2019-06-15 10:31:03,22.63009,113.911142,28.10857214090685,146.6034209388083,-0.1957501076726941
188,2019-06-15 10:31:04,22.62988,113.911292,27.91282203323416,146.9558665125549,-0.3730459229316558
188,2019-06-15 10:31:05,22.62967,113.91143999999998,27.539776110302505,146.86097938425837,-0.2574015887618976
188,2019-06-15 10:31:06,22.629465,113.911585,27.282374521540607,145.2182702346587,-0.2011607172232601
188,2019-06-15 10:31:07,22.629263,113.91173700000002,27.081213804317347,146.02785926950042,-0.2614949882310888
188,2019-06-15 10:31:08,22.629063,113.911883,26.819718816086255,143.90994819723176,-0.2419610437657944
188,2019-06-15 10:31:09,22.628868,113.912037,26.577757772320464,143.37759370507263,-0.4350195650287709
188,2019-06-15 10:31:10,22.628678,113.91219,26.142738207291693,143.6301514735568,-0.4959773766110302
188,2019-06-15 10:31:11,22.62849,113.91234,25.646760830680662,143.44518129615108,-0.4794982324314603
188,2019-06-15 10:31:12,22.628307,113.912487,25.1672625982492,143.17878506248655,-0.4877090631379452
188,2019-06-15 10:31:13,22.628127,113.912633,24.679553535111257,141.73141056448014,-0.5652828398917116
188,2019-06-15 10:31:14,22.627955,113.91278,24.114270695219545,142.3678992649559,-0.8019124382441589
188,2019-06-15 10:31:15,22.627785,113.912922,23.312358256975383,140.5212955010722,-0.9072294534482204
188,2019-06-15 10:31:16,22.627627,113.913063,22.40512880352717,141.41114724167966,-0.6771102950378634
188,2019-06-15 10:31:17,22.627472,113.913197,21.728018508489303,142.14257521020238,-0.2420146397953857
188,2019-06-15 10:31:18,22.62732,113.913325,21.48600386869392,144.52184481448796,8.470920306535845e-06
188,2019-06-15 10:31:19,22.627162,113.913447,21.486012339614224,142.14251260074417,-0.1265977397716433
188,2019-06-15 10:31:20,22.62701,113.913575,21.35941459984258,140.5373122635324,0.0322176331461001
188,2019-06-15 10:31:21,22.626862,113.913707,21.39163223298868,140.51441803274554,-0.2658305423230978
188,2019-06-15 10:31:22,22.626713,113.91384,21.125801690665583,138.9551611172809,-0.0331138549494163
188,2019-06-15 10:31:23,22.626572,113.913973,21.092687835716166,140.72642219187975,0.6288307085179952
188,2019-06-15 10:31:24,22.62642300000001,113.914105,21.72151854423416,138.271802680389,0.3608097571660131
188,2019-06-15 10:31:25,22.626275,113.914248,22.08232830140017,139.83257382936642,0.0100836568890017
188,2019-06-15 10:31:26,22.626123,113.914387,22.092411958289176,141.79910853286304,0.2832478393014348
188,2019-06-15 10:31:27,22.625967000000006,113.91452,22.37565979759061,143.97379484415058,0.5765672872979124
188,2019-06-15 10:31:28,22.625802,113.91465,22.952227084888523,140.82750955248184,0.6074722936189367
188,2019-06-15 10:31:29,22.62564,113.914793,23.55969937850746,141.45668014864157,0.4039369443953688
188,2019-06-15 10:31:30,22.625472,113.914938,23.96363632290283,142.69095780261472,0.1575265084978951
188,2019-06-15 10:31:31,22.6253,113.91508,24.121162831400724,142.65720646228647,0.4019703523877282
188,2019-06-15 10:31:32,22.625127,113.915223,24.523133183788453,141.1194987927962,0.4177158095614395
188,2019-06-15 10:31:33,22.624953,113.915375,24.94084899334989,141.43903587947352,0.0717020673569415
188,2019-06-15 10:31:34,22.624777,113.915527,25.012551060706837,143.1780791912471,0.0699112664217764
188,2019-06-15 10:31:35,22.624597,113.915673,25.08246232712861,142.27794690690092,0.2945843122106453
188,2019-06-15 10:31:36,22.624418,113.915823,25.37704663933925,141.85547840241128,0.075412808433672
188,2019-06-15 10:31:37,22.624237,113.915977,25.452459447772927,142.24810363763618,0.2638811954874285
188,2019-06-15 10:31:38,22.624057,113.916128,25.71634064326036,142.75938634422903,0.3455211340920741
188,2019-06-15 10:31:39,22.62387,113.916282,26.06186177735243,142.28279515666014,-0.2761160614965234
188,2019-06-15 10:31:40,22.623685,113.91643700000002,25.785745715855903,141.52052906586675,0.0011495771484
188,2019-06-15 10:31:41,22.623505,113.916592,25.786895293004303,144.28346626779296,0.0411956701927387
188,2019-06-15 10:31:42,22.623315,113.91674,25.828090963197045,142.5229501710105,-0.2877795434562635
188,2019-06-15 10:31:43,22.623132,113.916892,25.54031141974078,141.8823371334372,0.2454869832445148
188,2019-06-15 10:31:44,22.622952,113.917045,25.785798402985296,141.92656336703237,0.5523331096631949
188,2019-06-15 10:31:45,22.622767,113.917202,26.33813151264849,142.34414420776773,0.2019132869946034
188,2019-06-15 10:31:46,22.622578,113.91736000000002,26.54004479964309,143.16383868986168,0.1247571835483078
188,2019-06-15 10:31:47,22.622387,113.917515,26.664801983191403,141.64910623477772,0.0503496219372223
188,2019-06-15 10:31:48,22.622198,113.917677,26.715151605128625,142.4901671560301,0.050898834127075
188,2019-06-15 10:31:49,22.622008,113.917835,26.7660504392557,142.9227840390252,0.0403561108020724
188,2019-06-15 10:31:50,22.621815,113.917993,26.806406550057773,143.44964550420235,-0.1156525667151484
188,2019-06-15 10:31:51,22.621622,113.918148,26.690753983342624,141.99478557975647,0.3509468601342576
188,2019-06-15 10:31:52,22.621433,113.918308,27.04170084347688,142.65839505891518,0.0699349670321183
188,2019-06-15 10:31:53,22.621237,113.91847,27.111635810509,142.77936291736114,-0.3331817732162889
188,2019-06-15 10:31:54,22.621045,113.918628,26.77845403729271,141.00851782566957,-0.0144804928286035
188,2019-06-15 10:31:55,22.620858,113.918792,26.763973544464108,141.32890915446012,0.0968201908077901
188,2019-06-15 10:31:56,22.62067,113.918955,26.860793735271898,140.49957670128208,-0.3009309046213602
188,2019-06-15 10:31:57,22.620483,113.919122,26.559862830650538,140.2640334724755,-0.3967685681247737
188,2019-06-15 10:31:58,22.620302,113.91928500000002,26.163094262525764,143.41100085173014,-0.1536701705709298
188,2019-06-15 10:31:59,22.620113,113.91943700000002,26.009424091954838,143.15285879650378,-0.1082005164374244
188,2019-06-15 10:32:00,22.619927,113.919588,25.90122357551741,145.30481216047804,0.3781365315386047
188,2019-06-15 10:32:01,22.619735,113.919732,26.27936010705601,144.6229206072578,0.4821815260450997
188,2019-06-15 10:32:02,22.61954,113.919882,26.761541633101118,145.6638077158625,0.2367449529841145
188,2019-06-15 10:32:03,22.61934,113.92003,26.99828658608523,143.20596544279897,0.3526738203272686
188,2019-06-15 10:32:04,22.619145,113.92018799999998,27.350960406412497,142.45933335925304,0.420175662511344
188,2019-06-15 10:32:05,22.618948,113.920352,27.77113606892384,141.31802133503356,0.5044749248853257
188,2019-06-15 10:32:06,22.618752,113.920522,28.275610993809167,141.6713763153166,0.343747163647496
188,2019-06-15 10:32:07,22.61855,113.920695,28.619358157456663,140.31253908554493,0.1942415098831169
188,2019-06-15 10:32:08,22.618352,113.920873,28.81359966733978,141.7617944780834,0.3885311878008544
188,2019-06-15 10:32:09,22.618147,113.921048,29.202130855140634,140.52713304867598,0.3022823754099413
188,2019-06-15 10:32:10,22.617943,113.92123,29.504413230550576,140.64728679629025,0.0980087275980139
188,2019-06-15 10:32:11,22.617737,113.921413,29.60242195814859,140.06666885440518,-0.0755369688007263
188,2019-06-15 10:32:12,22.617533,113.921598,29.526884989347863,140.66443111642877,-0.0002442188529272
188,2019-06-15 10:32:13,22.617328,113.92178,29.526640770494936,142.11573199542966,0.222706260861127
188,2019-06-15 10:32:14,22.617118,113.921957,29.749347031356063,142.35288209810278,0.3841384354376771
188,2019-06-15 10:32:15,22.616905,113.922135,30.13348546679374,141.27902228913774,0.4932622719114512
188,2019-06-15 10:32:16,22.616692,113.92232,30.62674773870519,141.34939764759952,0.3683965369033402
188,2019-06-15 10:32:17,22.616475,113.922508,30.99514427560853,141.88097951253224,0.043619123619031
188,2019-06-15 10:32:18,22.616255,113.922695,31.03876339922756,141.4777362788284,0.0637686681332567
188,2019-06-15 10:32:19,22.616037,113.922883,31.10253206736082,141.58450225239494,-0.0126153104909505
188,2019-06-15 10:32:20,22.615817,113.923072,31.08991675686987,140.22191288523368,-0.1186288710927385
188,2019-06-15 10:32:21,22.615603,113.923265,30.97128788577713,141.4776039294818,-0.0031452668819618
188,2019-06-15 10:32:22,22.615385,113.923453,30.96814261889517,142.88218395779597,0.0381713204239915
188,2019-06-15 10:32:23,22.615163,113.923635,31.00631393931916,142.30532149944827,-0.0622278503550113
188,2019-06-15 10:32:24,22.614942000000006,113.92382,30.94408608896415,143.18628113341265,-0.3941023042787392
188,2019-06-15 10:32:25,22.61472,113.924,30.54998378468541,142.86669705591584,-0.5744294039379554
188,2019-06-15 10:32:26,22.614503,113.924178,29.97555438074745,144.00063879851382,-0.2427920248646202
188,2019-06-15 10:32:27,22.614287,113.924348,29.732762355882837,144.12635153871713,0.2268433014404003
188,2019-06-15 10:32:28,22.61407,113.924518,29.959605657323237,145.34376414211545,0.3442504563121389
188,2019-06-15 10:32:29,22.613847,113.924685,30.303856113635373,143.3990467505929,-0.1053247088293645
188,2019-06-15 10:32:30,22.613627,113.924862,30.19853140480601,144.81890057168363,-0.0320910353760055
188,2019-06-15 10:32:31,22.613407,113.92503,30.166440369430003,146.85392236286498,-0.0893576890973193
188,2019-06-15 10:32:32,22.613178,113.925192,30.077082680332683,146.4822624409719,-0.2044286819489578
188,2019-06-15 10:32:33,22.612955,113.925352,29.87265399838373,148.4467923620153,0.2441128390002731
188,2019-06-15 10:32:34,22.612725,113.925505,30.116766837384,149.8274196922158,0.0017578332883374
188,2019-06-15 10:32:35,22.61249,113.925653,30.118524670672336,151.39601954077818,-0.1505759271611779
188,2019-06-15 10:32:36,22.612253,113.925793,29.96794874351116,151.2940322365813,0.0243459028144528
188,2019-06-15 10:32:37,22.612017,113.925933,29.99229464632561,152.1140412656399,0.077827755620639
188,2019-06-15 10:32:38,22.611778,113.92607,30.07012240194625,153.00357501393057,0.2652607706704124
188,2019-06-15 10:32:39,22.611537,113.926203,30.335383172616663,154.78726674208804,0.0657796974474997
188,2019-06-15 10:32:40,22.611288,113.92633,30.40116287006416,155.93069409743396,-0.7510812054099567
188,2019-06-15 10:32:41,22.61104,113.92645,29.65008166465421,156.5081088690705,-0.3603915009105733
188,2019-06-15 10:32:42,22.6108,113.926563,29.289690163743632,159.20931390571718,0.0830582872641478
188,2019-06-15 10:32:43,22.610552,113.926665,29.37274845100778,159.88390745170386,-0.1214433276388007
188,2019-06-15 10:32:44,22.610305,113.926763,29.25130512336898,161.8074675285618,0.1498912234388711
188,2019-06-15 10:32:45,22.610055,113.926852,29.40119634680785,163.65706114433897,0.4000172448625356
188,2019-06-15 10:32:46,22.6098,113.926933,29.801213591670383,164.14306710640562,0.4386832247134755
188,2019-06-15 10:32:47,22.60954,113.927013,30.23989681638386,165.54473602056032,0.0696066989210209
188,2019-06-15 10:32:48,22.609275,113.927087,30.309503515304883,165.6280008698526,0.0205932362301304
188,2019-06-15 10:32:49,22.609012,113.92716,30.330096751535013,166.95735601195395,0.1203794030648985
188,2019-06-15 10:32:50,22.60874500000001,113.927227,30.45047615459991,168.32274207534385,-0.2248618681008274
188,2019-06-15 10:32:51,22.608477,113.927287,30.225614286499084,168.9612734503753,-0.3432240387266461
188,2019-06-15 10:32:52,22.608212,113.927343,29.88239024777244,170.66687908967674,0.1638581086735051
188,2019-06-15 10:32:53,22.607948,113.92739,30.046248356445943,171.6362028622376,0.1598253596366454
188,2019-06-15 10:32:54,22.607678,113.927433,30.20607371608259,172.34866434387743,0.2213257050024175
188,2019-06-15 10:32:55,22.60741,113.927472,30.427399421085006,173.29884760101277,-0.0369031498273457
188,2019-06-15 10:32:56,22.607135,113.927507,30.39049627125766,173.51484269584785,-0.3709469794353843
188,2019-06-15 10:32:57,22.606867,113.92754,30.01954929182228,174.51120783942144,-0.4500840167787139
188,2019-06-15 10:32:58,22.606598,113.927568,29.56946527504356,175.95359030565953,-0.4589880290860364
188,2019-06-15 10:32:59,22.606337,113.927588,29.11047724595753,178.58709563400544,-0.1975639603367867
188,2019-06-15 10:33:00,22.606075,113.927595,28.91291328562074,180.0,-0.2779656366465488
188,2019-06-15 10:33:01,22.605817,113.927595,28.63494764897419,181.4403866966156,-0.1644195739965788
188,2019-06-15 10:33:02,22.60556,113.927588,28.47052807497761,180.62225800852175,-0.3881330920549892
188,2019-06-15 10:33:03,22.605305,113.927585,28.082394982922622,181.69211927129615,-0.3651407705464677
188,2019-06-15 10:33:04,22.605055,113.927577,27.717254212376154,183.62098376556963,-0.1238078278052228
188,2019-06-15 10:33:05,22.604807,113.92756,27.59344638457093,184.7006579208646,-0.1506021353997226
188,2019-06-15 10:33:06,22.60456,113.92753799999998,27.44284424917121,184.52437747750935,-0.3793357459561726
188,2019-06-15 10:33:07,22.604315,113.927517,27.06350850321504,185.2744979725996,-0.5447623648368101
188,2019-06-15 10:33:08,22.604075,113.927493,26.518746138378223,185.16289640553344,-0.6495102983455006
188,2019-06-15 10:33:09,22.60384,113.92747,25.86923584003273,186.239064026914,-0.9848183726862808
188,2019-06-15 10:33:10,22.603612,113.927443,24.884417467346445,186.07104132320737,-1.1662002929791662
188,2019-06-15 10:33:11,22.60339500000001,113.927418,23.71821717436728,186.6142552361956,-1.6997230795644107
188,2019-06-15 10:33:12,22.603188,113.927392,22.01849409480287,187.6328153797465,-1.4457207642258965
188,2019-06-15 10:33:13,22.603002,113.927365,20.57277333057697,189.320455907436,-0.7371202635005467
188,2019-06-15 10:33:14,22.602822,113.927333,19.835653067076425,189.44686122609505,-0.6832974441524975
188,2019-06-15 10:33:15,22.60265,113.927302,19.152355622923928,189.0545639023068,0.0167748638166891
188,2019-06-15 10:33:16,22.602482,113.927273,19.169130486740617,190.04431459694425,0.3923084652529276
188,2019-06-15 10:33:17,22.60231,113.92724,19.561438951993544,188.99316496316456,0.3913196657110127
188,2019-06-15 10:33:18,22.602135,113.92721,19.95275861770456,187.88415286257424,0.2604319591724575
188,2019-06-15 10:33:19,22.601955,113.927183,20.21319057687701,188.1722937108503,0.2101113547031339
188,2019-06-15 10:33:20,22.601775,113.927155,20.42330193158015,189.45183815743368,0.2773310225808529
188,2019-06-15 10:33:21,22.601592,113.927122,20.700632954161,189.9600897375427,0.29138694188876
188,2019-06-15 10:33:22,22.601408,113.927087,20.99201989604976,189.75229819908404,0.3642970963659344
188,2019-06-15 10:33:23,22.60122,113.927052,21.356316992415696,190.73029442538817,0.3481587723472614
188,2019-06-15 10:33:24,22.60103,113.927013,21.70447576476296,188.3494554258561,0.3062435940437602
188,2019-06-15 10:33:25,22.600835,113.926982,22.01071935880672,187.73927700195884,0.4404913851108603
188,2019-06-15 10:33:26,22.600638,113.926953,22.451210743917574,188.02480814140972,0.6128561133071919
188,2019-06-15 10:33:27,22.600435,113.926922,23.06406685722477,187.5846096069554,0.5168013438750201
188,2019-06-15 10:33:28,22.600227,113.926892,23.58086820109979,188.42213917099227,0.2419831451310266
188,2019-06-15 10:33:29,22.600015,113.926858,23.822851346230816,188.1778417788028,0.2274780851169318
188,2019-06-15 10:33:30,22.599803,113.926825,24.05032943134775,188.5080532569535,0.1954839028585659
188,2019-06-15 10:33:31,22.599587,113.92679,24.245813334206314,189.0276275180015,-0.101976227163778
188,2019-06-15 10:33:32,22.599372,113.926753,24.143837107042536,188.82792859107604,9.080321454746354e-07
188,2019-06-15 10:33:33,22.599158,113.926717,24.14383801507468,189.02765519338683,-0.4346054846239404
188,2019-06-15 10:33:34,22.598943,113.92668,23.70923253045074,190.9597158992795,-0.4458889584011984
188,2019-06-15 10:33:35,22.598738,113.926637,23.263343572049543,190.66001872412,0.0809781253939689
188,2019-06-15 10:33:36,22.598532,113.926595,23.34432169744351,190.11516857767677,0.0646870997049511
188,2019-06-15 10:33:37,22.598325,113.926555,23.409008797148463,189.32627198843377,0.2013442609697868
188,2019-06-15 10:33:38,22.598117,113.926518,23.61035305811825,187.6884352208996,-0.0504355807308662
188,2019-06-15 10:33:39,22.597905,113.926487,23.559917477387383,187.5847473855617,-0.5294638513879093
188,2019-06-15 10:33:40,22.597697,113.926457,23.030453625999478,188.8328129029094,-0.4864828008472805
188,2019-06-15 10:33:41,22.597495,113.926423,22.543970825152197,190.04768494636164,-0.1180808644003654
188,2019-06-15 10:33:42,22.597297,113.926385,22.425889960751828,188.6614447427627,-0.0153914302247955
188,2019-06-15 10:33:43,22.597097,113.926352,22.410498530527036,187.66262974428167,-0.255463772161395
188,2019-06-15 10:33:44,22.596898,113.926323,22.15503475836564,187.5133945202206,-0.2471209059266748
188,2019-06-15 10:33:45,22.596702,113.926295,21.907913852438963,188.92511272923227,-0.5028005512074216
188,2019-06-15 10:33:46,22.596508,113.926262,21.40511330123154,189.57916770974904,-0.5733976074033968
188,2019-06-15 10:33:47,22.596322,113.926228,20.831715693828144,188.5603290705347,-0.0237271922959898
188,2019-06-15 10:33:48,22.596138,113.926198,20.807988501532154,188.74765908552712,1.0784501677392164
188,2019-06-15 10:33:49,22.595952,113.926167,21.88643866927137,186.966627571334,1.1747033796097843
188,2019-06-15 10:33:50,22.595748,113.92614,23.061142048881155,186.33199927811037,0.1824581293716427
188,2019-06-15 10:33:51,22.59554,113.926115,23.2436001782528,185.07303262805917,-0.1008156921624525
188,2019-06-15 10:33:52,22.595332,113.926095,23.142784486090346,183.82747920474645,-0.0282513962657162
188,2019-06-15 10:33:53,22.595125,113.92608,23.11453308982463,183.04892667047423,-0.1224504081193913
188,2019-06-15 10:33:54,22.594917,113.926068,22.99208268170524,182.8361149896821,-0.0500106320415092
188,2019-06-15 10:33:55,22.594712,113.926057,22.94207204966373,183.57301449072267,0.1233620459416258
188,2019-06-15 10:33:56,22.594505,113.926043,23.065434095605355,183.82750212685664,0.0460785943699804
188,2019-06-15 10:33:57,22.594298,113.926028,23.11151268997533,182.79528744630667,-4.199799582673034
188,2019-06-15 10:33:58,22.59409,113.926017,18.9117131073023,190.8639800627475,0.0135959490137064
188,2019-06-15 10:34:18,22.590785,113.92533,19.18363208757643,208.26258513489103,3.7834013549947914
188,2019-06-15 10:34:19,22.590548,113.925192,22.96703344257122,168.9190933036839,-2.659357059172521
188,2019-06-15 10:34:20,22.590383,113.925227,20.3076763833987,185.2750272530384,2.2768330076890955
188,2019-06-15 10:34:21,22.590183,113.925207,22.5845093910878,183.60789984672675,0.3488014002828272
188,2019-06-15 10:34:22,22.589978,113.925193,22.933310791370623,188.9579926128758,0.0909972118204045
188,2019-06-15 10:34:23,22.589773,113.925158,23.024308003191027,185.12223794043348,-0.081685239523896
188,2019-06-15 10:34:24,22.589567,113.925138,22.94262276366713,185.1470982085224,0.0464366179713486
188,2019-06-15 10:34:25,22.589362,113.925118,22.98905938163848,184.59017329866944,0.119691826419956
188,2019-06-15 10:34:26,22.589155,113.9251,23.10875120805844,185.60431186300295,-0.1107527238139525
188,2019-06-15 10:34:27,22.588948,113.925078,22.997998484244484,184.6347751159175,-0.251070748236831
188,2019-06-15 10:34:28,22.588743,113.92506000000002,22.74692773600765,183.90285275830968,-0.6691394916629037
188,2019-06-15 10:34:29,22.58854,113.925045,22.07778824434475,184.64939964601191,-0.6058398556808058
188,2019-06-15 10:34:30,22.588347,113.925028,21.471948388663943,184.3997150666272,-0.5661032206495946
188,2019-06-15 10:34:31,22.588155,113.925012,20.90584516801435,184.0403353893853,-0.9537561839347256
188,2019-06-15 10:34:32,22.587972,113.924998,19.952088984079623,183.923624224112,-1.0054398908595026
188,2019-06-15 10:34:33,22.587797,113.924985,18.94664909322012,183.8415641190604,-0.8977055888331904
188,2019-06-15 10:34:34,22.587632,113.924973,18.04894350438693,183.3233661395023,-0.8444972657117518
188,2019-06-15 10:34:35,22.587473000000006,113.924963,17.204446238675178,182.8191052454896,-0.8962017479925386
188,2019-06-15 10:34:36,22.587323,113.924955,16.30824449068264,182.58779711193844,-1.0065381073850048
188,2019-06-15 10:34:37,22.58718,113.924948,15.301706383297637,182.00301032093432,-0.8309705536606842
188,2019-06-15 10:34:38,22.587048,113.924943,14.47073582963695,183.30265444521305,-0.5296296913618619
188,2019-06-15 10:34:39,22.586920000000006,113.924935,13.941106138275089,185.61892190380075,-0.5657610659663206
188,2019-06-15 10:34:40,22.586798,113.924922,13.375345072308768,182.240432246438,-0.138270717352162
188,2019-06-15 10:34:41,22.58668,113.924917,13.237074354956606,180.8816172996398,-0.0023890370424801
188,2019-06-15 10:34:42,22.58656,113.92491499999998,13.234685317914126,181.3447002736554,0.1111741930217711
188,2019-06-15 10:34:43,22.586442,113.924912,13.345859510935895,180.86716828759543,-0.0024683133477747
188,2019-06-15 10:34:44,22.58632,113.92491,13.343391197588122,179.10344012884025,-0.1667923899190118
188,2019-06-15 10:34:45,22.586202,113.924912,13.17659880766911,180.8890277368651,-0.2754338926475519
188,2019-06-15 10:34:46,22.586083,113.92491,12.90116491502156,181.40418178442397,-0.885093211880692
188,2019-06-15 10:34:47,22.58597,113.924907,12.016071703140868,182.56631539656735,-0.4981273200077467
188,2019-06-15 10:34:48,22.585867,113.924902,11.51794438313312,182.0338191370261,-0.2815096807682202
188,2019-06-15 10:34:49,22.585763,113.924898,11.2364347023649,181.61900435017384,-0.3929850556886443
188,2019-06-15 10:34:50,22.585665,113.924895,10.843449646676255,176.18799384805436,-0.1410012737106569
188,2019-06-15 10:34:51,22.585568,113.924902,10.702448372965598,175.5540706364859,-0.0432083677639543
188,2019-06-15 10:34:52,22.585473,113.92491,10.659240005201644,174.50630734572223,-0.0122441854481127
188,2019-06-15 10:34:53,22.585377,113.92492,10.646995819753531,177.21788842676028,0.3177275012614942
188,2019-06-15 10:34:54,22.585282,113.924925,10.964723321015024,177.40854588047455,0.2857737076982172
188,2019-06-15 10:34:55,22.58518,113.92493,11.250497028713244,175.77552930103593,0.2696207270112332
188,2019-06-15 10:34:56,22.58508,113.92493799999998,11.520117755724476,179.01127903998622,0.4334470838919735
188,2019-06-15 10:34:57,22.584973,113.92494,11.95356483961645,181.46917412571645,0.3441932024623817
188,2019-06-15 10:34:58,22.584865,113.924937,12.297758042078833,183.27354267849063,0.3888534526848772
188,2019-06-15 10:34:59,22.584752,113.92493,12.686611494763708,181.3797841144378,0.3231949229863886
188,2019-06-15 10:35:00,22.584637,113.924927,13.009806417750095,178.66657699634493,0.0592273920081698
188,2019-06-15 10:35:01,22.584518,113.92493,13.069033809758269,178.63210371021455,-0.0011090336959718
188,2019-06-15 10:35:02,22.584402,113.924933,13.067924776062297,179.11096064741412,0.2223476750753779
188,2019-06-15 10:35:03,22.584283,113.924935,13.290272451137673,178.67768150312418,-0.1628458913826111
188,2019-06-15 10:35:04,22.584163,113.92493799999998,13.127426559755062,177.72093647345423,-0.0538566996703888
188,2019-06-15 10:35:05,22.584047,113.924943,13.073569860084673,178.22234461801327,-0.0621431081749968
188,2019-06-15 10:35:06,22.583928,113.924947,13.011426751909676,180.0,-0.3351011720354488
188,2019-06-15 10:35:07,22.583813,113.924947,12.676325579874227,179.53184837907168,-0.1086775779838777
188,2019-06-15 10:35:08,22.5837,113.924948,12.56764800189035,178.1280166660016,-0.0555858111379272
188,2019-06-15 10:35:09,22.583587,113.924952,12.512062190752422,179.52766786498375,0.2281367760451065
188,2019-06-15 10:35:10,22.583475,113.924953,12.740198966797529,184.51222471211972,0.4484938116584587
188,2019-06-15 10:35:11,22.583358,113.924943,13.188692778455987,180.44084536596452,0.488379536452296
188,2019-06-15 10:35:12,22.583238,113.924942,13.677072314908283,180.0,0.6674406464886928
188,2019-06-15 10:35:13,22.583112,113.924942,14.344512961396976,180.8015020674024,0.7783455756471689
188,2019-06-15 10:35:14,22.58298,113.92494,15.122858537044143,180.0,0.8343566007158003
188,2019-06-15 10:35:15,22.58284,113.92494,15.957215137759944,178.9204808717484,0.5591409902889133
188,2019-06-15 10:35:16,22.582693,113.924943,16.51635612804886,178.58954484036008,0.4471629416778526
188,2019-06-15 10:35:17,22.582543,113.924947,16.96351906972671,178.29396196048197,0.7239253374004591
188,2019-06-15 10:35:18,22.582388,113.924952,17.68744440712717,178.37764606835788,0.6643141711913749
188,2019-06-15 10:35:19,22.582225,113.924957,18.351758578318545,179.04973489764689,0.6643062193853417
188,2019-06-15 10:35:20,22.582058,113.92496,19.016064797703887,179.39541663170633,0.6115181230776479
188,2019-06-15 10:35:21,22.581883,113.924962,19.62758292078153,179.10844706684225,0.5608240336727199
188,2019-06-15 10:35:22,22.581705,113.924965,20.18840695445425,177.99907309992545,0.8415364115514095
188,2019-06-15 10:35:23,22.58152,113.924972,21.029943366005664,177.8081901049576,0.6727474312842077
188,2019-06-15 10:35:24,22.581327,113.92498,21.702690797289872,177.3165172713234,0.386747925069784
188,2019-06-15 10:35:25,22.58113,113.92499,22.089438722359656,178.1490260786967,0.0484129168891414
188,2019-06-15 10:35:26,22.58093,113.924997,22.1378516392488,178.39728328514832,0.2738061929353392
188,2019-06-15 10:35:27,22.580732,113.925003,22.411657832184137,178.96784768382554,0.9420416041035722
188,2019-06-15 10:35:28,22.580527,113.925007,23.35369943628771,179.26185090397234,0.3919671307581467
188,2019-06-15 10:35:29,22.580312,113.92501,23.745666567045856,178.25372086206846,0.0038285852787787
188,2019-06-15 10:35:30,22.5801,113.925017,23.749495152324634,178.5239421884794,2.926349296217268e-08
188,2019-06-15 10:35:31,22.579885,113.925023,23.749495181588127,178.25371544405323,-0.2237013822316349
188,2019-06-15 10:35:32,22.579673,113.92503,23.52579379935649,178.74655218272767,-0.0044812108726048
188,2019-06-15 10:35:33,22.579462,113.925035,23.521312588483887,179.2514008088649,-0.0555889569598733
188,2019-06-15 10:35:34,22.57925,113.925038,23.46572363152401,178.74058143580726,-0.381585555706188
188,2019-06-15 10:35:35,22.57904,113.925043,23.084138075817823,177.67864849112357,-0.387306610039893
188,2019-06-15 10:35:36,22.578835,113.925052,22.696831465777933,178.43671541637275,0.1129221750480944
188,2019-06-15 10:35:37,22.578632,113.925058,22.809753640826028,177.44592803535204,-0.0494815041801217
188,2019-06-15 10:35:38,22.578425,113.925068,22.760272136645906,177.64420108020408,-0.4871837635236353
188,2019-06-15 10:35:39,22.578223,113.925077,22.27308837312227,175.99860210823545,0.1066785552109443
188,2019-06-15 10:35:40,22.578025,113.925092,22.37976692833321,174.02761181370806,0.2889075668313339
188,2019-06-15 10:35:41,22.577822,113.925115,22.66867449516455,172.70633743446604,0.0545260435735563
188,2019-06-15 10:35:42,22.57762,113.925143,22.723200538738105,169.8919111785226,0.1233865356696881
188,2019-06-15 10:35:43,22.577418,113.925182,22.846587074407797,167.5650079858965,0.066464119057322
188,2019-06-15 10:35:44,22.577217,113.92523,22.913051193465115,165.75228504979736,-0.1991048851187251
188,2019-06-15 10:35:45,22.577017,113.925285,22.71394630834639,163.55886825979417,-0.5267427775818838
188,2019-06-15 10:35:46,22.576823,113.925347,22.187203530764503,160.83747260436735,-0.2930984883923386
188,2019-06-15 10:35:47,22.576637,113.925417,21.894105042372168,159.98048085914945,0.0735576626745313
188,2019-06-15 10:35:48,22.576452,113.92549,21.9676627050467,158.1262683379041,-0.3265268393079701
188,2019-06-15 10:35:49,22.576268,113.92557,21.64113586573873,154.84095934644176,0.3122378526751284
188,2019-06-15 10:35:50,22.576095,113.925658,21.953373718413857,153.92113904733014,0.7839793884072783
188,2019-06-15 10:35:51,22.575912,113.925755,22.737353106821136,151.23788083247302,0.1313076139661966
188,2019-06-15 10:35:52,22.575732,113.925862,22.86866072078733,148.09285950659773,-0.1815911211155843
188,2019-06-15 10:35:53,22.575557,113.92598,22.687069599671748,147.3429227916953,-0.2626052621180186
188,2019-06-15 10:35:54,22.575387,113.926098,22.42446433755373,145.9978726878523,-0.5622489996950151
188,2019-06-15 10:35:55,22.57522,113.92622,21.862215337858714,142.34958631577206,-0.5334932084662789
188,2019-06-15 10:35:56,22.575068,113.926347,21.328722129392435,142.9693046155047,0.1378113743226059
188,2019-06-15 10:35:57,22.574915,113.926472,21.46653350371504,141.88329756850408,0.0265250150149398
188,2019-06-15 10:35:58,22.574762,113.926602,21.49305851872998,141.3309941530904,0.1494841391267982
188,2019-06-15 10:35:59,22.574612,113.926732,21.64254265785678,140.43703774287832,0.4223941690009205
188,2019-06-15 10:36:00,22.57446,113.926868,22.0649368268577,140.00704003041528,-0.0192392151159275
188,2019-06-15 10:36:01,22.574307,113.927007,22.04569761174177,139.6516626557841,0.075610168609483
188,2019-06-15 10:36:02,22.574157,113.927145,22.121307780351252,139.9885317836558,0.0425179107362971
188,2019-06-15 10:36:03,22.574003,113.927285,22.163825691087556,139.83934633048466,0.0662649705199633
188,2019-06-15 10:36:04,22.573852,113.927423,22.23009066160752,139.5877752012534,0.1668491073499147
188,2019-06-15 10:36:05,22.573698,113.927565,22.39693976895743,138.8313848316909,-0.1512524470669483
188,2019-06-15 10:36:06,22.573547,113.927708,22.24568732189048,139.61917489632566,-0.2603630923503957
188,2019-06-15 10:36:07,22.573395,113.927848,21.985324229540087,139.06693354167328,-0.361423808350743
188,2019-06-15 10:36:08,22.573247,113.92798700000002,21.623900421189344,138.69056061561048,-0.0079807326302194
188,2019-06-15 10:36:09,22.573102,113.928125,21.615919688559124,138.67092905967155,0.2768414238051804
188,2019-06-15 10:36:10,22.572955,113.928265,21.892761112364305,139.24413968016103,-0.0837356727281424
188,2019-06-15 10:36:11,22.572805,113.928405,21.80902543963616,138.2813136230273,-0.3782351740908254
188,2019-06-15 10:36:12,22.57266,113.928545,21.430790265545337,139.313942207825,-0.1078575479469705
188,2019-06-15 10:36:13,22.572515,113.92868,21.322932717598366,140.3138281366588,0.0850790621470629
188,2019-06-15 10:36:14,22.572367,113.928813,21.40801177974543,139.7014735224344,-0.0755796549573482
188,2019-06-15 10:36:15,22.57222,113.928948,21.33243212478808,140.33537726799625,-0.563642934949609
188,2019-06-15 10:36:16,22.572073,113.92908,20.768789189838472,141.54156987811675,-0.4323891610778396
188,2019-06-15 10:36:17,22.57193,113.929203,20.336400028760632,143.8711222982394,-0.2268035979954561
188,2019-06-15 10:36:18,22.571782,113.92932,20.109596430765176,147.12216436752868,-0.3866749258089683
188,2019-06-15 10:36:19,22.571632,113.929425,19.722921504956208,150.8542750438972,-0.0933891759934546
188,2019-06-15 10:36:20,22.571478,113.929518,19.629532328962757,151.9543317064048,0.2783582420529669
188,2019-06-15 10:36:21,22.571322,113.929608,19.90789057101572,154.68758985570628,0.1856956826886993
188,2019-06-15 10:36:22,22.571158,113.929692,20.09358625370442,156.41783499575706,0.1201480273606598
188,2019-06-15 10:36:23,22.570993,113.92977,20.21373428106508,157.83475769429776,0.3910545942766461
188,2019-06-15 10:36:24,22.570823,113.929845,20.604788875341725,157.6575238279429,0.1738208753416685
188,2019-06-15 10:36:25,22.57065,113.929922,20.778609750683398,157.9196178381361,0.2641952507210732
188,2019-06-15 10:36:26,22.570477,113.929998,21.042805001404467,157.34628596410698,0.4380957013307203
188,2019-06-15 10:36:27,22.5703,113.930078,21.480900702735187,157.68652231103033,0.3475241783100706
188,2019-06-15 10:36:28,22.570120000000006,113.930158,21.828424881045255,157.52173314193146,0.5728318277096776
188,2019-06-15 10:36:29,22.569937,113.93024,22.401256708754936,158.0315551813128,0.722444748318285
188,2019-06-15 10:36:30,22.569747,113.930323,23.12370145707322,158.9749676911449,0.1552820063724809
188,2019-06-15 10:36:31,22.56955,113.930405,23.2789834634457,158.3411513300406,-0.2207206214811883
188,2019-06-15 10:36:32,22.569357,113.93048799999998,23.058262841964517,158.00154101448538,-0.2962292792157797
188,2019-06-15 10:36:33,22.569165,113.930572,22.762033562748734,158.3045800325457,-0.1031656170806343
188,2019-06-15 10:36:34,22.568977,113.930653,22.6588679456681,157.79232863407628,-0.1080043908355925
188,2019-06-15 10:36:35,22.568787,113.930737,22.550863554832507,156.65502810586622,-0.7564618545918762
188,2019-06-15 10:36:36,22.568603,113.930823,21.79440170024063,156.72114147368416,-1.050787184424511
188,2019-06-15 10:36:37,22.568427,113.930905,20.74361451581612,156.93715430881628,-1.1418413469100803
188,2019-06-15 10:36:38,22.56826,113.930982,19.60177316890604,157.46368083075004,-0.9671617462383786
188,2019-06-15 10:36:39,22.568102,113.931053,18.63461142266766,157.85190369922475,-0.6865666546778435
188,2019-06-15 10:36:40,22.56795,113.93112,17.948044767989817,155.97307370762496,-0.7550525467267519
188,2019-06-15 10:36:41,22.567805,113.93119,17.192992221263065,156.49348873020813,-0.958921414650014
188,2019-06-15 10:36:42,22.567667,113.931255,16.23407080661305,155.7257484764043,-0.5031518233318906
188,2019-06-15 10:36:43,22.567538,113.931318,15.73091898328116,151.9917134248955,0.0621087928022294
188,2019-06-15 10:36:44,22.567413,113.93139,15.79302777608339,149.64720813418654,-0.1366430497993782
188,2019-06-15 10:36:45,22.56729,113.931468,15.656384726284012,145.68507510081292,-0.2075944754214091
188,2019-06-15 10:36:46,22.567175,113.931553,15.448790250862602,144.58868442743142,-0.2721394167091482
188,2019-06-15 10:36:47,22.567062,113.93164,15.176650834153454,142.78485497114758,-0.1612121526936949
188,2019-06-15 10:36:48,22.566955,113.931728,15.01543868145976,142.72970354063477,0.403014633050919
188,2019-06-15 10:36:49,22.566847,113.931817,15.418453314510678,140.29908810884837,0.0622585372046078
188,2019-06-15 10:36:50,22.566738,113.931915,15.480711851715286,137.5635988800699,-0.2404997447126273
188,2019-06-15 10:36:51,22.566637,113.932015,15.24021210700266,136.14692521843256,0.049641031972504
188,2019-06-15 10:36:52,22.566538,113.932118,15.289853138975165,134.1743017732991,0.0993248258422934
188,2019-06-15 10:36:53,22.566442,113.932225,15.389177964817456,131.4014247568856,-0.0445268999405605
188,2019-06-15 10:36:54,22.56635,113.932338,15.344651064876896,126.73058258462196,0.1454531966254801
188,2019-06-15 10:36:55,22.566268,113.932457,15.490104261502376,123.42076121843364,0.5325021467657312
188,2019-06-15 10:36:56,22.56619,113.932585,16.022606408268107,123.07918639236492,0.6057947859527282
188,2019-06-15 10:36:57,22.56611,113.932718,16.628401194220835,120.7457620674844,0.3027503184239286
188,2019-06-15 10:36:58,22.566032,113.93286,16.931151512644764,118.26780821860524,-0.0524396397921336
188,2019-06-15 10:36:59,22.56596,113.933005,16.87871187285263,114.1133756810737,0.3496179155588024
188,2019-06-15 10:37:00,22.565898,113.933155,17.228329788411433,112.6890407918264,0.4212656521144247
188,2019-06-15 10:37:01,22.565837,113.93331299999998,17.649595440525857,110.18612186261646,0.3069609346425537
188,2019-06-15 10:37:02,22.565782,113.933475,17.95655637516841,108.530383840873,-0.258781176710638
188,2019-06-15 10:37:03,22.56573,113.933643,17.697775198457773,104.96977902725814,-0.5254616898212774
188,2019-06-15 10:37:04,22.56569,113.933805,17.172313508636496,102.36578331769942,-0.0556194202482629
188,2019-06-15 10:37:05,22.565657,113.933968,17.116694088388233,100.10864874087396,-0.1086040571158228
188,2019-06-15 10:37:06,22.56563,113.934132,17.00809003127241,98.31539349798264,-0.0430751284550865
188,2019-06-15 10:37:07,22.565608,113.934295,16.965014902817323,95.62239437832068,0.2181827583529099
188,2019-06-15 10:37:08,22.565593,113.93446000000002,17.183197661170233,95.88828882106976,-0.0980551892212808
188,2019-06-15 10:37:09,22.565577,113.934628,17.085142471948952,91.89092677183451,-0.4461146118048198
188,2019-06-15 10:37:10,22.565572,113.934792,16.639027860144132,90.77549640628104,-0.3102309793047588
188,2019-06-15 10:37:11,22.56557,113.934952,16.328796880839374,91.17789148719515,0.0112602536334733
188,2019-06-15 10:37:12,22.565567,113.93511,16.340057134472847,93.48574719249255,3.542881472640147e-07
188,2019-06-15 10:37:13,22.565558,113.93527,16.340057488760994,91.17789138355424,0.2464344074261824
188,2019-06-15 10:37:14,22.565555,113.935428,16.586491896187177,91.12793077706031,0.5617565981749948
188,2019-06-15 10:37:15,22.565552,113.935593,17.14824849436217,89.63283680263135,0.3077741047113136
188,2019-06-15 10:37:16,22.565553,113.935762,17.456022599073485,89.99996719069344,0.3093490453839003
188,2019-06-15 10:37:17,22.565553,113.935933,17.765371644457385,88.58206279195792,0.6673823574637012
188,2019-06-15 10:37:18,22.565557,113.936108,18.432754001921086,89.9999646964207,0.2553630276850462
188,2019-06-15 10:37:19,22.565557,113.936292,18.688117029606133,89.99996546321267,0.0526608089070634
188,2019-06-15 10:37:20,22.565557,113.936472,18.7407778385132,91.3412534935477,0.3087548286243908
188,2019-06-15 10:37:21,22.565553,113.936657,19.049532667137587,90.33354091713636,0.2643625695517819
188,2019-06-15 10:37:22,22.565552,113.936843,19.31389523668937,93.26201056348953,0.1622014915892329
188,2019-06-15 10:37:23,22.565542,113.937033,19.4760967282786,91.64094198083995,0.0413991699273097
188,2019-06-15 10:37:24,22.565537,113.937222,19.51749589820591,91.62376776779274,0.1499540942714787
188,2019-06-15 10:37:25,22.565532,113.937413,19.66744999247739,90.64624762173548,0.0487447845908448
188,2019-06-15 10:37:26,22.56553,113.937605,19.716194777068235,90.64624761030676,-0.0475649972716425
188,2019-06-15 10:37:27,22.565528,113.937797,19.668629779796596,91.94829905697264,0.0126479184270102
188,2019-06-15 10:37:28,22.565522,113.937988,19.681277698223603,92.9058721241022,0.3640061360377586
188,2019-06-15 10:37:29,22.565513,113.93818,20.04528383426136,92.50527036346392,0.4012126360043133
188,2019-06-15 10:37:30,22.565505,113.938378,20.446496470265675,91.55073100232948,0.0461066839181789
188,2019-06-15 10:37:31,22.5655,113.938578,20.49260315418385,91.55852011680764,-0.0027146839212086
188,2019-06-15 10:37:32,22.565495,113.938777,20.489888470262645,90.93056862410486,0.0985299593774549
188,2019-06-15 10:37:33,22.56549200000001,113.938977,20.5884184296401,89.99996143417843,0.3587116350637949
188,2019-06-15 10:37:34,22.56549200000001,113.939178,20.94713006470389,89.99996028308982,0.1029758522233947
188,2019-06-15 10:37:35,22.56549200000001,113.93938500000002,21.05010591692729,90.61122772658145,-0.0002204971904902
188,2019-06-15 10:37:36,22.56549,113.939588,21.0498854197368,89.10081784231556,0.2071083574563132
188,2019-06-15 10:37:37,22.565493,113.939795,21.256993777193117,89.40050464143349,0.0506834390179911
188,2019-06-15 10:37:38,22.565495,113.940002,21.307677216211104,89.40338622707662,0.3086725892596433
188,2019-06-15 10:37:39,22.565497,113.94021,21.616349805470747,89.1261406187557,0.2081086676172816
188,2019-06-15 10:37:40,22.5655,113.940423,21.82445847308803,88.53693005146914,-0.1539912591747629
188,2019-06-15 10:37:41,22.565505,113.940635,21.670467213913263,89.11365999785392,-0.1037358923540203
188,2019-06-15 10:37:42,22.565508,113.940845,21.56673132155925,88.81830003053244,0.2549636164309916
188,2019-06-15 10:37:43,22.565512,113.941055,21.82169493799024,89.71137546063625,0.3576160298575672
188,2019-06-15 10:37:44,22.565513,113.94127,22.179310967847805,90.2858819422957,0.0514104399686203
188,2019-06-15 10:37:45,22.565512,113.941487,22.230721407816425,89.99995855667271,0.1060038214448724
188,2019-06-15 10:37:46,22.565512,113.941703,22.336725229261297,91.98236975782072,-0.0270028281807981
188,2019-06-15 10:37:47,22.565505,113.941922,22.3097224010805,93.74622504751584,-0.4042792758720708
188,2019-06-15 10:37:48,22.56549200000001,113.94213700000002,21.90544312520843,92.64458821502204,0.0888258298640636
188,2019-06-15 10:37:49,22.565483,113.942348,21.99426895507249,92.286151331082,0.3756501113954194
188,2019-06-15 10:37:50,22.565475,113.942565,22.36991906646791,94.26129754036224,0.1365347357171487
188,2019-06-15 10:37:51,22.56546,113.942783,22.50645380218506,94.80500999087616,0.2695571177251743
188,2019-06-15 10:37:52,22.565443,113.943002,22.776010919910235,94.99544942519624,0.4238500729515913
188,2019-06-15 10:37:53,22.565425,113.943225,23.199860992861822,95.45005682260586,0.1484261700721063
188,2019-06-15 10:37:54,22.565405,113.943452,23.34828716293393,94.65684272720398,-0.2787946015159939
188,2019-06-15 10:37:55,22.565388,113.943678,23.06949256141794,94.18478851707232,-0.4179394407950596
188,2019-06-15 10:37:56,22.565373,113.9439,22.65155312062288,94.26129439955298,-0.5276251229568594
188,2019-06-15 10:37:57,22.565358,113.944118,22.12392799766602,93.21593836008344,-0.2561479400870183
188,2019-06-15 10:37:58,22.565347,113.94433,21.867780057579,94.36094441148998,-0.1289263155278028
188,2019-06-15 10:37:59,22.565332,113.944543,21.7388537420512,95.03375957546643,0.0245169311574251
188,2019-06-15 10:38:00,22.565315,113.944752,21.763370673208623,95.8059049461225,-0.1022175954649782
188,2019-06-15 10:38:01,22.56529500000001,113.944965,21.661153077743645,95.08214085351528,-0.3780565282971331
188,2019-06-15 10:38:02,22.565278,113.945172,21.283096549446512,94.80773750228144,0.2655205523641584
188,2019-06-15 10:38:03,22.565262,113.945378,21.54861710181067,95.54330791696007,0.5887028581092224
188,2019-06-15 10:38:04,22.565243,113.94559,22.137319959919893,95.98255375394795,-0.0846992269038438
188,2019-06-15 10:38:05,22.565222,113.945807,22.05262073301605,96.4723231717594,-0.5674470137239211
188,2019-06-15 10:38:06,22.5652,113.946017,21.485173719292128,96.00177408202126,-0.2551632551998608
188,2019-06-15 10:38:07,22.56518,113.946223,21.230010464092267,96.62879621834372,0.0572057346167049
188,2019-06-15 10:38:08,22.565158,113.946428,21.28721619870897,96.26931710618028,0.1530593339793604
188,2019-06-15 10:38:09,22.565137,113.946635,21.44027553268833,96.53401817311716,0.0959490177322628
188,2019-06-15 10:38:10,22.565115,113.946843,21.536224550420595,95.91623491961415,0.4083563509104841
188,2019-06-15 10:38:11,22.565095,113.947052,21.94458090133108,96.293991631631,0.4391908023001782
188,2019-06-15 10:38:12,22.565073,113.947268,22.383771703631258,97.11134023919794,0.2307832844500836
188,2019-06-15 10:38:13,22.565048,113.947485,22.61455498808134,97.2929889854334,0.4215093505485221
188,2019-06-15 10:38:14,22.565022,113.947705,23.036064338629863,97.40395145035114,0.1457715196922073
188,2019-06-15 10:38:15,22.564995,113.94793,23.18183585832207,96.9218791433766,0.2107184218486715
188,2019-06-15 10:38:16,22.56497,113.948153,23.392554280170742,97.54245422802012,0.4215411802904576
188,2019-06-15 10:38:17,22.564942,113.948382,23.8140954604612,97.21368702717967,-0.0340926647911778
188,2019-06-15 10:38:18,22.564915,113.948613,23.780002795670026,96.20721667012616,-0.2549223685830029
188,2019-06-15 10:38:19,22.564892,113.948842,23.52508042708702,97.37154446789071,-0.2413387038045087
188,2019-06-15 10:38:20,22.564865,113.949068,23.28374172328251,96.89126889402354,-0.2546931372474361
188,2019-06-15 10:38:21,22.56484,113.949292,23.029048586035078,97.53642439423476,-0.3115498062980286
188,2019-06-15 10:38:22,22.564813,113.94951299999998,22.71749877973705,98.79390651218569,-0.0264864729399576
188,2019-06-15 10:38:23,22.564782,113.94973,22.691012306797088,98.4000149959728,-0.0082381875339905
188,2019-06-15 10:38:24,22.564752,113.94995,22.682774119263097,98.51445272140752,-0.2538786354174611
188,2019-06-15 10:38:25,22.564722,113.950167,22.42889548384564,98.592478952914,-0.3553224550398042
188,2019-06-15 10:38:26,22.564692,113.950382,22.073573028805832,98.79390029372092,-0.2364427997298577
188,2019-06-15 10:38:27,22.564662,113.950592,21.83713022907597,99.3700798590105,0.0684908767182541
188,2019-06-15 10:38:28,22.56463,113.950802,21.90562110579423,99.32645149598346,-0.1609840804959148
188,2019-06-15 10:38:29,22.564598,113.951013,21.744637025298317,99.21160321261937,-0.3039630432095883
188,2019-06-15 10:38:30,22.564567,113.95122,21.440673982088725,99.59441451912778,-0.4649325600449145
188,2019-06-15 10:38:31,22.564535,113.951425,20.97574142204381,99.31777081225108,-0.3037934883428015
188,2019-06-15 10:38:32,22.564505,113.951623,20.67194793370101,99.87807384445722,-0.1967110435235319
188,2019-06-15 10:38:33,22.564473,113.951822,20.47523689017748,97.9039845854764,-0.1856387259349752
188,2019-06-15 10:38:34,22.564448,113.952017,20.289598164242506,98.7938877213154,0.245028627542311
188,2019-06-15 10:38:35,22.56442,113.952213,20.534626791784813,99.27175502353111,-0.3300799163996863
188,2019-06-15 10:38:36,22.56439,113.952412,20.204546875385127,98.10924939441054,-0.0753760913250793
188,2019-06-15 10:38:37,22.564365,113.952602,20.129170784060047,98.3999942664961,0.1261354887974874
188,2019-06-15 10:38:38,22.564338,113.9528,20.25530627285753,98.97413617949552,-0.480860533782959
188,2019-06-15 10:38:39,22.56431,113.952992,19.774445739074576,99.80400285688984,-0.4874353368680779
188,2019-06-15 10:38:40,22.56428,113.95318,19.287010402206494,100.12063391202952,-0.1707516017806618
188,2019-06-15 10:38:41,22.56425,113.953362,19.11625880042584,99.30785755849296,0.8473731922727694
188,2019-06-15 10:38:42,22.564222,113.953547,19.963631992698605,100.53389818645672,0.6555274268894848
188,2019-06-15 10:38:43,22.564188,113.953745,20.61915941958809,100.28154140558934,-0.1110009300095455
188,2019-06-15 10:38:44,22.564155,113.953942,20.508158489578545,100.33286896159808,0.1110106213058834
188,2019-06-15 10:38:45,22.564122,113.954138,20.619169110884428,100.4821323327701,0.252540036484902
188,2019-06-15 10:38:46,22.564088,113.954337,20.87170914736933,100.08116297048896,0.161497027806007
188,2019-06-15 10:38:47,22.564055,113.954538,21.033206175175337,100.62682201690598,-0.1514928560393329
188,2019-06-15 10:38:48,22.564020000000006,113.95474,20.881713319136004,100.23070127594308,-0.1009727421156831
188,2019-06-15 10:38:49,22.563987,113.95493799999998,20.78074057702032,100.73063000519426,0.1111202283137657
188,2019-06-15 10:38:50,22.563952,113.955138,20.891860805334087,100.43086190346492,-0.0706420260158324
188,2019-06-15 10:38:51,22.563918,113.95533799999998,20.82121877931825,100.18036082283038,-0.3635324436989862
188,2019-06-15 10:38:52,22.563885,113.955537,20.457686335619268,100.48992568709002,-0.34227402465579
188,2019-06-15 10:38:53,22.563852,113.95573,20.11541231096348,99.24181906875322,0.3731909240664137
188,2019-06-15 10:38:54,22.563823,113.955923,20.48860323502989,100.73061754344616,0.1206422392012847
188,2019-06-15 10:38:55,22.563788,113.956123,20.609245474231177,99.76780687358098,-0.0567678878973794
188,2019-06-15 10:38:56,22.563757,113.956318,20.5524775863338,98.923644225693,0.0582600429708293
188,2019-06-15 10:38:57,22.563728,113.956518,20.610737629304623,98.13357783536615,-0.1015370559267836
188,2019-06-15 10:38:58,22.563702,113.956715,20.509200573377843,99.01230704207262,-0.2537991289470014
188,2019-06-15 10:38:59,22.563673,113.956913,20.25540144443084,98.342444403961,-0.4059251440611113
188,2019-06-15 10:39:00,22.563647,113.957105,19.84947630036973,99.3851533451641,-0.1852724931858205
188,2019-06-15 10:39:01,22.563618,113.957295,19.66420380718391,99.16182435853324,-0.0416048993168267
188,2019-06-15 10:39:02,22.56359,113.957483,19.622598907867083,99.7530783422484,-0.1138464659131592
188,2019-06-15 10:39:03,22.56356,113.957672,19.508752441953924,100.60914498849472,-0.3031223648624603
188,2019-06-15 10:39:04,22.563528,113.957857,19.205630077091463,100.06640983788328,-0.2723874764635958
188,2019-06-15 10:39:05,22.563498000000006,113.95804,18.933242600627867,100.2306669273504,0.2526067050755642
188,2019-06-15 10:39:06,22.563468,113.95822,19.18584930570343,101.45745991465692,0.334244339337836
188,2019-06-15 10:39:07,22.563433,113.958407,19.520093645041268,100.8754258946982,-0.2232704971196746
188,2019-06-15 10:39:08,22.5634,113.958593,19.296823147921597,99.35749505163903,-0.0792258857764203
188,2019-06-15 10:39:09,22.563372,113.958777,19.217597262145173,99.95976259541015,0.0695404163719146
188,2019-06-15 10:39:10,22.563342,113.958962,19.287137678517087,99.9597604695184,-0.2118745201285818
188,2019-06-15 10:39:11,22.563312,113.959147,19.075263158388506,99.8428806864946,0.1011661670060668
188,2019-06-15 10:39:12,22.563283,113.959328,19.17642932539457,99.85533371438235,0.1659739241599744
188,2019-06-15 10:39:13,22.563253,113.959515,19.342403249554547,98.32532008890756,-0.0432480392870076
188,2019-06-15 10:39:14,22.563228,113.9597,19.29915521026754,95.91928317623471,0.4097310077112297
188,2019-06-15 10:39:15,22.56321,113.959888,19.70888621797877,95.42065487641878,0.2213039438976487
188,2019-06-15 10:39:16,22.563193,113.960082,19.930190161876418,93.53172006711463,-0.1503631265430662
188,2019-06-15 10:39:17,22.563182,113.960275,19.77982703533335,90.64623661180592,-0.3718854868703296
188,2019-06-15 10:39:18,22.56318,113.960467,19.40794154846302,88.33256199100964,-0.141181137980876
188,2019-06-15 10:39:19,22.563185,113.960653,19.266760410482146,87.37556210251523,-0.2706954158591728
188,2019-06-15 10:39:20,22.563193,113.960842,18.996064994622973,84.16047348221628,-0.09268367690375
188,2019-06-15 10:39:21,22.56321,113.961022,18.903381317719223,83.35837787410492,0.4976708624025754
188,2019-06-15 10:39:22,22.56323,113.961208,19.4010521801218,82.4927820978852,0.1534233057523941
188,2019-06-15 10:39:23,22.563253,113.961397,19.554475485874192,81.16007295775864,-0.2673298018424042
188,2019-06-15 10:39:24,22.56328,113.961585,19.28714568403179,78.8913753588871,-0.414811820905502
188,2019-06-15 10:39:25,22.563313,113.961767,18.872333863126286,74.85183217826102,0.2365788643433752
188,2019-06-15 10:39:26,22.563357,113.961943,19.10891272746966,73.43238168653829,0.7319213518587162
188,2019-06-15 10:39:27,22.563407,113.962125,19.840834079328378,73.02344194813878,0.5924315921603274
188,2019-06-15 10:39:28,22.56346,113.962313,20.433265671488705,70.53838515667076,-0.2151337004578621
188,2019-06-15 10:39:29,22.563522,113.962503,20.218131971030843,68.53380612434012,-0.1630322057119322
188,2019-06-15 10:39:30,22.563587,113.962682,20.05509976531891,65.8336322895833,0.4571678462650794
188,2019-06-15 10:39:31,22.563662,113.96286299999998,20.51226761158399,62.786729235658754,-0.0427553901744985
188,2019-06-15 10:39:32,22.563747,113.963042,20.46951222140949,59.35722174962382,-0.5743796210051961
188,2019-06-15 10:39:33,22.56384,113.963212,19.895132600404292,59.12407406100863,0.3476418180032219
188,2019-06-15 10:39:34,22.56393,113.963375,20.24277441840752,57.29215349214331,0.7820723822605018
188,2019-06-15 10:39:35,22.564032,113.963547,21.02484680066802,55.97209177443278,0.1317350691826995
188,2019-06-15 10:39:36,22.564138,113.963717,21.15658186985072,55.22667352155429,0.1385287573512599
188,2019-06-15 10:39:37,22.564247,113.963887,21.29511062720198,53.93124622338525,-0.0274247066836359
188,2019-06-15 10:39:38,22.56436,113.964055,21.267685920518343,52.14224887025381,-0.0215982027197689
188,2019-06-15 10:39:39,22.564477,113.964218,21.246087717798574,52.71758057377912,-0.0595261982042281
188,2019-06-15 10:39:40,22.564593,113.964383,21.186561519594346,50.741448604038055,-0.2766824976648259
188,2019-06-15 10:39:41,22.564713,113.964542,20.90987902192952,47.93635067895508,-0.085758235162018
188,2019-06-15 10:39:42,22.564838,113.964692,20.8241207867675,44.58061861722422,-0.2051322759290812
188,2019-06-15 10:39:43,22.564972,113.964835,20.61898851083842,41.02035803667388,-0.1964859650801536
188,2019-06-15 10:39:44,22.56511,113.964965,20.422502545758267,40.61251358105108,0.0460405782868598
188,2019-06-15 10:39:45,22.56525,113.965095,20.468543124045127,38.91062197235186,0.2360732079343144
188,2019-06-15 10:39:46,22.565393,113.96522,20.70461633197944,38.80222425167205,0.3919848284232934
188,2019-06-15 10:39:47,22.56554,113.965348,21.09660116040273,37.213319670185456,0.0165911504347135
188,2019-06-15 10:39:48,22.565692,113.965473,21.113192310837448,35.9145281651588,0.0437684565539662
188,2019-06-15 10:39:49,22.565845,113.965593,21.15696076739141,34.98935081196396,-0.0842125707943211
188,2019-06-15 10:39:50,22.566002,113.965712,21.072748196597093,31.45733131983457,-0.3864243533473264
188,2019-06-15 10:39:51,22.566162,113.965818,20.686323843249767,28.03679704786265,-0.04998949777017
188,2019-06-15 10:39:52,22.566325,113.96591200000002,20.6363343454796,26.45766560237149,0.1052254633241496
188,2019-06-15 10:39:53,22.566492,113.966002,20.741559808803743,23.62533277596083,0.1985462595798139
188,2019-06-15 10:39:54,22.566663,113.966083,20.94010606838356,21.369656349446245,0.1542482492934347
188,2019-06-15 10:39:55,22.56684,113.966158,21.094354317676995,19.95834390745989,0.2071194528140338
188,2019-06-15 10:39:56,22.567018,113.966228,21.30147377049103,20.06790376572377,0.6280650169826316
188,2019-06-15 10:39:57,22.5672,113.9663,21.92953878747366,18.78884763318496,0.2578064563838715
188,2019-06-15 10:39:58,22.56739,113.96637,22.18734524385753,16.76907537723565,0.0445406484011385
188,2019-06-15 10:39:59,22.56758,113.966432,22.23188589225867,14.598553710012936,0.2487105975411623
188,2019-06-15 10:40:00,22.567775,113.966487,22.480596489799836,12.618229600295765,-0.24364964049429
188,2019-06-15 10:40:01,22.567973,113.966535,22.236946849305543,10.25262553752043,-0.1648984295801447
188,2019-06-15 10:40:02,22.56816700000001,113.966573,22.0720484197254,7.9646911722347795,0.5907741988689672
188,2019-06-15 10:40:03,22.568365,113.966603,22.662822618594365,5.09839617282762,0.3306754797910791
188,2019-06-15 10:40:04,22.568572,113.966623,22.993498098385444,4.8917514678801695,-0.1499676155938054
188,2019-06-15 10:40:05,22.568777,113.966642,22.84353048279164,2.5791327218026936,-0.2452275849699781
188,2019-06-15 10:40:06,22.568982,113.966652,22.59830289782166,2.892995296814263,-0.0681652463660213
188,2019-06-15 10:40:07,22.569183,113.96666299999998,22.53013765145564,1.037294619617228,0.2101521193892708
188,2019-06-15 10:40:08,22.569387,113.966667,22.74028977084491,0.0,0.0593526556676735
188,2019-06-15 10:40:09,22.569592,113.966667,22.799642426512584,357.6784964263465,0.0717255841314674
188,2019-06-15 10:40:10,22.569797,113.966658,22.87136801064405,357.43338954425,-0.0060510308517685
188,2019-06-15 10:40:11,22.570003,113.966648,22.865316979792283,358.4518649342054,0.0505589191125608
188,2019-06-15 10:40:12,22.570208,113.966642,22.915875898904844,358.21144167107025,0.2728701291252662
188,2019-06-15 10:40:13,22.570415,113.966635,23.18874602803011,359.49613365011805,-0.282361010030705
188,2019-06-15 10:40:14,22.570625,113.966633,22.906385017999405,0.0,-0.5005484818961499
188,2019-06-15 10:40:15,22.570827,113.966633,22.40583653610325,359.73678207254886,-0.1630590016469533
188,2019-06-15 10:40:16,22.571028,113.966632,22.2427775344563,358.1396003259472,-0.5567889441396261
188,2019-06-15 10:40:17,22.571227,113.966625,21.68598859031668,0.0,-0.3906129899879182
188,2019-06-15 10:40:18,22.571418,113.966625,21.29537560032876,358.6224802565053,-0.2133701927137714
188,2019-06-15 10:40:19,22.57161,113.96662,21.082005407614982,357.7377803001901,-0.3400849777429968
188,2019-06-15 10:40:20,22.571797,113.966612,20.74192042987199,0.0,0.1071283160168441
188,2019-06-15 10:40:21,22.571983,113.966612,20.849048745888837,0.0,0.3942076582612728
188,2019-06-15 10:40:22,22.572172,113.966612,21.243256404150102,357.534373048876,0.2395206867201267
188,2019-06-15 10:40:23,22.572365,113.966603,21.482777090870236,357.260814766665,-0.2370394801538431
188,2019-06-15 10:40:24,22.572558,113.966593,21.24573761071639,359.7200735651319,0.1076383914103757
188,2019-06-15 10:40:25,22.572747,113.966592,21.353376002126765,358.10148954077914,0.2304099471039258
188,2019-06-15 10:40:26,22.572942,113.966585,21.58378594923069,358.0818331594799,-0.260025404891838
188,2019-06-15 10:40:27,22.573135,113.966578,21.323760544338853,355.8305627178044,-0.1478789189672404
188,2019-06-15 10:40:28,22.573325,113.966563,21.175881625371613,356.3849055494976,0.1597409411934265
188,2019-06-15 10:40:29,22.573515,113.96655,21.33562256656504,356.44095813246554,0.2743398567007986
188,2019-06-15 10:40:30,22.573708,113.96653700000002,21.60996242326584,356.7477391318844,0.2190433062710504
188,2019-06-15 10:40:31,22.573903,113.966525,21.82900572953689,356.7806918002209,1.2048839123556867
188,2019-06-15 10:40:32,22.5741,113.966513,23.03388964189257,358.7811536190079,2.2630082621321
188,2019-06-15 10:40:33,22.574317,113.966508,25.296897904024675,0.8891021108424866,2.5680738367453486
188,2019-06-15 10:40:34,22.574555,113.966512,27.864971740770024,2.2116876488300363,-0.6163623964942104
188,2019-06-15 10:40:35,22.574818,113.966523,27.248609344275813,0.0,-2.0071521695960506
188,2019-06-15 10:40:36,22.575045000000006,113.966523,25.241457174679763,0.4661178886597668,7.661324351379438
188,2019-06-15 10:40:37,22.575272,113.966525,32.9027815260592,6.961299310351251,-2.8998248517806893
188,2019-06-15 10:40:39,22.575882,113.966632,27.103131822497826,4.493337668508275,-13.3418976291515
188,2019-06-15 10:40:40,22.576117,113.966652,13.761234193346322,358.63762887392886,-0.0152064678534585
188,2019-06-15 10:41:06,22.579223,113.966572,13.3658660291564,7.941438512543584,2.806102965202516
188,2019-06-15 10:41:07,22.579362,113.966593,16.171968994358917,14.875442936974991,0.7192420235029999
188,2019-06-15 10:41:08,22.579508,113.966635,16.891211017861917,15.783322350212018,0.995523851183126
188,2019-06-15 10:41:09,22.579655,113.96668,17.886734869045043,16.508901825647342,0.8095232721306971
188,2019-06-15 10:41:10,22.579817,113.966732,18.69625814117574,17.006662392637566,-0.0189318653382208
188,2019-06-15 10:41:11,22.579977,113.96678500000002,18.67732627583752,14.908596931447905,0.1602965380150109
188,2019-06-15 10:41:12,22.58014,113.966832,18.83762281385253,14.134378373191794,1.2026119242641045
188,2019-06-15 10:41:13,22.580305,113.966877,20.040234738116634,21.258432087980964,0.6161409099434181
188,2019-06-15 10:41:14,22.580483,113.966952,20.65637564806005,17.853505664647003,-0.5049060090394768
188,2019-06-15 10:41:15,22.580655,113.967012,20.151469639020576,20.816717778975374,-0.1048891890519705
188,2019-06-15 10:41:16,22.580825,113.967082,20.046580449968605,18.04995265834117,-0.7572293765010762
188,2019-06-15 10:41:17,22.580995,113.967142,19.28935107346753,17.90916099300796,-1.2421477518336168
188,2019-06-15 10:41:18,22.581155,113.967198,18.047203321633912,18.93870624691249,-1.9674566120637067
188,2019-06-15 10:41:19,22.581303,113.967253,16.079746709570205,16.98030124396371,-2.2931735925603505
188,2019-06-15 10:41:20,22.58143,113.967295,13.786573117009857,17.253538348160305,-1.683142471737069
188,2019-06-15 10:41:21,22.58154,113.967332,12.103430645272786,18.9155824025292,-1.1314152266336706
188,2019-06-15 10:41:22,22.581637,113.967368,10.972015418639115,16.396460636493487,-0.8084003071633497
188,2019-06-15 10:41:23,22.581728,113.967397,10.163615111475766,25.323873834544145,-0.903895646763786
188,2019-06-15 10:41:24,22.581808,113.967438,9.25971946471198,17.107173241514317,-1.1660010513720014
188,2019-06-15 10:41:25,22.581883,113.967463,8.093718413339978,27.619510348329072,-1.2566011424779076
188,2019-06-15 10:41:26,22.581943,113.967497,6.837117270862071,20.44966234737217,-0.751709751812168
188,2019-06-15 10:41:27,22.581995000000006,113.967518,6.085407519049903,22.11020825778712,-0.2352578196834587
188,2019-06-15 10:41:28,22.582045,113.96754,5.850149699366444,28.98637177633401,-0.3743366134377233
188,2019-06-15 10:41:29,22.58209,113.967567,5.475813085928721,26.822670534940755,-0.4400297206432642
188,2019-06-15 10:41:30,22.582132,113.96759,5.035783365285456,29.19896762278444,0.0732139401437788
188,2019-06-15 10:41:31,22.58217,113.967613,5.108997305429235,27.26416380370182,0.8354304000720836
188,2019-06-15 10:41:32,22.582213,113.967637,5.944427705501319,33.40568045955973,1.0055731338515708
188,2019-06-15 10:41:33,22.582262,113.967672,6.95000083935289,29.125726021930237,0.6278796175600876
188,2019-06-15 10:41:34,22.582320000000006,113.967707,7.577880456912977,27.53004452137543,0.1713689486893885
188,2019-06-15 10:41:35,22.582382,113.967742,7.749249405602366,30.317999445173143,-0.0463404509817735
188,2019-06-15 10:41:36,22.582442,113.96778,7.702908954620592,29.656549106738,-0.3200733686423289
188,2019-06-15 10:41:37,22.582502,113.967817,7.382835585978263,28.550765294778277,-0.4154499259681712
188,2019-06-15 10:41:38,22.582558,113.96785,6.967385660010092,26.731323023929235,-0.1961941262473487
188,2019-06-15 10:41:39,22.582613,113.96788,6.771191533762743,30.36847420027988,-0.0170477797716888
188,2019-06-15 10:41:40,22.582665,113.967913,6.754143753991055,31.85968821587494,0.249486381474143
188,2019-06-15 10:41:41,22.582717,113.967948,7.0036301354651975,31.846332159552617,-0.1753432169730882
188,2019-06-15 10:41:42,22.582772,113.967985,6.828286918492109,30.580038955088867,0.4463156322486314
188,2019-06-15 10:41:43,22.582822,113.968017,7.274602550740741,37.38456457865573,0.5277886735519806
188,2019-06-15 10:41:44,22.58288,113.968065,7.802391224292721,38.09484203376621,-0.6951734602649386
188,2019-06-15 10:41:45,22.582933,113.96811,7.107217764027783,34.343230484402625,-0.8376406469169444
188,2019-06-15 10:41:46,22.582983,113.968147,6.269577117110838,41.976098750338906,-0.9042977802413016
188,2019-06-15 10:41:47,22.583022,113.968185,5.365279336869537,31.276581218649085,-0.5218429414027286
188,2019-06-15 10:41:48,22.58306,113.96821,4.843436395466808,29.85400766316883,-0.5394397904647956
188,2019-06-15 10:41:49,22.583097,113.968233,4.303996605002013,30.317876242588227,-0.6125827858682138
188,2019-06-15 10:41:50,22.583127,113.968252,3.691413819133799,27.81672149742326,-0.0967276215349617
188,2019-06-15 10:41:51,22.583155,113.968268,3.594686197598837,32.06881276629133,0.2282369731449023
188,2019-06-15 10:41:52,22.583183,113.96828700000002,3.822923170743739,32.87563318950396,0.3861067771698527
188,2019-06-15 10:41:53,22.583213,113.968308,4.209029947913592,41.750349195571175,0.7397635295118601
188,2019-06-15 10:41:54,22.583243,113.968337,4.948793477425452,45.90078846741904,0.0756522850465133
188,2019-06-15 10:41:55,22.583277,113.968375,5.024445762471966,41.78198167206449,-0.7384314145621644
188,2019-06-15 10:41:56,22.583308,113.968405,4.286014347909801,40.52804844712966,-1.049383499546345
188,2019-06-15 10:41:57,22.583335,113.96843,3.2366308483634563,37.57593679641059,-0.8174203234961044
188,2019-06-15 10:41:58,22.583353,113.968445,2.419210524867352,35.224750189205054,-0.132013024805635
188,2019-06-15 10:41:59,22.58337,113.968458,2.287197500061717,42.71695759126811,-0.0170294146788814
188,2019-06-15 10:42:00,22.583385,113.968473,2.2701680853828354,42.71695453626632,0.0708635546427896
188,2019-06-15 10:42:01,22.5834,113.968488,2.341031640025625,46.29974434297623,0.3781920244740115
188,2019-06-15 10:42:02,22.583415,113.968505,2.7192236644996366,42.71694684479246,0.6051873141880102
188,2019-06-15 10:42:03,22.583435,113.968525,3.324410978687647,45.10322783613094,0.7565635054819024
188,2019-06-15 10:42:04,22.583458,113.96855,4.080974484169549,42.71693494050959,0.6673475054555826
188,2019-06-15 10:42:05,22.583488,113.96858,4.748321989625132,38.3587144973294,0.2362909467425584
188,2019-06-15 10:42:06,22.583523,113.96861,4.98461293636769,40.99088310266535,-0.1349794971810851
188,2019-06-15 10:42:07,22.583557,113.968642,4.849633439186605,42.71691414386771,-0.3903587818666176
188,2019-06-15 10:42:08,22.583588,113.968673,4.459274657319988,44.76163917710522,-0.2669761972738804
188,2019-06-15 10:42:09,22.583615,113.968702,4.192298460046107,43.75672919444975,-0.115255842565956
188,2019-06-15 10:42:10,22.583642,113.96873,4.077042617480151,45.960924542540624,-0.1473885983504441
188,2019-06-15 10:42:11,22.583667,113.968758,3.929654019129707,41.598899466672094,0.1159718669747738
188,2019-06-15 10:42:12,22.583693,113.968783,4.045625886104481,44.76161736691142,0.2189632043415006
188,2019-06-15 10:42:13,22.58372,113.968812,4.264589090445981,45.73273679333823,0.5729939924698995
188,2019-06-15 10:42:14,22.583747,113.968842,4.837583082915881,41.91340569263485,0.2049223814966705
188,2019-06-15 10:42:15,22.583783,113.968877,5.042505464412551,40.87983196207324,-0.5873416714445083
188,2019-06-15 10:42:16,22.583815,113.968907,4.455163792968043,48.865147611813256,-0.6081308629680562
188,2019-06-15 10:42:17,22.58384,113.968938,3.847032929999987,45.20712754058644,-0.9364230079545934
188,2019-06-15 10:42:18,22.583862,113.968962,2.9106099220453934,40.87982020580648,-0.6053131679556363
188,2019-06-15 10:42:19,22.583878,113.968977,2.305296754089757,46.53908317781122,0.1462505175192814
188,2019-06-15 10:42:20,22.583892,113.968993,2.4515472716090385,47.63385654520971,0.1163890642433993
188,2019-06-15 10:42:21,22.583908,113.969012,2.567936335852438,40.990808624597946,0.1156771946692183
188,2019-06-15 10:42:22,22.583925,113.969028,2.683613530521656,45.732697044537474,0.2269955416775499
188,2019-06-15 10:42:23,22.583943,113.969048,2.910609072199206,41.255678450881874,0.0816897471820397
188,2019-06-15 10:42:24,22.583963,113.969067,2.992298819381246,42.71683324725956,0.8063529885159162
188,2019-06-15 10:42:25,22.583983,113.96908700000002,3.798651807897162,38.93483679816365,1.3195032039075445
188,2019-06-15 10:42:26,22.584015,113.969115,5.118155011804706,43.479100280009845,0.9254472203869676
188,2019-06-15 10:42:27,22.584052,113.969153,6.043602232191674,44.73743504144335,0.7472448000130214
188,2019-06-15 10:42:28,22.584093,113.969197,6.790847032204695,46.942346847321005,0.3775531194883514
188,2019-06-15 10:42:29,22.584137,113.969248,7.168400151693047,50.56893081734688,0.2643603369513894
188,2019-06-15 10:42:30,22.584178,113.969302,7.432760488644436,47.21518262723731,0.4127498666214411
188,2019-06-15 10:42:31,22.584225,113.969357,7.845510355265877,45.96079537734545,0.384176844363826
188,2019-06-15 10:42:32,22.584275,113.969413,8.229687199629703,43.73799281123382,0.4143166587516056
188,2019-06-15 10:42:33,22.58433,113.96947,8.644003858381309,46.14607009361396,0.03109456114875
188,2019-06-15 10:42:34,22.584385,113.969532,8.675098419530059,47.28495366297216,-0.2621125725481761
188,2019-06-15 10:42:35,22.584437,113.969593,8.412985846981883,50.02035854961247,-0.2622891798432327
188,2019-06-15 10:42:36,22.584485,113.969655,8.15069666713865,48.12943497122643,-0.418277073677471
188,2019-06-15 10:42:37,22.584533,113.96971299999998,7.732419593461179,47.93227897013344,-0.7162280851270264
188,2019-06-15 10:42:38,22.584578,113.969767,7.016191508334153,48.65276866902411,-0.7913570638633098
188,2019-06-15 10:42:39,22.584617,113.969815,6.224834444470843,48.60196923526496,-0.5760622258930193
188,2019-06-15 10:42:40,22.584652,113.969858,5.648772218577824,57.96306446934091,-0.298220709788068
188,2019-06-15 10:42:41,22.584678,113.969903,5.350551508789756,55.15240317399588,-0.3047967179365614
188,2019-06-15 10:42:42,22.584705,113.969945,5.045754790853194,51.67931102767648,-0.2487562329843822
188,2019-06-15 10:42:43,22.584732,113.969982,4.796998557868812,49.09284584171235,0.1744361320897915
188,2019-06-15 10:42:44,22.58476,113.970017,4.971434689958604,57.80201128038704,0.2455898161475271
188,2019-06-15 10:42:45,22.584785,113.97006,5.217024506106131,57.8020065763082,0.701964983897529
188,2019-06-15 10:42:46,22.58481,113.970103,5.91898949000366,61.98574929191346,0.9170969555120224
188,2019-06-15 10:42:47,22.584838,113.97016,6.836086445515682,57.5886904262016,0.2750163416487003
188,2019-06-15 10:42:48,22.584872,113.970218,7.111102787164382,59.218495631537394,0.3700182028115417
188,2019-06-15 10:42:49,22.584905,113.970278,7.481120989975924,61.92244649586303,0.4669593343683385
188,2019-06-15 10:42:50,22.584938,113.970345,7.948080324344263,59.48866186089339,-0.0790645614363345
188,2019-06-15 10:42:51,22.584975,113.970413,7.869015762907928,56.42337219511353,-0.4303663750134721
188,2019-06-15 10:42:52,22.585013,113.970475,7.438649387894456,55.35873224127988,-0.0505630960105909
188,2019-06-15 10:42:53,22.58505,113.970533,7.388086291883865,61.93351558266386,0.103242812798693
188,2019-06-15 10:42:54,22.585082,113.970598,7.491329104682558,62.31816787993961,-0.3692894359594989
188,2019-06-15 10:42:55,22.585113,113.970662,7.122039668723059,60.742290860488936,-0.5193486262814151
188,2019-06-15 10:42:56,22.585143,113.97072,6.602691042441644,58.48948843975194,-0.0377702664224415
188,2019-06-15 10:42:57,22.585173,113.970773,6.5649207760192025,63.63523431346016,0.2877919200477539
188,2019-06-15 10:42:58,22.5852,113.970832,6.852712696066956,64.38751226136583,-0.2088180981407594
188,2019-06-15 10:42:59,22.585227,113.970893,6.643894597926197,62.88788864733766,-0.5792308362139638
188,2019-06-15 10:43:00,22.585253,113.970948,6.064663761712233,62.53145433831952,-0.1207687558364352
188,2019-06-15 10:43:01,22.585277,113.970998,5.943895005875798,65.2359320186589,-0.0242321875914308
188,2019-06-15 10:43:02,22.5853,113.971052,5.919662818284367,63.51712655897654,-0.6720919163775116
188,2019-06-15 10:43:03,22.585323,113.971102,5.247570901906856,62.15148129172224,-0.4236130645293325
188,2019-06-15 10:43:04,22.585343,113.971143,4.823957837377523,67.29284359524331,-0.1388367990722034
188,2019-06-15 10:43:05,22.58536,113.971187,4.68512103830532,60.31544504947499,-0.5534988150025573
188,2019-06-15 10:43:06,22.58538,113.971225,4.131622223302762,63.78892897582881,-0.7052697649638997
188,2019-06-15 10:43:07,22.585395,113.971258,3.4263524583388625,64.29564869685203,-0.4168119078159016
188,2019-06-15 10:43:08,22.585407,113.971285,3.009540550522961,60.61211714339567,-0.1805339326960409
188,2019-06-15 10:43:09,22.585420000000006,113.97131,2.82900661782692,60.53024786348715,-0.18867881251695
188,2019-06-15 10:43:10,22.585432,113.971333,2.64032780530997,61.563069138406775,-0.1698759991920702
188,2019-06-15 10:43:11,22.585443,113.971355,2.4704518061179,70.98549264865437,-0.0692673402711689
188,2019-06-15 10:43:12,22.58545,113.971377,2.4011844658467307,62.71784433212639,0.1634705028621557
188,2019-06-15 10:43:13,22.58546,113.971398,2.5646549687088864,70.88470062705608,0.2861192265607784
188,2019-06-15 10:43:14,22.585468,113.971423,2.850774195269665,68.14258015550769,0.7061551950769438
188,2019-06-15 10:43:15,22.585478,113.97145,3.5569293903466086,54.16913318009773,-0.4944471064943307
188,2019-06-15 10:43:16,22.5855,113.971483,3.062482283852278,74.09156753388868,-0.6855337821091236
188,2019-06-15 10:43:17,22.585505,113.971502,2.376948501743154,58.526443710097965,0.6840647352282994
188,2019-06-15 10:43:18,22.585518,113.971525,3.0610132369714536,55.70879929672469,0.7285953950031376
188,2019-06-15 10:43:19,22.585535,113.971552,3.789608631974591,58.24690725657251,0.8034869630506316
188,2019-06-15 10:43:20,22.585555,113.971587,4.593095595025223,67.7477106997112,0.511138247722509
188,2019-06-15 10:43:21,22.585572,113.971632,5.104233842747732,64.78437746838142,-0.2570223688833399
188,2019-06-15 10:43:22,22.585592,113.971678,4.847211473864392,66.57650333308243,-0.2787473315158397
188,2019-06-15 10:43:23,22.585608,113.971718,4.568464142348552,61.5630342390856,0.0754946085058154
188,2019-06-15 10:43:24,22.585628,113.971758,4.643958750854368,62.7761938525606,-0.4492925165795061
188,2019-06-15 10:43:25,22.585647,113.971798,4.1946662342748615,67.5049247617398,-0.5800656957711068
188,2019-06-15 10:43:26,22.58566,113.971832,3.6146005385037543,67.25409489482905,-0.340018359827793
188,2019-06-15 10:43:27,22.585672,113.97186299999998,3.2745821786759617,73.36509327163452,-0.117971371721087
188,2019-06-15 10:43:28,22.58568,113.971892,3.1566108069548746,73.89036987420991,0.3604674700358257
188,2019-06-15 10:43:29,22.585688,113.971922,3.5170782769907003,69.62820095907466,0.7034153782545767
188,2019-06-15 10:43:30,22.5857,113.971957,4.220493655245277,73.18252073914215,0.7034151583054493
188,2019-06-15 10:43:31,22.585712,113.972,4.923908813550726,70.14931704826978,0.7101491267898785
188,2019-06-15 10:43:32,22.585728,113.972048,5.634057940340605,69.48667169471292,0.6067434310886952
188,2019-06-15 10:43:33,22.585747,113.972103,6.2408013714293,69.83975071938659,0.1259654719033571
188,2019-06-15 10:43:34,22.585767,113.972162,6.366766843332657,71.42127566662055,-0.0376569501939041
188,2019-06-15 10:43:35,22.585785,113.97222,6.329109893138753,74.84949926715609,-0.0749236946324867
188,2019-06-15 10:43:36,22.5858,113.97228,6.254186198506266,76.35504167010669,-0.2184728010675147
188,2019-06-15 10:43:37,22.585813,113.972338,6.035713397438752,71.49121244141861,-0.1116572159846631
188,2019-06-15 10:43:38,22.58583,113.972393,5.924056181454088,70.14930010026319,-0.6174536472998744
188,2019-06-15 10:43:39,22.585848,113.972447,5.306602534154214,69.30274484300247,-0.8469370094477124
188,2019-06-15 10:43:40,22.585863,113.97249,4.459665524706502,68.24679549470659,-0.3664432023152146
188,2019-06-15 10:43:41,22.585877,113.972528,4.093222322391287,72.15182082130985,-0.2641277971145306
188,2019-06-15 10:43:42,22.585888,113.972565,3.829094525276756,77.77779733082264,-0.1820866801678575
188,2019-06-15 10:43:43,22.585895,113.9726,3.6470078451088983,68.50338085470463,0.0705136036259546
188,2019-06-15 10:43:44,22.585907,113.972633,3.717521448734853,71.20181933611315,0.0482420462603494
188,2019-06-15 10:43:45,22.585918,113.972668,3.765763494995203,69.08020493937784,0.3609176301766057
188,2019-06-15 10:43:46,22.58593,113.972702,4.1266811251718085,65.28322649008362,0.6978283196540263
188,2019-06-15 10:43:47,22.585947,113.972742,4.824509444825835,67.03234217659838,0.1635449172738825
188,2019-06-15 10:43:48,22.585965,113.972788,4.988054362099717,79.55468969468626,0.1810933074946579
188,2019-06-15 10:43:49,22.585973000000006,113.972835,5.169147669594375,79.38288985606744,0.4241797391161093
188,2019-06-15 10:43:50,22.585982,113.972887,5.5933274087104845,78.85977359638082,0.0215897518344947
188,2019-06-15 10:43:51,22.585992,113.972942,5.614917160544979,83.0097679793459,-0.2622149140660115
188,2019-06-15 10:43:52,22.585998,113.972995,5.352702246478968,78.96842942796007,-0.4860377042574413
188,2019-06-15 10:43:53,22.586007,113.973045,4.8666645422215264,78.60740015214992,-0.7979516002241995
188,2019-06-15 10:43:54,22.586015,113.973088,4.068712941997327,81.20471210773405,-0.2295737115521436
188,2019-06-15 10:43:55,22.58602,113.973123,3.8391392304451832,82.09474940939168,0.0682420006503066
188,2019-06-15 10:43:56,22.586025,113.97316200000002,3.90738123109549,78.10749193780191,-0.0174429551408388
188,2019-06-15 10:43:57,22.586032,113.973198,3.889938275954651,85.23751631130153,-0.3201200638232335
188,2019-06-15 10:43:58,22.586035,113.973237,3.569818212131417,79.7676536766881,-0.5410185371847871
188,2019-06-15 10:43:59,22.58604,113.973267,3.0287996749466304,79.05385963463527,-0.1706455611349513
188,2019-06-15 10:44:00,22.586045,113.973295,2.858154113811679,83.1379732120514,-0.1520178939003793
188,2019-06-15 10:44:01,22.586048,113.973322,2.7061362199113,77.77778560693861,-0.0799434031789441
188,2019-06-15 10:44:02,22.586053,113.973347,2.626192816732356,77.77778515247121,-9.105974019263385e-08
188,2019-06-15 10:44:03,22.586058,113.973372,2.6261927256726154,77.7777847387249,-0.0734661159569252
188,2019-06-15 10:44:04,22.586063,113.973397,2.55272660971569,71.75626748642748,0.0734659326731517
188,2019-06-15 10:44:05,22.58607,113.97342,2.626192542388842,83.13797198645432,-0.1728702183641859
188,2019-06-15 10:44:06,22.58607300000001,113.973447,2.453322324024656,74.8494772629997,-0.4249711043756305
188,2019-06-15 10:44:07,22.586078,113.973467,2.028351219649025,73.25597421794299,-0.4215533980352826
188,2019-06-15 10:44:08,22.586083,113.973485,1.6067978216137428,94.76247535505786,-0.0577917362845532
188,2019-06-15 10:44:09,22.586082,113.973498,1.5490060853291896,97.26147776958736,0.3535794379906309
188,2019-06-15 10:44:10,22.58608,113.973515,1.9025855233198208,89.9999961611548,0.0480812248387774
188,2019-06-15 10:44:11,22.58608,113.973535,1.950666748158598,89.99999654602618,-0.1123321655866327
188,2019-06-15 10:44:12,22.58608,113.973553,1.8383345825719648,65.964609195202,0.0812341792911006
188,2019-06-15 10:44:13,22.586087,113.97357,1.919568761863066,96.18142068586462,0.1703213641300172
188,2019-06-15 10:44:14,22.586085,113.97359,2.089890125993083,105.15051582120896,-0.1195151419720053
188,2019-06-15 10:44:15,22.58608,113.97361,1.9703749840210776,89.99999654602618,-0.0677894325486299
188,2019-06-15 10:44:16,22.58608,113.973628,1.902585551472448,96.50403978103554,-0.3488939002188898
188,2019-06-15 10:44:17,22.586078,113.973647,1.553691651253558,123.01743793853984,0.0083416195182062
188,2019-06-15 10:44:18,22.586072,113.973657,1.5620332707717643,106.74401764259233,0.2993001300003393
188,2019-06-15 10:44:19,22.586067,113.973675,1.861333400772104,86.55663770852249,0.1927527640192523
188,2019-06-15 10:44:20,22.586068,113.973693,2.054086164791356,89.99999577448955,0.1047796136182941
188,2019-06-15 10:44:21,22.586068,113.97371499999998,2.15886577840965,83.81857239146984,-0.0868002227240754
188,2019-06-15 10:44:22,22.58607,113.973735,2.0720655556855747,80.7723370274449,0.2546011543063278
188,2019-06-15 10:44:23,22.58607300000001,113.973755,2.3266667099919025,85.04794771552434,0.1678792690921575
188,2019-06-15 10:44:24,22.586075,113.97378,2.49454597908406,76.75104375895467,0.1574143261862879
188,2019-06-15 10:44:25,22.58608,113.973803,2.651960305270348,74.31550440122408,0.0746581715795939
188,2019-06-15 10:44:26,22.586087,113.97383,2.726618476849942,82.59488050643233,-0.2909996859310166
188,2019-06-15 10:44:27,22.58609,113.973855,2.4356187909189253,81.59865721351673,0.0440127061636412
188,2019-06-15 10:44:28,22.586093,113.973877,2.4796314970825666,85.2375167265435,0.1020450506976615
188,2019-06-15 10:44:29,22.586095,113.973903,2.581676547780228,82.28997224370926,-0.2292463236831485
188,2019-06-15 10:44:30,22.586098,113.973927,2.35243022409708,75.53997766813131,-0.2120836192183444
188,2019-06-15 10:44:31,22.586103,113.973948,2.140346604878735,83.81857083290015,0.1857405091302997
188,2019-06-15 10:44:32,22.586105,113.973968,2.326087114009035,70.14926997199007,0.5011180594832498
188,2019-06-15 10:44:33,22.586113,113.973992,2.8272051734922847,85.87014742540487,0.1630769048937694
188,2019-06-15 10:44:34,22.586115,113.974022,2.990282078386054,83.38082749465008,0.1022367295616817
188,2019-06-15 10:44:35,22.586118,113.97405,3.092518807947736,86.12745091643774,0.405224031572482
188,2019-06-15 10:44:36,22.58612,113.974082,3.497742839520218,86.55663292150837,0.2697446843866178
188,2019-06-15 10:44:37,22.586122,113.974118,3.767487523906836,81.67327417506647,0.5534626612990805
188,2019-06-15 10:44:38,22.586127,113.974155,4.320950185205916,89.99999097557173,0.2182255163208522
188,2019-06-15 10:44:39,22.586127,113.974202,4.539175701526768,78.06723098451738,-0.096861343101037
188,2019-06-15 10:44:40,22.586135,113.974243,4.442314358425731,80.2235682927768,0.2733726153931171
188,2019-06-15 10:44:41,22.586142,113.97428700000002,4.7156869738188485,76.75103288325863,0.2317717996029733
188,2019-06-15 10:44:42,22.586152,113.974333,4.947458773421822,83.69341783798382,-0.2203152435866604
188,2019-06-15 10:44:43,22.586157,113.974382,4.727143529835161,71.04691427659009,-0.032310608780901
188,2019-06-15 10:44:44,22.586170000000006,113.974423,4.69483292105426,77.02328328769647,0.0323100172472496
188,2019-06-15 10:44:45,22.58618,113.97447,4.72714293830151,78.60738622159045,0.0424129350547719
188,2019-06-15 10:44:46,22.586188,113.974513,4.769555873356282,84.94739459493627,0.4690962073517077
188,2019-06-15 10:44:47,22.586192,113.974562,5.23865208070799,98.14073849659052,-0.249563958043173
188,2019-06-15 10:44:48,22.586185,113.974615,4.989088122664817,99.99923881374656,-0.1933563452914439
188,2019-06-15 10:44:49,22.586178,113.974658,4.795731777373373,100.02779859820087,0.3838629992177598
188,2019-06-15 10:44:50,22.586170000000006,113.974707,5.1795947765911325,102.22220987093596,0.2473699169860124
188,2019-06-15 10:44:51,22.58616,113.974757,5.426964693577145,103.77834031866117,0.1794065719334456
188,2019-06-15 10:44:52,22.586148,113.97481,5.606371265510591,93.3808902514761,0.1966903260655401
188,2019-06-15 10:44:53,22.586145,113.974865,5.803061591576131,89.99998886220533,0.4605894968275859
188,2019-06-15 10:44:54,22.586145,113.974923,6.263651088403717,91.93847338571334,0.1590314638972039
188,2019-06-15 10:44:55,22.586143,113.974987,6.4226825523009206,82.9152278950067,0.0057727548230488
188,2019-06-15 10:44:56,22.58615,113.975048,6.428455307123969,89.99998771063156,-0.062153744692087
188,2019-06-15 10:44:57,22.58615,113.975112,6.366301562431882,92.0675979402198,-0.3079505742076485
188,2019-06-15 10:44:58,22.586148,113.975172,6.058350988224234,85.7282508362689,0.1139278954886968
188,2019-06-15 10:44:59,22.586152,113.97523,6.172278883712931,87.00006026449677,0.8623619407891567
188,2019-06-15 10:45:00,22.586155,113.975292,7.034640824502088,89.99998559725032,0.4618778962583718
188,2019-06-15 10:45:01,22.586155,113.975367,7.496518720760459,92.62020999254396,-0.5609487772069048
188,2019-06-15 10:45:02,22.586152,113.97543799999998,6.9355699435535545,91.9384734868488,-0.256452220888149
188,2019-06-15 10:45:03,22.58615,113.975502,6.6791177226654055,92.81840382033164,-0.0934171755215951
188,2019-06-15 10:45:04,22.586147,113.975568,6.58570054714381,94.9917730232354,-0.3896788545507892
188,2019-06-15 10:45:05,22.586142,113.97563,6.196021692593021,97.44718798040468,-0.3823162602703984
188,2019-06-15 10:45:06,22.586135,113.975688,5.813705432322623,89.99998943891018,-0.3199153528193683
188,2019-06-15 10:45:07,22.586135,113.975743,5.493790079503254,87.61462998356853,0.1528745713286943
188,2019-06-15 10:45:08,22.586137,113.975795,5.646664650831949,92.13882989053944,-0.0957015619076324
188,2019-06-15 10:45:09,22.586135,113.975853,5.550963088924316,93.71807551660368,-0.4662285030743378
188,2019-06-15 10:45:10,22.586132,113.975903,5.084734585849978,89.99999059068705,-0.0015199176442548
188,2019-06-15 10:45:11,22.586132,113.975952,5.083214668205724,92.4806478293973,0.106217713616588
188,2019-06-15 10:45:12,22.58613,113.976002,5.189432381822312,92.43206625074528,-0.0561006953752931
188,2019-06-15 10:45:13,22.586128,113.976053,5.133331686447018,87.46877271990428,-0.050116943810047
188,2019-06-15 10:45:14,22.58613,113.976102,5.083214742636971,89.9999903959756,0.0513210811198074
188,2019-06-15 10:45:15,22.58613,113.976152,5.134535823756779,87.51933296130136,0.1554258885996127
188,2019-06-15 10:45:16,22.586132,113.976202,5.289961712356392,88.82929963387312,-0.0945764466317005
188,2019-06-15 10:45:17,22.586133,113.976255,5.195385265724691,83.56312360562265,0.2086448458105545
188,2019-06-15 10:45:18,22.586138,113.976303,5.404030111535246,87.82366022340295,0.2048193787246628
188,2019-06-15 10:45:19,22.58614,113.97636,5.608849490259908,84.05457352121272,0.2955286163926987
188,2019-06-15 10:45:20,22.586145,113.976412,5.904378106652607,92.95238253457576,-0.2508751965316884
188,2019-06-15 10:45:21,22.586142,113.976475,5.653502910120919,92.6387713324234,-0.3588689349088012
188,2019-06-15 10:45:22,22.58614,113.976522,5.294633975212117,93.32065296223924,0.4101409174363546
188,2019-06-15 10:45:23,22.586137,113.976578,5.704774892648472,92.2553771560531,0.3076526394767622
188,2019-06-15 10:45:24,22.586135,113.976633,6.012427532125234,83.0283648100692,0.6757091564375228
188,2019-06-15 10:45:25,22.586142,113.976695,6.688136688562757,89.08748732805077,0.2474339085321508
188,2019-06-15 10:45:26,22.586143,113.976763,6.935570597094908,95.53984264721964,-0.2601558930616106
188,2019-06-15 10:45:27,22.586137,113.97683,6.675414704033297,87.04759337675165,-0.2565830883992106
188,2019-06-15 10:45:28,22.58614,113.976893,6.418831615634087,89.9999880941312,-0.001204138605666
188,2019-06-15 10:45:29,22.58614,113.976955,6.417627477028421,88.03075668860663,0.769896484954014
188,2019-06-15 10:45:30,22.586142,113.977018,7.187523961982435,89.9999852126279,0.3635914793763
188,2019-06-15 10:45:31,22.586142,113.977095,7.551115441358735,85.57628182493426,-0.5105446740906725
188,2019-06-15 10:45:32,22.586147,113.977165,7.040570767268062,89.07387044298753,-2.537080900921751e-07
188,2019-06-15 10:45:33,22.586148,113.977232,7.040570513559972,85.5762816374023,0.4746860648666997
188,2019-06-15 10:45:34,22.586153,113.977302,7.515256578426672,85.92429312059892,0.2362723893889793
188,2019-06-15 10:45:35,22.586158,113.977378,7.751528967815651,94.95203599409422,0.177421467829574
188,2019-06-15 10:45:36,22.586152,113.977453,7.928950435645225,93.92139617613516,0.5080510023445992
188,2019-06-15 10:45:37,22.586147,113.977532,8.437001437989824,93.64536399832514,0.2983354270175979
188,2019-06-15 10:45:38,22.586142,113.977617,8.735336865007422,91.45979053310872,0.145326177951496
188,2019-06-15 10:45:39,22.58614,113.977702,8.880663042958918,88.58992194004361,0.6679805911583969
188,2019-06-15 10:45:40,22.586142,113.97778999999998,9.548643634117315,89.99998118137273,0.5715051643686806
188,2019-06-15 10:45:41,22.586142,113.977888,10.120148798485996,94.37917634561744,-0.1576068832784614
188,2019-06-15 10:45:42,22.586135,113.977987,9.962541915207536,88.69378246104327,-0.3078759889334233
188,2019-06-15 10:45:43,22.586137,113.978082,9.654665926274111,87.99901478783437,-0.6157271010093481
188,2019-06-15 10:45:44,22.58614,113.978175,9.038938825264765,88.50501691041234,-0.5689421574639493
188,2019-06-15 10:45:45,22.586142,113.978258,8.469996667800814,91.51317428514584,-0.2559139610101155
188,2019-06-15 10:45:46,22.58614,113.97834,8.214082706790698,89.99998502265214,-0.4096365230275651
188,2019-06-15 10:45:47,22.58614,113.978418,7.804446183763133,92.51412303159486,-0.0946200401653047
188,2019-06-15 10:45:48,22.586137,113.978492,7.709826143597828,93.26251874392204,0.4101696103189596
188,2019-06-15 10:45:49,22.586133,113.978568,8.119995753916788,92.26910992644656,-0.669193491267027
188,2019-06-15 10:45:50,22.58613,113.97865,7.450802262649761,92.95238221168928,-0.6178139568584013
188,2019-06-15 10:45:51,22.586127,113.97871299999998,6.83298830579136,91.77242703585097,0.3642064494069297
188,2019-06-15 10:45:52,22.586125,113.978783,7.197194755198289,94.42369058668451,0.1133087739505835
188,2019-06-15 10:45:53,22.58612,113.978853,7.310503529148873,94.30127709037733,0.3672040092682955
188,2019-06-15 10:45:54,22.586115,113.978925,7.677707538417168,95.62324278019868,-0.3672034809204572
188,2019-06-15 10:45:55,22.586108,113.979002,7.310504057496711,92.86169185914277,-0.3724808936213994
188,2019-06-15 10:45:56,22.586105,113.979067,6.938023163875312,92.65758769833212,-0.3652407200699095
188,2019-06-15 10:45:57,22.586102,113.979137,6.572782443805402,89.9999888622088,-1.5408875876305874
188,2019-06-15 10:45:58,22.586102,113.979195,5.031894856174815,93.09972468892175,-1.539457970208944
188,2019-06-15 10:45:59,22.5861,113.979235,3.492436885965871,89.99999462166858,-0.5616871316234917
188,2019-06-15 10:46:00,22.5861,113.979263,2.9307497543423797,96.39283649673916,-0.1537365594547233
188,2019-06-15 10:46:01,22.586097,113.979292,2.777013194887656,89.99999519996265,-0.149584731243447
188,2019-06-15 10:46:02,22.586097,113.979317,2.627428463644209,99.4600376221091,-6.507305805314444e-10
188,2019-06-15 10:46:03,22.586093,113.979343,2.6274284629934783,89.99999519996277,-0.4714285761698309
188,2019-06-15 10:46:04,22.586093,113.979368,2.1559998868236474,89.99999673759083,-0.1532281352611924
188,2019-06-15 10:46:05,22.586093,113.979385,2.002771751562455,92.81841111729034,0.15322813656734
188,2019-06-15 10:46:06,22.586092,113.979407,2.155999888129795,86.90026399134382,0.3080000010678438
188,2019-06-15 10:46:07,22.586093,113.979427,2.463999889197639,92.21514733797278,-0.0967833058102694
188,2019-06-15 10:46:08,22.586092,113.979455,2.367216583387369,96.86202034172784,-0.4678833357499057
188,2019-06-15 10:46:09,22.58609,113.979473,1.899333247637464,83.49595233998565,0.1026666908745732
188,2019-06-15 10:46:10,22.586092,113.979492,2.001999938512037,96.18142093777936,-0.1506577079187434
188,2019-06-15 10:46:11,22.58609,113.979512,1.8513422305932936,89.99999692843022,0.1024910739489401
188,2019-06-15 10:46:12,22.58609,113.979528,1.9538333045422336,95.62325242821294,0.3621804035198563
188,2019-06-15 10:46:13,22.586088,113.97955,2.31601370806209,92.69605594924376,0.4188179304072461
188,2019-06-15 10:46:14,22.586087,113.979573,2.7348316384693363,98.217213874043,0.4715417450336439
188,2019-06-15 10:46:15,22.586083,113.979603,3.20637338350298,95.79779778264516,0.414382713179481
188,2019-06-15 10:46:16,22.58608,113.97963500000002,3.620756096682461,98.11053855551972,-0.1190376339924275
188,2019-06-15 10:46:17,22.586075,113.979673,3.5017184626900337,89.99999423679822,-0.1608853139352919
188,2019-06-15 10:46:18,22.586075,113.979703,3.340833148754742,95.30380788352976,0.3818336274450105
188,2019-06-15 10:46:19,22.586072,113.97973799999998,3.722666776199752,98.3267083327483,-0.1593495045544828
188,2019-06-15 10:46:20,22.586067,113.979775,3.563317271645269,93.87253530555456,-0.8934046487782279
188,2019-06-15 10:46:21,22.586065,113.979807,2.6699126228670416,80.77233736242135,0.1583435614408284
188,2019-06-15 10:46:22,22.586068,113.979827,2.82825618430787,89.99999327814464,1.0233497055790357
188,2019-06-15 10:46:23,22.586068,113.979862,3.8516058898869057,86.90026067146175,0.0020059054082088
188,2019-06-15 10:46:24,22.58607,113.979902,3.8536117952951146,98.7952775772435,-0.3347218763434658
188,2019-06-15 10:46:25,22.586065,113.979937,3.5188899189516487,95.62324929414126,0.0157764207187209
188,2019-06-15 10:46:26,22.586062,113.97997,3.5346663396703697,102.22220355883697,0.2536869676851738
188,2019-06-15 10:46:27,22.586055,113.980005,3.788353307355544,94.88719865125296,0.3423304885555316
188,2019-06-15 10:46:28,22.586052,113.980043,4.130683795911075,97.34697844150683,-0.139106366639734
188,2019-06-15 10:46:29,22.586047,113.980085,3.991577429271341,98.79527613784126,-0.6322896923678338
188,2019-06-15 10:46:30,22.58604200000001,113.98012,3.3592877369035072,94.1298388818472,-0.1176492305006857
188,2019-06-15 10:46:31,22.58604,113.98015,3.241638506402821,93.75552568155793,-0.0589707817228752
188,2019-06-15 10:46:32,22.586038,113.980183,3.182667724679946,85.72825983474019,-0.1026666558420634
188,2019-06-15 10:46:33,22.58604,113.980212,3.0800010688378827,93.99705679009344,0.0636484463871167
188,2019-06-15 10:46:34,22.586038,113.980243,3.1436495152249995,96.181416583309,0.1585772908952414
188,2019-06-15 10:46:35,22.586035,113.980273,3.302226806120241,95.45887207890048,-0.1176170906455578
188,2019-06-15 10:46:36,22.586032,113.980307,3.184609715474683,87.78484286230844,0.1520582554812537
188,2019-06-15 10:46:37,22.586033,113.980335,3.336667970955937,91.67668088982232,0.1650516804103721
188,2019-06-15 10:46:38,22.586032,113.980372,3.501719651366309,97.95558819943886,-0.1534916884200559
188,2019-06-15 10:46:39,22.586028,113.980403,3.348227962946253,91.824528502029,0.1942098561241607
188,2019-06-15 10:46:40,22.586027,113.980437,3.5424378190704138,89.99999327814663,0.2053095145611925
188,2019-06-15 10:46:41,22.586027,113.980472,3.7477473336316063,88.36740394243208,0.1535876651720178
188,2019-06-15 10:46:42,22.586028,113.98051,3.901334998803624,91.63258146149413,0.2087191791898393
188,2019-06-15 10:46:43,22.586027,113.980548,4.110054177993463,92.95238406434618,0.2194750852444489
188,2019-06-15 10:46:44,22.586025,113.98059,4.329529263237912,97.34697701684472,-0.0169414943930767
188,2019-06-15 10:46:45,22.58602,113.980632,4.312587768844836,100.47643834472228,-0.0287661301692452
188,2019-06-15 10:46:46,22.586013,113.980673,4.28382163867559,91.47716841309114,-0.2250575542007808
188,2019-06-15 10:46:47,22.586012,113.980715,4.058764084474809,93.3505015579442,-0.1045315350410165
188,2019-06-15 10:46:48,22.58601,113.980752,3.954232549433793,89.99999231737928,0.2071137610101843
188,2019-06-15 10:46:49,22.58601,113.980792,4.161346310443977,94.53114365476348,0.3778334709234796
188,2019-06-15 10:46:50,22.586007,113.980833,4.539179781367457,96.57262055774952,-0.0236182677767669
188,2019-06-15 10:46:51,22.586002,113.98088,4.51556151359069,100.732336244904,-0.5736573850692617
188,2019-06-15 10:46:52,22.585995,113.98092,3.941904128521428,116.21115726349068,-0.3989127908482488
188,2019-06-15 10:46:53,22.58598,113.980953,3.5429913376731794,115.89715207008072,-0.5562827654942342
188,2019-06-15 10:46:54,22.585967,113.980982,2.9867085721789453,106.87037466202514,-0.0688154030202574
188,2019-06-15 10:46:55,22.58596,113.981007,2.917893169158688,93.9970544873371,0.2178820566963115
188,2019-06-15 10:46:56,22.585958,113.98103799999998,3.135775225855,92.06760083042616,0.4171200284895766
188,2019-06-15 10:46:57,22.585957,113.981068,3.552895254344576,96.33863497641494,0.5841472971162567
188,2019-06-15 10:46:58,22.585953,113.981107,4.137042551460833,97.52413901392843,0.4143802017552493
188,2019-06-15 10:46:59,22.585948,113.981148,4.551422753216082,96.57261776288772,0.7034398936093984
188,2019-06-15 10:47:00,22.585943,113.981195,5.25486264682548,93.3808852312922,0.5116556464698929
188,2019-06-15 10:47:01,22.58594,113.98125,5.766518293295373,95.42713179954389,1.2483529499007773e-07
188,2019-06-15 10:47:02,22.585935,113.981307,5.766518418130668,93.38088502823166,0.3033112454979649
188,2019-06-15 10:47:03,22.585932,113.981362,6.069829663628633,93.9338028993356,0.0964466092500702
188,2019-06-15 10:47:04,22.585928,113.981425,6.166276272878704,91.08854443606918,-0.2563945050070826
188,2019-06-15 10:47:05,22.585927,113.981482,5.909881767871621,94.2717199427654,0.0512771052967568
188,2019-06-15 10:47:06,22.585923,113.98154,5.961158873168378,91.06978041185522,-0.1594197254394318
188,2019-06-15 10:47:07,22.585922,113.981598,5.801739147728946,86.61909409014459,-0.4341945239495466
188,2019-06-15 10:47:08,22.585925,113.981653,5.367544623779399,81.20471502322528,-0.4454468534055245
188,2019-06-15 10:47:09,22.585932,113.981702,4.922097770373875,83.28577252782713,-0.3706746590576255
188,2019-06-15 10:47:10,22.585937,113.981748,4.551423111316249,82.65301121529711,-0.3994637385581709
188,2019-06-15 10:47:11,22.585942000000006,113.98179,4.151959372758078,80.29568688758349,-0.0832445720671817
188,2019-06-15 10:47:12,22.585948,113.981828,4.068714800690897,79.26765196701774,0.4317632023340669
188,2019-06-15 10:47:13,22.585955,113.981868,4.500478003024964,86.04531688581409,0.3790447327510149
188,2019-06-15 10:47:14,22.585958,113.981915,4.8795227357759785,89.99999078118759,0.5130623814917188
188,2019-06-15 10:47:15,22.585958,113.981963,5.392585117267697,93.26251817984188,0.7251888352899325
188,2019-06-15 10:47:16,22.585955,113.98202,6.11777395255763,92.99991156819284,0.7152230196606837
188,2019-06-15 10:47:17,22.585952,113.982082,6.8329969722183135,91.7474762568101,0.6105512014049594
188,2019-06-15 10:47:18,22.58595,113.982153,7.443548173623273,87.48585195605847,0.2662881878102974
188,2019-06-15 10:47:19,22.585953,113.982227,7.70983636143357,86.73745631840433,0.0064119355122693
188,2019-06-15 10:47:20,22.585957,113.982303,7.71624829694584,85.81453193348096,-0.5036003305706913
188,2019-06-15 10:47:21,22.585962,113.982377,7.212647966375148,84.37673570049947,-0.5002828237763843
188,2019-06-15 10:47:22,22.585968,113.982443,6.712365142598764,83.24419009098443,-0.5973714484940542
188,2019-06-15 10:47:23,22.585975,113.982507,6.11499369410471,92.2553745020516,-0.1476179577334218
188,2019-06-15 10:47:24,22.585973000000006,113.98256200000002,5.967375736371288,80.92106843417031,0.4963326135560617
188,2019-06-15 10:47:25,22.585982,113.982623,6.46370834992735,85.16344983603102,-0.0896353535928859
188,2019-06-15 10:47:26,22.585987,113.982687,6.374072996334464,88.96584828022708,-0.4540036206369899
188,2019-06-15 10:47:27,22.585988,113.982747,5.920069375697474,82.1515216691671,-0.5757469764845826
188,2019-06-15 10:47:28,22.585995,113.982802,5.344322399212891,81.0244292154672,-0.2696053147485662
188,2019-06-15 10:47:29,22.586002,113.98285,5.074717084464325,83.818569487243,0.3336063771851565
188,2019-06-15 10:47:30,22.586007,113.9829,5.4083234616494815,86.61909200736545,0.2713683271343781
188,2019-06-15 10:47:31,22.58601,113.982955,5.67969178878386,81.04736193331985,0.6245468965780621
188,2019-06-15 10:47:32,22.586018,113.98301,6.304238685361922,85.37904976493422,0.8111120627237547
188,2019-06-15 10:47:33,22.586023,113.983077,7.115350748085676,83.90496680123312,0.1195446758295721
188,2019-06-15 10:47:34,22.58603,113.983148,7.234895423915248,82.84264771215055,-0.1389983039550371
188,2019-06-15 10:47:35,22.586038,113.983217,7.095897119960211,81.84237433940882,-0.0827551768166205
188,2019-06-15 10:47:36,22.586047,113.983285,7.013141943143591,87.26433920163817,-0.1776621875484325
188,2019-06-15 10:47:37,22.58605,113.983353,6.835479755595158,87.13828431891034,-0.1799543660562088
188,2019-06-15 10:47:38,22.586053,113.983418,6.6555253895389495,81.34003077644326,-0.1848902757976347
188,2019-06-15 10:47:39,22.586062,113.983482,6.470635113741315,83.9191340048925,-0.3561614386142731
188,2019-06-15 10:47:40,22.586068,113.983543,6.114473675127042,80.29567441852913,-0.5410803905434296
188,2019-06-15 10:47:41,22.586077,113.9836,5.573393284583612,80.1687929722898,-1.0219748931872434
188,2019-06-15 10:47:42,22.586085,113.98365,4.551418391396369,86.73746052798901,-1.0497001806543929
188,2019-06-15 10:47:43,22.586087,113.983688,3.501718210741976,83.81856957865512,-0.3069344131078297
188,2019-06-15 10:47:44,22.58609,113.983718,3.194783797634146,86.12745169666448,0.2731898703710973
188,2019-06-15 10:47:45,22.586092,113.98375,3.4679736680052438,79.48173261908016,-0.1865315930316939
188,2019-06-15 10:47:46,22.586098,113.983785,3.2814420749735493,81.20470826089667,-0.533081064341177
188,2019-06-15 10:47:47,22.586102,113.98381299999998,2.7483610106323724,82.59487972012977,-0.2950392359132503
188,2019-06-15 10:47:48,22.586105,113.983838,2.453321774719122,76.17145880981752,-0.1008917140236853
188,2019-06-15 10:47:49,22.58611,113.98386,2.3524300606954367,81.9590478965057,-0.1110507304361081
188,2019-06-15 10:47:50,22.586113,113.983883,2.241379330259329,77.77778098204897,0.0343293195856255
188,2019-06-15 10:47:51,22.586117,113.983903,2.275708649844954,87.41611477994763,0.058252822872546
188,2019-06-15 10:47:52,22.586118,113.983927,2.3339614727175,75.53997567372647,-0.1936151689899437
188,2019-06-15 10:47:53,22.586123,113.983948,2.1403463037275565,83.81856994423828,-0.5698354260621825
188,2019-06-15 10:47:54,22.586125,113.983968,1.570510877665374,49.88967856772865,-0.0322943909623369
188,2019-06-15 10:47:55,22.586132,113.983977,1.538216486703037,73.25596798850614,0.4321577669362231
188,2019-06-15 10:47:56,22.586137,113.983995,1.97037425363926,89.99999616115326,-0.0677894867997552
188,2019-06-15 10:47:57,22.586137,113.984015,1.9025847668395048,97.26148062072974,-0.2599187100576092
188,2019-06-15 10:47:58,22.586135,113.984032,1.6426660567818956,81.78277448063011,0.0828642882252872
188,2019-06-15 10:47:59,22.586137,113.984047,1.7255303450071828,55.90524032593135,0.279294905719567
188,2019-06-15 10:48:00,22.586147,113.984063,2.00482525072675,71.11820733790535,0.0273793972448976
188,2019-06-15 10:48:01,22.586153,113.984082,2.032204647971648,67.15950543801534,0.3313671733190113
188,2019-06-15 10:48:02,22.58616,113.9841,2.363571821290659,85.4131353496183,0.3593647087426705
188,2019-06-15 10:48:03,22.586162,113.984127,2.722936530033329,89.99999501261067,0.5282206143427235
188,2019-06-15 10:48:04,22.586162,113.984153,3.251157144376053,80.03857936547683,0.6660962778700878
188,2019-06-15 10:48:05,22.586168,113.98418999999998,3.917253422246141,78.71691726689039,0.2967720200333907
188,2019-06-15 10:48:06,22.586175,113.984228,4.214025442279532,75.53996566154109,0.2887605313721435
188,2019-06-15 10:48:07,22.586185,113.98427,4.502785973651675,75.86261026340651,0.0739633002195008
188,2019-06-15 10:48:08,22.586195,113.984313,4.576749273871176,78.85975898438738,0.1252832819962899
188,2019-06-15 10:48:09,22.586203,113.984357,4.702032555867466,73.89030876710984,0.3498552417138585
188,2019-06-15 10:48:10,22.586215,113.984402,5.051887797581324,80.35789785591015,0.4302241078131112
188,2019-06-15 10:48:11,22.586223,113.984453,5.482111905394436,78.65875413843946,-0.039945039422423
188,2019-06-15 10:48:12,22.586233,113.984507,5.442166865972013,78.9684110558403,-0.0710261943922887
188,2019-06-15 10:48:13,22.586242,113.984557,5.371140671579724,80.71529116057184,0.4973318312210244
188,2019-06-15 10:48:14,22.58625,113.98461,5.868472502800748,81.78275889360117,0.7450009242095126
188,2019-06-15 10:48:15,22.586258,113.98467,6.613473427010261,79.02195259797622,0.3036051885576913
188,2019-06-15 10:48:16,22.58627000000001,113.984737,6.917078615567952,77.77775845552702,-0.0145850986940079
188,2019-06-15 10:48:17,22.586283,113.984802,6.902493516873944,76.17143269387901,-0.2229078082396949
188,2019-06-15 10:48:18,22.586298,113.984868,6.679585708634249,74.84944543366635,-0.7375219891534419
188,2019-06-15 10:48:19,22.586313,113.984928,5.942063719480808,75.96703229381967,-1.2528716243579971
188,2019-06-15 10:48:20,22.586325,113.98498,4.68919209512281,78.42008941723253,-1.584706729172486
188,2019-06-15 10:48:21,22.586332,113.985017,3.104485365950324,89.99999558062171,-0.5378232865596408
188,2019-06-15 10:48:22,22.586332,113.98503999999998,2.566662079390684,89.99999481720232,0.2566662089186748
188,2019-06-15 10:48:23,22.586332,113.985067,2.8233282883093582,89.99999462165954,0.0561679209127974
188,2019-06-15 10:48:24,22.586332,113.985095,2.879496209222156,83.3808171490059,-0.1384600672329914
188,2019-06-15 10:48:25,22.586335,113.985123,2.741036141989164,82.59486732875939,0.1733374946773183
188,2019-06-15 10:48:26,22.586338,113.985148,2.9143736366664825,70.14923775344238,0.9005556961001386
188,2019-06-15 10:48:27,22.586348,113.985178,3.814929332766621,79.76762854896106,0.8797281566311024
188,2019-06-15 10:48:28,22.586355,113.98522,4.694657489397724,79.76762685031048,0.4345738501257949
188,2019-06-15 10:48:29,22.586363,113.985268,5.129231339523519,77.77775346064914,0.0613847720327607
188,2019-06-15 10:48:30,22.586373,113.985318,5.190616111556279,78.74895369996426,-0.021483241161504
188,2019-06-15 10:48:31,22.586382,113.985367,5.169132870394775,80.16877162725694,0.4644547112808217
188,2019-06-15 10:48:32,22.58639,113.985417,5.633587581675597,79.42261625300512,0.5811563463178189
188,2019-06-15 10:48:33,22.5864,113.985475,6.214743927993416,74.84943473281373,0.7756533765028921
188,2019-06-15 10:48:34,22.586415,113.985535,6.990397304496308,79.90488463943171,0.935082412590984
188,2019-06-15 10:48:35,22.586427,113.985608,7.925479717087292,79.89445310855052,0.7681849011868458
188,2019-06-15 10:48:36,22.58644,113.985687,8.693664618274138,80.90976081318013,0.5946281746177284
188,2019-06-15 10:48:37,22.586453,113.985775,9.288292792891866,78.43795384132727,0.1543600946581573
188,2019-06-15 10:48:38,22.58647,113.985865,9.442652887550024,77.7777362249031,-0.4247342030727488
188,2019-06-15 10:48:39,22.586488,113.985955,9.017918684477277,78.79351412597288,-0.5955733489445656
188,2019-06-15 10:48:40,22.586503,113.986037,8.42234533553271,83.05299784436443,-0.919266621772147
188,2019-06-15 10:48:41,22.586512,113.986117,7.503078713760562,82.40716280323727,-1.0265022956971492
188,2019-06-15 10:48:42,22.58652,113.986182,6.476576418063413,92.03373666925596,-0.6628871639391125
188,2019-06-15 10:48:43,22.586518,113.986243,5.8136892541243,79.38284880745385,-0.3367138046029616
188,2019-06-15 10:48:44,22.586527,113.986295,5.476975449521339,74.84942304055937,-0.0871056905737139
188,2019-06-15 10:48:45,22.58654,113.986347,5.389869758947625,77.77773822639273,-0.237795641997808
188,2019-06-15 10:48:46,22.58655,113.986397,5.152074116949817,77.28471928266737,-0.0608859962325203
188,2019-06-15 10:48:47,22.58656,113.986445,5.091188120717296,73.6519003317618,0.2986804195590267
188,2019-06-15 10:48:48,22.586573,113.986493,5.389868540276323,78.65872606790958,0.3652201147574061
188,2019-06-15 10:48:49,22.586583,113.986547,5.755088655033729,79.05381194502093,0.3755181015553228
188,2019-06-15 10:48:50,22.586593,113.986603,6.130606756589052,83.02834186103479,0.3816688114977724
188,2019-06-15 10:48:51,22.5866,113.986665,6.5122755680868245,77.40192652956739,0.1903199173835768
188,2019-06-15 10:48:52,22.586613,113.986728,6.702595485470401,75.7565933840844,0.4124673247806738
188,2019-06-15 10:48:53,22.586628,113.986792,7.115062810251075,77.94480099080039,0.6514424370401439
188,2019-06-15 10:48:54,22.586642,113.986863,7.766505247291219,78.08599785379079,0.7761372811508824
188,2019-06-15 10:48:55,22.586657,113.98694,8.542642528442101,86.47854576086542,0.3078091401337701
188,2019-06-15 10:48:56,22.586662,113.987028,8.850451668575872,85.57626248306946,-0.6695721561244383
188,2019-06-15 10:48:57,22.586668,113.987112,8.180879512451433,86.69403485087116,-0.7077373930157487
188,2019-06-15 10:48:58,22.586672,113.987187,7.473142119435685,82.94382461212587,-0.5808627729214733
188,2019-06-15 10:48:59,22.58668,113.987257,6.892279346514211,67.45285398257556,-0.4648811649504374
188,2019-06-15 10:49:00,22.586703,113.987317,6.427398181563774,79.76759915590344,-0.5671148185911088
188,2019-06-15 10:49:01,22.586713,113.987377,5.860283362972665,84.16594578396058,-0.4061725468521775
188,2019-06-15 10:49:02,22.586718,113.98743,5.454110816120488,78.23445577166842,-0.2534994212735375
188,2019-06-15 10:49:03,22.586728,113.987482,5.20061139484695,83.56309604138136,-0.211542709419314
188,2019-06-15 10:49:04,22.586733,113.98753,4.989068685427636,78.52068958021493,0.0722034117471386
188,2019-06-15 10:49:05,22.586742,113.987578,5.061272097174775,88.7590746562118,-0.0742088082532035
188,2019-06-15 10:49:06,22.586743,113.987628,4.987063288921571,84.73355427941055,0.0173247387893979
188,2019-06-15 10:49:07,22.586747,113.987675,5.004388027710969,83.81853630905681,0.3958988740776421
188,2019-06-15 10:49:08,22.586752,113.987725,5.400286901788611,88.8718535168349,0.6079995417694404
188,2019-06-15 10:49:09,22.586753,113.98778,6.008286443558052,87.99901181104724,0.7788478319096308
188,2019-06-15 10:49:10,22.586755,113.987842,6.787134275467682,85.5762622122956,0.7206822088700866
188,2019-06-15 10:49:11,22.58676,113.987912,7.507816484337769,87.55191703000003,0.8685216761851136
188,2019-06-15 10:49:12,22.586763,113.987988,8.376338160522883,87.14921160581332,0.8876711358437035
188,2019-06-15 10:49:13,22.586767,113.988075,9.264009296366586,84.6772396349985,0.9256058392371572
188,2019-06-15 10:49:14,22.586775,113.988168,10.189615135603743,87.04757164064006,0.6109562456833366
188,2019-06-15 10:49:15,22.58678,113.988273,10.80057138128708,85.87011302082499,0.1386997983725084
188,2019-06-15 10:49:16,22.586787,113.988378,10.939271179659588,82.50359437165156,0.2934056603598218
188,2019-06-15 10:49:17,22.5868,113.988485,11.23267684001941,82.70580780818307,0.0072889872394501
188,2019-06-15 10:49:18,22.586813,113.988595,11.23996582725886,81.93427026861036,-0.2758596857778581
188,2019-06-15 10:49:19,22.586827,113.988702,10.964106141481002,84.11075722311176,-0.229087056834663
188,2019-06-15 10:49:20,22.586837,113.988807,10.73501908464634,83.9972304304988,0.2610801831723321
188,2019-06-15 10:49:21,22.586847,113.98891,10.996099267818671,83.81852019934092,0.3693363605862281
188,2019-06-15 10:49:22,22.586858,113.98902,11.3654356284049,83.26152394804342,0.14699382521421
188,2019-06-15 10:49:23,22.58687,113.98913,11.51242945361911,84.52506125957325,0.4776707713471779
188,2019-06-15 10:49:24,22.58688,113.989243,11.990100224966287,82.22590879698765,0.3052272838526697
188,2019-06-15 10:49:25,22.586895,113.989362,12.295327508818955,81.1312837494529,0.1226900985383618
188,2019-06-15 10:49:26,22.586912,113.98948,12.41801760735732,78.27255659865858,0.4846533571900124
188,2019-06-15 10:49:27,22.586935,113.9896,12.902670964547331,80.32058899401693,0.0210626952290393
188,2019-06-15 10:49:28,22.586955,113.989727,12.92373365977637,77.28466861697456,-0.2691415393791558
188,2019-06-15 10:49:29,22.58698,113.989847,12.654592120397217,76.30440834453123,0.1626397836976139
188,2019-06-15 10:49:30,22.587007,113.989967,12.817231904094829,77.10476343001756,0.3255255762676299
188,2019-06-15 10:49:31,22.587033,113.99009,13.14275748036246,77.96450243061776,0.2054212720993629
188,2019-06-15 10:49:32,22.587058,113.990217,13.348178752461822,79.45486414864547,-0.3042249530089851
188,2019-06-15 10:49:33,22.58708,113.990345,13.043953799452837,79.93184452686222,-0.3430174464628432
188,2019-06-15 10:49:34,22.5871,113.990467,12.700936352989991,78.3668094993734,0.4068401641353905
188,2019-06-15 10:49:35,22.587123,113.990588,13.107776517125384,78.14577183126244,0.0348072805008037
188,2019-06-15 10:49:36,22.58714800000001,113.990717,13.142583797626187,74.84934392683704,-0.7403532869272436
188,2019-06-15 10:49:37,22.587178,113.990837,12.402230510698944,74.4663026790002,-0.4543921364393579
188,2019-06-15 10:49:38,22.587207,113.99095,11.947838374259586,75.88673133033387,0.0143476423008461
188,2019-06-15 10:49:39,22.587233,113.991062,11.962186016560432,73.95778787278527,-0.038802225167668
188,2019-06-15 10:49:40,22.587263,113.991175,11.923383791392764,73.54365031943905,0.1524257218139357
188,2019-06-15 10:49:41,22.587293,113.991285,12.0758095132067,75.96692317809482,0.4684885192822108
188,2019-06-15 10:49:42,22.58732,113.991402,12.54429803248891,75.8172563865271,0.4888077056635307
188,2019-06-15 10:49:43,22.587348,113.991522,13.03310573815244,75.53983053609517,0.5317729983849979
188,2019-06-15 10:49:44,22.587378,113.991648,13.56487873653744,74.06792532838409,-0.1545263035766524
188,2019-06-15 10:49:45,22.587412,113.991777,13.410352432960789,72.1390588621872,0.2469369046788134
188,2019-06-15 10:49:46,22.587448,113.991898,13.6572893376396,71.82985131052226,0.4528248012221532
188,2019-06-15 10:49:47,22.587488,113.99203,14.110114138861752,69.00476986757144,0.0392914097741545
188,2019-06-15 10:49:48,22.587533,113.992157,14.149405548635908,68.61591948714442,-0.0478531180992298
188,2019-06-15 10:49:49,22.58758,113.992287,14.101552430536678,68.85280428278452,-0.2182655705147294
188,2019-06-15 10:49:50,22.587625,113.99241299999998,13.883286860021949,67.41742159789754,-0.0387007981031377
188,2019-06-15 10:49:51,22.587673,113.99253799999998,13.844586061918813,65.2200060674719,-0.1633616491787464
188,2019-06-15 10:49:52,22.587725,113.99266,13.681224412740065,67.35152495440695,-0.5124194080655489
188,2019-06-15 10:49:53,22.587772,113.992782,13.168805004674516,65.29424880651652,-0.0939847758546221
188,2019-06-15 10:49:54,22.58782,113.992895,13.074820228819894,67.01298810083989,0.138967884133196
188,2019-06-15 10:49:55,22.587867000000006,113.993015,13.21378811295309,64.78399384854293,0.0491151898407906
188,2019-06-15 10:49:56,22.587917,113.99313,13.26290330279388,68.22339254607522,-0.1655364813964723
188,2019-06-15 10:49:57,22.587962,113.993252,13.097366821397408,63.54355010082708,0.022858635131552
188,2019-06-15 10:49:58,22.588013,113.993363,13.12022545652896,65.71105784442835,0.5820119829765726
188,2019-06-15 10:49:59,22.588063,113.993483,13.702237439505533,64.38703409991433,0.3507283604959088
188,2019-06-15 10:50:00,22.588117,113.993605,14.05296580000144,64.51952378251599,0.0686775777703037
188,2019-06-15 10:50:01,22.588172,113.99373,14.121643377771743,66.15942207131013,-0.2563353583393954
188,2019-06-15 10:50:02,22.588223,113.993855,13.86530801943235,64.01592764002248,-0.1165324910213172
188,2019-06-15 10:50:03,22.588277,113.993975,13.748775528411032,66.2371187624791,0.2712930274356182
188,2019-06-15 10:50:04,22.588327,113.994098,14.02006855584665,69.44824328179436,0.109258778588849
188,2019-06-15 10:50:05,22.588372,113.994228,14.1293273344355,68.57996146515018,-0.4887935206024565
188,2019-06-15 10:50:06,22.588418,113.994355,13.640533813833043,65.78385658751841,-0.3810227727750952
188,2019-06-15 10:50:07,22.588467,113.994473,13.259511041057948,65.16256791452986,0.0255824563830184
188,2019-06-15 10:50:08,22.588517,113.99459,13.285093497440966,67.4525701268741,0.0919230064709104
188,2019-06-15 10:50:09,22.588563,113.99471,13.377016503911875,64.48517751950277,0.0455651031150399
188,2019-06-15 10:50:10,22.588615,113.994828,13.422581607026917,65.53070144322226,-0.2796105650980713
188,2019-06-15 10:50:11,22.588665,113.994947,13.142971041928844,64.39425938555928,-0.2330872067200058
188,2019-06-15 10:50:12,22.588715,113.99506,12.90988383520884,65.67360073385441,0.2588417361711332
188,2019-06-15 10:50:13,22.588763,113.995175,13.168725571379971,67.01284706515276,-0.140925023260424
188,2019-06-15 10:50:14,22.58881,113.995295,13.027800548119547,65.10014402483034,-0.9330794258953912
188,2019-06-15 10:50:15,22.588858,113.995407,12.094721122224158,64.23966894080274,-1.2107605660692915
188,2019-06-15 10:50:16,22.588903,113.995508,10.883960556154866,64.29506401527124,-1.375828603683443
188,2019-06-15 10:50:17,22.588943,113.995598,9.508131952471423,67.6426182473225,-1.2290883767054446
188,2019-06-15 10:50:18,22.588973,113.995677,8.279043575765979,67.32660020210255,-2.2211957912462434
188,2019-06-15 10:50:19,22.589,113.995747,6.057847784519735,75.20229515730193,-1.0534993849299266
188,2019-06-15 10:50:20,22.58901,113.995788,5.004348399589809,70.5015827379205,0.1384243428253304
188,2019-06-15 10:50:21,22.589027,113.99584,5.142772742415139,68.85261994477378,-0.6891772374051319
188,2019-06-15 10:50:22,22.589042000000006,113.995882,4.453595505010007,65.48519394723178,-0.0138180985925844
188,2019-06-15 10:50:23,22.589058,113.99592,4.439777406417423,73.18213386831655,-0.0502018466552751
188,2019-06-15 10:50:24,22.58907,113.995963,4.389575559762148,79.26741432781063,-0.4751710203787858
188,2019-06-15 10:50:25,22.589077,113.996003,3.9144045393833617,72.33039365407285,-0.2451160211043181
188,2019-06-15 10:50:26,22.589087,113.99603700000002,3.669288518279044,66.8933957042342,-0.0073265610419466
188,2019-06-15 10:50:27,22.5891,113.99607,3.661961957237097,68.50292624100479,0.1520460870126507
188,2019-06-15 10:50:28,22.589112,113.996103,3.814008044249748,72.15142818865672,0.011534924322758
188,2019-06-15 10:50:29,22.589123,113.99614,3.8255429685725058,63.08312987583423,-0.2119728406546475
188,2019-06-15 10:50:30,22.589138,113.996172,3.613570127917858,63.93497520653239,0.0920241323241741
188,2019-06-15 10:50:31,22.589152,113.996203,3.705594260242032,68.08550537126666,0.2629538221572067
188,2019-06-15 10:50:32,22.589165,113.996238,3.968548082399239,69.16588349319267,0.0205869528206732
188,2019-06-15 10:50:33,22.589178,113.996275,3.989135035219912,66.57596029595686,0.0431591355459213
188,2019-06-15 10:50:34,22.589192,113.99631,4.032294170765834,66.29413132287118,0.0923144711677084
188,2019-06-15 10:50:35,22.589207,113.996347,4.124608641933542,64.29502690131937,0.3516981160533721
188,2019-06-15 10:50:36,22.589223,113.996383,4.476306757986914,62.71720006588061,0.3959960449701265
188,2019-06-15 10:50:37,22.589243,113.996425,4.872302802957041,64.4253479058886,0.212775381398095
188,2019-06-15 10:50:38,22.589262,113.996468,5.085078184355136,61.031927220105445,0.259262493974707
188,2019-06-15 10:50:39,22.589285,113.996513,5.344340678329843,63.115913970943325,-0.0090576931706243
188,2019-06-15 10:50:40,22.589307,113.99656,5.3352829851592185,56.77946792053882,0.3056965624786878
188,2019-06-15 10:50:41,22.589333,113.996603,5.640979547637906,62.493193026438576,0.4900588566600534
188,2019-06-15 10:50:42,22.589358,113.996655,6.13103840429796,64.70351624000983,0.2309525971954125
188,2019-06-15 10:50:43,22.589382,113.99671,6.361991001493372,64.59035416705899,0.2795592521823584
188,2019-06-15 10:50:44,22.589407,113.996767,6.641550253675731,64.85741697840984,0.0943491935649269
188,2019-06-15 10:50:45,22.589433,113.996827,6.735899447240658,63.24279852269007,-0.2802174653899243
188,2019-06-15 10:50:46,22.58946,113.996885,6.455681981850733,69.19154533517371,-0.6665382589718876
188,2019-06-15 10:50:47,22.58948,113.996942,5.789143722878846,67.89495217000916,-0.8182759181774077
188,2019-06-15 10:50:48,22.58949800000001,113.99699,4.970867804701438,68.85255403168401,-0.5380888037461151
188,2019-06-15 10:50:49,22.589513,113.997032,4.432779000955323,74.84911212887602,0.0879680326484431
188,2019-06-15 10:50:50,22.589523,113.997072,4.520747033603766,56.98189479772509,-0.1022308230528574
188,2019-06-15 10:50:51,22.589547,113.99711200000002,4.418516210550909,65.10004432203505,-0.661381283967577
188,2019-06-15 10:50:52,22.589562,113.997147,3.757134926583332,71.82961158998046,-0.1736829307810028
188,2019-06-15 10:50:53,22.589572,113.99718,3.5834519958023288,70.14880738769779,-0.0484916700656983
188,2019-06-15 10:50:54,22.589583,113.997213,3.5349603257366304,71.30072051969682,-0.0179717547809867
188,2019-06-15 10:50:55,22.589593,113.997245,3.516988570955644,71.82960775546405,0.1464200377184634
188,2019-06-15 10:50:56,22.589603,113.997278,3.663408608674107,72.80501012829689,0.2659904313119883
188,2019-06-15 10:50:57,22.589613,113.997313,3.929399039986096,67.71520177086063,0.7820260437418263
188,2019-06-15 10:50:58,22.589627,113.99735,4.711425083727922,74.27251617041475,0.832618591217515
188,2019-06-15 10:50:59,22.58964,113.9974,5.544043674945437,70.84235459434188,0.4655216972338447
188,2019-06-15 10:51:00,22.589657,113.997453,6.009565372179281,69.19151812955806,0.2986238927078064
188,2019-06-15 10:51:01,22.589677,113.99751,6.308189264887088,69.52026861381324,-0.0343250901757334
188,2019-06-15 10:51:02,22.589697,113.997568,6.273864174711354,65.63274168642852,0.2749828820371078
188,2019-06-15 10:51:03,22.58972,113.997623,6.548847056748462,63.18590664157995,0.2679339534337286
188,2019-06-15 10:51:04,22.589748,113.997683,6.816781010182191,60.3146551400003,0.1620160278440794
188,2019-06-15 10:51:05,22.589778,113.99774,6.97879703802627,63.50059933324451,0.17761957452164
188,2019-06-15 10:51:06,22.589807,113.997803,7.15641661254791,63.93485824692925,-0.3252902148029521
188,2019-06-15 10:51:07,22.589835,113.997865,6.831126397744958,62.84008013587669,-0.0952438780807662
188,2019-06-15 10:51:08,22.589862,113.997922,6.735882519664192,65.21967328446925,0.0221645573676365
188,2019-06-15 10:51:09,22.589888,113.997983,6.758047077031828,66.2225618167493,-0.4154664416637104
188,2019-06-15 10:51:10,22.589912,113.998042,6.342580635368118,68.5028062548555,-0.4463208158573026
188,2019-06-15 10:51:11,22.589932,113.998097,5.896259819510815,63.51635743851432,-0.2779310481942207
188,2019-06-15 10:51:12,22.589955,113.998147,5.618328771316595,63.59927380722587,0.1615480442268273
188,2019-06-15 10:51:13,22.589977,113.998195,5.779876815543422,68.50279703400042,0.6439918790108115
188,2019-06-15 10:51:14,22.589997,113.99825,6.423868694554233,69.85412899472914,0.4235149570049072
188,2019-06-15 10:51:15,22.590018,113.998312,6.847383651559141,69.28212353453847,0.5499498817962163
188,2019-06-15 10:51:16,22.59004,113.998375,7.397333533355357,71.92261511829821,0.3055839695232381
188,2019-06-15 10:51:17,22.590062,113.998448,7.702917502878595,72.80494886768872,-0.0934095324972457
188,2019-06-15 10:51:18,22.590082,113.998518,7.609507970381349,68.8524661921449,0.0184592743447842
188,2019-06-15 10:51:19,22.590107,113.99858799999998,7.627967244726133,71.99946542771431,0.0092681168684745
188,2019-06-15 10:51:20,22.590128,113.998658,7.637235361594608,73.25549813387516,0.3279624092787312
188,2019-06-15 10:51:21,22.590148000000006,113.99873,7.965197770873339,74.28738953030506,0.2991638056250041
188,2019-06-15 10:51:22,22.590168,113.998807,8.264361576498343,67.27612104361532,0.2010410962233688
188,2019-06-15 10:51:23,22.590197,113.998882,8.465402672721712,72.70385477916943,0.2677237614165282
188,2019-06-15 10:51:24,22.59022,113.998962,8.73312643413824,73.98191218840202,0.0984081138830763
188,2019-06-15 10:51:25,22.590242,113.999045,8.831534548021317,73.10139109524312,-0.1595034840720028
188,2019-06-15 10:51:26,22.590265,113.999127,8.672031063949314,76.46693139034375,0.0610914128788326
188,2019-06-15 10:51:27,22.590283,113.999208,8.733122476828147,70.3721904241118,-0.0173512628908536
188,2019-06-15 10:51:28,22.59031,113.99929,8.715771213937293,68.50274499639801,-0.5295610778960764
188,2019-06-15 10:51:29,22.590338,113.999367,8.186210136041217,71.92257854149574,-0.3364200493555813
188,2019-06-15 10:51:30,22.59036,113.99944,7.849790086685635,73.47225451491897,-0.081554701850762
188,2019-06-15 10:51:31,22.59038,113.999513,7.768235384834873,73.25546921830875,-0.0491703178182607
188,2019-06-15 10:51:32,22.5904,113.999585,7.719065067016612,73.25546690692153,-0.0491419680840738
188,2019-06-15 10:51:33,22.59042,113.999657,7.669923098932538,73.03308843092157,0.1475062457872251
188,2019-06-15 10:51:34,22.59044,113.999728,7.817429344719764,73.88983265207708,0.2659645813286699
188,2019-06-15 10:51:35,22.59046,113.999803,8.083393926048434,75.79170586561435,0.2072804733156097
188,2019-06-15 10:51:36,22.590478,113.99988,8.290674399364043,77.03855771000298,0.4252874363176815
188,2019-06-15 10:51:37,22.590495,113.99996000000002,8.715961835681725,75.7026318799306,0.1497180451686528
188,2019-06-15 10:51:38,22.590515,114.000045,8.865679880850378,77.49203387858023,0.0998919478523099
188,2019-06-15 10:51:39,22.590532,114.000128,8.965571828702688,76.01826691043232,0.0753708463215083
188,2019-06-15 10:51:40,22.590552,114.000215,9.040942675024196,79.17922266834938,-0.4085500898693368
188,2019-06-15 10:51:41,22.590567,114.0003,8.632392585154859,78.52037211559832,-0.5917574142295869
188,2019-06-15 10:51:42,22.590582,114.00038,8.040635170925272,76.64560275845992,-0.6875269704092286
188,2019-06-15 10:51:43,22.590598,114.000453,7.3531082005160435,79.02161505212047,-0.3356392894045177
188,2019-06-15 10:51:44,22.59061,114.00052,7.017468911111526,78.13173916460403,-0.4148707235487583
188,2019-06-15 10:51:45,22.590623,114.000587,6.602598187562768,74.3517442372812,-0.4683491786527645
188,2019-06-15 10:51:46,22.590638,114.000645,6.134249008910003,74.09099624185478,-0.1695673646115789
188,2019-06-15 10:51:47,22.590653,114.000702,5.964681644298424,79.0534962682072,0.114115892808468
188,2019-06-15 10:51:48,22.590663,114.000758,6.078797537106892,77.77738130806898,0.4332911909735246
188,2019-06-15 10:51:49,22.590675,114.000818,6.512088728080417,82.4069359637927,0.1011782211613328
188,2019-06-15 10:51:50,22.590683,114.000883,6.6132669492417495,78.16035161721413,-0.210234110712455
188,2019-06-15 10:51:51,22.590695,114.000945,6.403032838529295,77.77737856137202,-0.2123943106877641
188,2019-06-15 10:51:52,22.590707,114.001005,6.19063852784153,78.39197709790346,-0.3349539433901451
188,2019-06-15 10:51:53,22.590718,114.001063,5.855684584451385,79.76730834675118,0.2423055545181336
188,2019-06-15 10:51:54,22.590727,114.001117,6.097990138969519,80.24498792913153,-0.1106284151964134
188,2019-06-15 10:51:55,22.590737,114.00118,5.987361723773105,80.53963403130024,-1.141226491418163
188,2019-06-15 10:51:56,22.590745,114.001232,4.846135232354943,79.52319392357833,-0.7775578451150658
188,2019-06-15 10:51:57,22.590752,114.001273,4.068577387239877,80.03825402362452,-0.8378208489419925
188,2019-06-15 10:51:58,22.590758,114.00131,3.2307565382978845,80.16847028871246,-0.7568242121069049
188,2019-06-15 10:51:59,22.590762,114.001335,2.47393232619098,89.99999558047955,-0.3180055296797524
188,2019-06-15 10:52:00,22.590762,114.001358,2.155926796511227,89.99999635372626,-0.1509090399847088
188,2019-06-15 10:52:01,22.590762,114.001377,2.0050177565265184,96.18162892263246,0.461406401656796
188,2019-06-15 10:52:02,22.59076,114.001397,2.4664241581833144,89.99999462148662,0.1025630031338518
188,2019-06-15 10:52:03,22.59076,114.001425,2.568987161317166,95.62344187766904,-0.0994317887647824
188,2019-06-15 10:52:04,22.590758,114.001447,2.469555372552384,92.38543499789796,0.5081960418735685
188,2019-06-15 10:52:05,22.590757,114.001473,2.9777514144259523,89.9999938504842,0.5798026964039922
188,2019-06-15 10:52:06,22.590757,114.001505,3.5575541108299444,80.03825365881892,0.2937922635226186
188,2019-06-15 10:52:07,22.590763,114.001542,3.851346374352563,73.25543274678085,0.0132199837015369
188,2019-06-15 10:52:08,22.590773,114.001578,3.8645663580541,78.41972551455808,-0.2285970997178279
188,2019-06-15 10:52:09,22.59078,114.001615,3.635969258336272,84.37654664082282,-0.0713775275443415
188,2019-06-15 10:52:10,22.590783,114.001648,3.5645917307919306,72.80487144490519,0.0741442335941204
188,2019-06-15 10:52:11,22.590793,114.001683,3.638735964386051,80.94994015851836,-0.0345688543676616
188,2019-06-15 10:52:12,22.590798,114.001717,3.604167110018389,77.777374702521,-0.1065426454964701
188,2019-06-15 10:52:13,22.590805,114.001752,3.497624464521919,95.6234415718933,-0.1592198100340396
188,2019-06-15 10:52:14,22.590802,114.001785,3.33840465448788,80.39454902203516,-0.0471952545406351
188,2019-06-15 10:52:15,22.590807,114.001817,3.2912093999472445,78.16034746452681,0.3294241695846769
188,2019-06-15 10:52:16,22.590813,114.001848,3.6206335695319214,86.82083224918733,0.4360847583657299
188,2019-06-15 10:52:17,22.590815,114.001887,4.056718327897651,89.99999231711126,0.0592055376197455
188,2019-06-15 10:52:18,22.590815,114.001927,4.115923865517397,82.28970803539033,0.5635133541724926
188,2019-06-15 10:52:19,22.59082,114.001967,4.6794372196898895,89.99999020469625,0.1999133548987934
188,2019-06-15 10:52:20,22.59082,114.002018,4.879350574588683,85.77647661097421,0.2036910748241096
188,2019-06-15 10:52:21,22.590823,114.002062,5.083041649412793,91.12815868855172,0.1026389432332504
188,2019-06-15 10:52:22,22.590822,114.002117,5.185680592646043,85.95948530385112,-0.5574835157860552
188,2019-06-15 10:52:23,22.590825,114.002163,4.628197076859988,87.18147948133196,0.5061637945866728
188,2019-06-15 10:52:24,22.590827,114.002207,5.134360871446661,89.99998924296796,0.5123850994400891
188,2019-06-15 10:52:25,22.590827,114.002263,5.64674597088675,88.85093386278004,-0.2466184412967003
188,2019-06-15 10:52:26,22.590828,114.002317,5.4001275295900495,83.93865167369279,0.1714902761165273
188,2019-06-15 10:52:27,22.590833,114.002368,5.571617805706577,84.57265444321138,-0.2189681476394946
188,2019-06-15 10:52:28,22.590838,114.002425,5.352649658067082,87.36112072824545,-0.5775195875754378
188,2019-06-15 10:52:29,22.59084,114.002472,4.775130070491644,89.99999116524486,0.1539541617656743
188,2019-06-15 10:52:30,22.59084,114.002518,4.929084232257319,87.51924823011325,0.5704230309131573
188,2019-06-15 10:52:31,22.590842,114.002568,5.499507263170476,86.73734440503983,0.405978022399073
188,2019-06-15 10:52:32,22.590845,114.002625,5.905485285569549,89.99998885842217,0.152659332295924
188,2019-06-15 10:52:33,22.590845,114.002683,6.058144617865473,92.06766836912828,0.2052927827247206
188,2019-06-15 10:52:34,22.590843,114.002743,6.263437400590194,89.9999880937246,-0.0009870551603272
188,2019-06-15 10:52:35,22.590843,114.002805,6.262450345429866,89.99998847648698,0.2576059989202752
188,2019-06-15 10:52:36,22.590843,114.002865,6.520056344350142,88.14817432565991,-0.0918196098790087
188,2019-06-15 10:52:37,22.590845,114.002932,6.428236734471133,84.66568404654618,-0.7236564737393145
188,2019-06-15 10:52:38,22.59085,114.00299,5.704580260731818,89.99998981833807,-0.468761384573086
188,2019-06-15 10:52:39,22.59085,114.003043,5.235818876158732,89.9999905863366,-0.409371365204711
188,2019-06-15 10:52:40,22.59085,114.003092,4.826447510954021,92.7559679363124,0.1214140750756351
188,2019-06-15 10:52:41,22.590848,114.003137,4.947861586029656,97.26171972269566,0.5275455885010647
188,2019-06-15 10:52:42,22.590842,114.003188,5.475407174530721,95.62343881247324,0.1931924451926416
188,2019-06-15 10:52:43,22.590837,114.003243,5.668599619723363,94.50394994969986,-0.0690413146564035
188,2019-06-15 10:52:44,22.590833,114.003298,5.599558305066959,89.99998963041071,0.149845701356484
188,2019-06-15 10:52:45,22.590833,114.003352,5.749404006423443,91.06981853589603,0.0577202729419727
188,2019-06-15 10:52:46,22.590832,114.00341,5.807124279365416,94.5039497904047,-0.0362547559859569
188,2019-06-15 10:52:47,22.590828,114.003465,5.770869523379459,95.42732326540238,0.4139584847803794
188,2019-06-15 10:52:48,22.590823,114.003522,6.184828008159839,94.91309505575208,0.5673608964801744
188,2019-06-15 10:52:49,22.590818,114.00358500000002,6.752188904640013,95.45905393028649,0.3872038759206866
188,2019-06-15 10:52:50,22.590812,114.003653,7.1393927805607,98.79556880701898,0.2258377137070644
188,2019-06-15 10:52:51,22.590802,114.003723,7.365230494267764,97.71026934181693,0.1244233915392198
188,2019-06-15 10:52:52,22.590793,114.003795,7.489653885806984,95.087176841545,0.5440661343604276
188,2019-06-15 10:52:53,22.590787,114.003868,8.033720020167411,100.47678478925276,-0.3176434773115932
188,2019-06-15 10:52:54,22.590773,114.00395,7.716076542855818,104.03338040480668,-0.4632801449650259
188,2019-06-15 10:52:55,22.590758,114.004015,7.252796397890792,100.91721737925798,0.7033894939752807
188,2019-06-15 10:52:56,22.590745,114.004088,7.956185891866073,101.620993389585,0.5949872988270437
188,2019-06-15 10:52:57,22.59073,114.004167,8.551173190693117,98.69367345554588,0.3113423399326205
188,2019-06-15 10:52:58,22.590718,114.004252,8.862515530625737,97.17815335728268,-0.0429474325271641
188,2019-06-15 10:52:59,22.590708,114.004338,8.819568098098573,99.51562199199616,-0.2779772985800157
188,2019-06-15 10:53:00,22.590695,114.004422,8.541590799518557,99.9820554146316,-0.4343270783592601
188,2019-06-15 10:53:01,22.590682,114.004502,8.107263721159297,102.22259323140156,-0.385138760977556
188,2019-06-15 10:53:02,22.590667,114.004577,7.722124960181741,108.7987624614314,-0.166550648500471
188,2019-06-15 10:53:03,22.590645,114.004647,7.55557431168127,104.53848525064302,-0.1281146450875656
188,2019-06-15 10:53:04,22.590628,114.004718,7.427459666593704,101.37313564452428,-0.2797099007192853
188,2019-06-15 10:53:05,22.590615,114.004788,7.147749765874419,99.18281893885136,-0.7560675953003031
188,2019-06-15 10:53:06,22.590605,114.004855,6.391682170574116,104.35965685034444,-0.5693810885338833
188,2019-06-15 10:53:07,22.590592,114.00491,5.822301082040233,111.22029218488352,0.0978365215675829
188,2019-06-15 10:53:08,22.590573000000006,114.004963,5.920137603607816,103.87560726765122,0.753476257326561
188,2019-06-15 10:53:09,22.59056,114.00502,6.673613860934377,107.6697634065676,0.8169370462604979
188,2019-06-15 10:53:10,22.59054,114.005088,7.490550907194875,105.15097269161085,0.0832621093341812
188,2019-06-15 10:53:11,22.590522,114.00516,7.573813016529056,106.38252659191431,-0.0673894485852777
188,2019-06-15 10:53:12,22.590503,114.00523,7.506423567943778,107.1950737088091,0.1634963171505798
188,2019-06-15 10:53:13,22.590483,114.0053,7.669919885094358,106.52772912387218,-0.0298798473892336
188,2019-06-15 10:53:14,22.590463,114.005373,7.640040037705124,99.39580171709918,-0.4715541851819944
188,2019-06-15 10:53:15,22.590452,114.005445,7.16848585252313,103.1312994467114,0.4592058410729311
188,2019-06-15 10:53:16,22.590438,114.00551000000002,7.627691693596061,102.22257122994938,0.7128924272001633
188,2019-06-15 10:53:17,22.590422,114.00558999999998,8.340584120796224,104.77968596268369,0.0629791853703061
188,2019-06-15 10:53:18,22.590403,114.005668,8.40356330616653,99.74329275282804,-0.3772121855575303
188,2019-06-15 10:53:19,22.59039,114.00575,8.026351120609,100.23264283186836,-1.6659282406885074
188,2019-06-15 10:53:20,22.590378,114.005822,6.360422879920493,99.83148829385745,-2.0767353305621388
188,2019-06-15 10:53:21,22.59037,114.005872,4.283687549358354,89.99999366004107,-0.612094097142625
188,2019-06-15 10:53:22,22.59037,114.005905,3.671593452215729,102.84503509348929,0.3850998514805801
188,2019-06-15 10:53:23,22.590362,114.005943,4.056693303696309,113.70603135655163,0.2674373899564086
188,2019-06-15 10:53:24,22.590347,114.00598,4.324130693652718,107.195061230892,0.3860181551849964
188,2019-06-15 10:53:25,22.590335,114.006022,4.710148848837714,105.77752637291326,0.2015777079829313
188,2019-06-15 10:53:26,22.590323,114.006068,4.911726556820645,113.8974845653708,0.2618341891752251
188,2019-06-15 10:53:27,22.590305,114.00611200000002,5.173560745995871,114.28926196692578,0.4228998782055084
188,2019-06-15 10:53:28,22.590285,114.00616,5.596460624201379,104.35962486266028,0.2912279941741502
188,2019-06-15 10:53:29,22.590272,114.006215,5.887688618375529,108.5093227243742,0.4085910928388188
188,2019-06-15 10:53:30,22.590255,114.00627,6.296279711214348,106.54030632867295,0.3105926945635353
188,2019-06-15 10:53:31,22.590238,114.006332,6.606872405777883,107.72403923092884,-0.0948190389633332
188,2019-06-15 10:53:32,22.59022,114.006393,6.51205336681455,110.16082598225074,0.4732160535817211
188,2019-06-15 10:53:33,22.5902,114.006452,6.985269420396271,107.1950381085843,0.5273537634888639
188,2019-06-15 10:53:34,22.59018,114.006522,7.512623183885135,111.71235342031116,-0.2362116718674647
188,2019-06-15 10:53:35,22.590155,114.00659,7.2764115120176704,113.25808568324544,0.1594866823746068
188,2019-06-15 10:53:36,22.59013,114.006653,7.435898194392277,113.42416082888326,0.7901866030935212
188,2019-06-15 10:53:37,22.590102,114.006723,8.226084797485798,116.8141261361592,0.9139993019158564
188,2019-06-15 10:53:38,22.590067,114.006798,9.140084099401657,116.69630782740568,0.4611575183582879
188,2019-06-15 10:53:39,22.590028,114.006882,9.601241617759944,114.03597892509072,0.0232602707972748
188,2019-06-15 10:53:40,22.589993,114.006967,9.624501888557218,114.38904219997004,0.2346429270880961
188,2019-06-15 10:53:41,22.589957,114.007053,9.859144815645314,112.84103680072307,0.4901739621432952
188,2019-06-15 10:53:42,22.589922,114.007143,10.349318777788609,113.97182729791126,0.3019377743771905
188,2019-06-15 10:53:43,22.589883,114.007238,10.6512565521658,113.42411778597476,-0.2313191251723267
188,2019-06-15 10:53:44,22.589845,114.007333,10.419937426993473,119.25851400961255,-0.3491760885118111
188,2019-06-15 10:53:45,22.5898,114.00742,10.07076133848166,121.83196184368204,-0.3509217873940233
188,2019-06-15 10:53:46,22.589753,114.007502,9.719839551087638,130.50635601049146,0.4277179262907662
188,2019-06-15 10:53:47,22.589697,114.007573,10.147557477378404,132.43670729462502,0.2083711199061877
188,2019-06-15 10:53:48,22.589632,114.00765,10.355928597284592,140.72498355772484,0.1093016853224497
188,2019-06-15 10:53:49,22.589562,114.007712,10.465230282607042,140.06702914811757,0.6614188888982149
188,2019-06-15 10:53:50,22.589487,114.00778,11.126649171505257,138.80373258088457,0.1545714763307426
188,2019-06-15 10:53:51,22.58941,114.007853,11.281220647836,136.51167617837558,0.2096713935619671
188,2019-06-15 10:53:52,22.589337,114.007928,11.490892041397966,136.5513159958055,0.2674183838314725
188,2019-06-15 10:53:53,22.58926,114.008007,11.75831042522944,136.9155760447352,-0.2700544436349972
188,2019-06-15 10:53:54,22.589183,114.008085,11.488255981594442,140.35527171440765,0.0142527843443485
188,2019-06-15 10:53:55,22.589105,114.008155,11.50250876593879,143.54941649752254,0.2144324379879396
188,2019-06-15 10:53:56,22.58902,114.008223,11.71694120392673,139.50140642469688,-0.2031849329437598
188,2019-06-15 10:53:57,22.58894,114.008297,11.51375627098297,139.95542747686557,-0.0660977767262291
188,2019-06-15 10:53:58,22.588862,114.008368,11.44765849425674,140.2748738246159,0.1085771687416805
188,2019-06-15 10:53:59,22.588782,114.00844,11.556235662998422,139.53041072640684,2.7852143524853545e-06
188,2019-06-15 10:54:00,22.588703,114.008513,11.556238448212774,140.27484130668694,-0.1604444104521789
188,2019-06-15 10:54:01,22.588623,114.008585,11.395794037760597,138.82403392636138,0.2475061401001514
188,2019-06-15 10:54:02,22.588547,114.008657,11.643300177860748,171.40162874290934,0.0002198989454397
188,2019-06-15 10:57:18,22.568235,114.011983,11.686400371166943,172.1139321274727,3.767476851833546
188,2019-06-15 10:57:19,22.568075,114.012007,15.45387722300049,162.6039702285567,-3.6450365561682734
188,2019-06-15 10:57:20,22.567963,114.012045,11.808840666832216,136.50722331217685,1.639642423591221
188,2019-06-15 10:57:21,22.56789,114.01212,13.448483090423435,159.65931799810153,2.470797131933727
188,2019-06-15 10:57:22,22.567753,114.012175,15.919280222357164,157.95759738963602,-0.5162254836754361
188,2019-06-15 10:57:23,22.567623,114.012232,15.403054738681728,151.88821481404136,-0.0016241601884416
188,2019-06-15 10:57:24,22.567502,114.012302,15.401430578493288,152.46739434667245,0.0347302521254757
188,2019-06-15 10:57:25,22.567378,114.012372,15.436160830618762,155.04232553963493,-0.5166555706484655
188,2019-06-15 10:57:26,22.567253,114.012435,14.919505259970297,151.71980666163313,-0.3256326324080749
188,2019-06-15 10:57:27,22.567138,114.012502,14.593872627562222,151.57234902357254,0.3181107932428482
188,2019-06-15 10:57:28,22.567022,114.01257,14.91198342080507,150.8072410575062,0.0748497576886499
188,2019-06-15 10:57:29,22.566903,114.012642,14.98683317849372,150.5246641725002,0.2429591312067973
188,2019-06-15 10:57:30,22.566787,114.012713,15.229792309700516,151.8003533466815,0.5169074447406725
188,2019-06-15 10:57:31,22.566663,114.012785,15.74669975444119,153.8686020960556,0.1293614435533054
188,2019-06-15 10:57:32,22.566535,114.012853,15.876061197994495,153.5363630639239,0.0325554145204911
188,2019-06-15 10:57:33,22.566407,114.012922,15.908616612514988,155.21637170993017,0.1833568908675253
188,2019-06-15 10:57:34,22.566277,114.012987,16.091973503382512,159.32031419110126,-0.1966765261441878
188,2019-06-15 10:57:35,22.56614,114.013043,15.895296977238324,146.68057164635752,-0.1767613865641628
188,2019-06-15 10:57:36,22.566022,114.013127,15.71853559067416,155.89087771619802,0.1527916825555593
188,2019-06-15 10:57:37,22.565892,114.01319,15.87132727322972,154.37687788631422,0.2226471349229903
188,2019-06-15 10:57:38,22.565763,114.013257,16.09397440815271,152.59111789916926,0.3491342677016682
188,2019-06-15 10:57:39,22.565633,114.01333,16.44310867585438,155.53775122304023,0.2504669284023428
188,2019-06-15 10:57:40,22.565497,114.013397,16.693575604256722,153.46507260185808,-0.0583822977052399
188,2019-06-15 10:57:41,22.565362,114.01347,16.635193306551482,157.31952667718144,-0.1962103190666759
188,2019-06-15 10:57:42,22.565225,114.013532,16.438982987484806,161.74736550927923,-0.0787925523126062
188,2019-06-15 10:57:43,22.565085,114.013582,16.3601904351722,162.43170319471267,0.0824191595728152
188,2019-06-15 10:57:44,22.564945,114.01363,16.442609594745015,163.7964024567409,0.234276890889177
188,2019-06-15 10:57:45,22.564802,114.013675,16.676886485634192,166.57394420499975,0.3637969523975037
188,2019-06-15 10:57:46,22.564655,114.013713,17.040683438031696,164.84354104603722,0.6180590374661108
188,2019-06-15 10:57:47,22.564505,114.013757,17.658742475497807,166.84145907856714,0.4467088842125548
188,2019-06-15 10:57:48,22.564347,114.013797,18.10545135971036,168.2623019766022,0.3483308338081308
188,2019-06-15 10:57:49,22.564187,114.013833,18.45378219351849,168.30071808513844,0.565246905827987
188,2019-06-15 10:57:50,22.564022,114.01387,19.01902909934648,168.33688302622,0.4558019442395071
188,2019-06-15 10:57:51,22.563852,114.013908,19.474831043585983,166.70855487603444,-0.0744836936985358
188,2019-06-15 10:57:52,22.56368,114.013952,19.40034734988745,167.29960686105233,-0.2075753836000125
188,2019-06-15 10:57:53,22.563512,114.013993,19.19277196628744,169.2352158520107,-0.2786345111439701
188,2019-06-15 10:57:54,22.563342,114.014028,18.914137455143468,168.8510681976761,-0.5455410520110497
188,2019-06-15 10:57:55,22.563178,114.014063,18.36859640313242,168.57957032842717,-0.7082307491430413
188,2019-06-15 10:57:56,22.563018,114.014098,17.660365653989377,167.9183306902978,-0.5763955952409034
188,2019-06-15 10:57:57,22.562867,114.014133,17.083970058748474,167.0844842903199,-0.7277657123846879
188,2019-06-15 10:57:58,22.562718,114.01417,16.356204346363786,167.5473584173635,-1.2719983386644582
188,2019-06-15 10:57:59,22.56258,114.014203,15.084206007699327,167.69423848847805,-1.1429675079085264
188,2019-06-15 10:58:00,22.562453,114.014233,13.9412384997908,163.5875178317832,-0.415048639394076
188,2019-06-15 10:58:01,22.562337,114.01427,13.526189860396723,168.26213901678864,-0.1211104001918101
188,2019-06-15 10:58:02,22.562217,114.014297,13.405079460204917,170.588787571392,-0.5653757822906798
188,2019-06-15 10:58:03,22.5621,114.014318,12.839703677914237,168.14689379743174,-0.5558225880822683
188,2019-06-15 10:58:04,22.56199,114.014343,12.283881089831969,170.2066533280573,-0.4910710037283667
188,2019-06-15 10:58:05,22.561883,114.014363,11.7928100861036,167.12448906416466,0.0419492830024488
188,2019-06-15 10:58:06,22.561782,114.01438799999998,11.834759369106049,168.29765087643543,0.6169686152525102
188,2019-06-15 10:58:07,22.561675,114.014412,12.45172798435856,163.18382657516088,0.5349430791528196
188,2019-06-15 10:58:08,22.561565,114.014448,12.98667106351138,157.63953314800904,0.4218465338814852
188,2019-06-15 10:58:09,22.561455,114.014497,13.408517597392864,154.03761325275264,0.0959696058003771
188,2019-06-15 10:58:10,22.561345000000006,114.014555,13.50448720319324,153.62145614804194,0.0456016531732732
188,2019-06-15 10:58:11,22.561237,114.01461299999998,13.550088856366514,153.2650852494678,0.5795763008647512
188,2019-06-15 10:58:12,22.561127,114.014673,14.129665157231264,150.44485665538593,0.2773734205689173
188,2019-06-15 10:58:13,22.561013,114.014743,14.407038577800185,144.86985769021305,-0.051374628799504
188,2019-06-15 10:58:14,22.560908,114.014823,14.35566394900068,140.2691555937427,0.2683875591037576
188,2019-06-15 10:58:15,22.560808,114.014913,14.624051508104436,138.73951974442446,0.4767626621679497
188,2019-06-15 10:58:16,22.560708,114.015008,15.100814170272386,136.1568126838261,0.2569763061487364
188,2019-06-15 10:58:17,22.560608,114.01511200000002,15.357790476421124,132.47454127138883,0.2295831963163888
188,2019-06-15 10:58:18,22.560515,114.015222,15.587373672737511,129.08174216784448,0.3153213625099305
188,2019-06-15 10:58:19,22.560425,114.015342,15.902695035247442,126.36599542467218,-0.0839953356402301
188,2019-06-15 10:58:20,22.56034,114.015467,15.818699699607212,124.50979211510162,-0.1925796684942309
188,2019-06-15 10:58:21,22.56026,114.015593,15.62612003111298,120.95278536745263,-0.4458807124314248
188,2019-06-15 10:58:22,22.560188,114.015723,15.180239318681556,115.78627007792976,-0.1469464836739451
188,2019-06-15 10:58:23,22.56013,114.015853,15.033292835007613,114.570277500133,-0.133478040959531
188,2019-06-15 10:58:24,22.560073000000006,114.015988,14.89981479404808,111.49292355526823,-0.5812747630091675
188,2019-06-15 10:58:25,22.560025,114.01612,14.318540031038912,106.0199459685864,-0.1695448744982108
188,2019-06-15 10:58:26,22.55999,114.016252,14.148995156540702,102.65819619215466,-0.189092432035169
188,2019-06-15 10:58:27,22.559962,114.016387,13.959902724505532,101.22101359026692,-0.1227645250994822
188,2019-06-15 10:58:28,22.559938,114.016518,13.83713819940605,97.31329070410165,-0.0582527342618828
188,2019-06-15 10:58:29,22.559922,114.016653,13.778885465144167,94.22254603160218,-0.4643016236792849
188,2019-06-15 10:58:30,22.559913,114.016785,13.314583841464882,91.46524850862828,-0.3750519421098435
188,2019-06-15 10:58:31,22.55991,114.016912,12.93953189935504,89.99997602173812,0.4614742814771393
188,2019-06-15 10:58:32,22.55991,114.01703700000002,13.401006180832178,90.91229988775352,0.9754872866384172
188,2019-06-15 10:58:33,22.559908,114.017173,14.376493467470596,89.99997237756713,0.6182638377097494
188,2019-06-15 10:58:34,22.559908,114.017317,14.994757305180345,87.90484475493378,0.4130834386854083
188,2019-06-15 10:58:35,22.559913,114.017465,15.407840743865751,89.1836653911447,0.4067083424616058
188,2019-06-15 10:58:36,22.559915,114.017617,15.81454908632736,91.9877430739358,0.1021947018928255
188,2019-06-15 10:58:37,22.55991,114.017773,15.916743788220185,88.79151180364761,0.2096807654603338
188,2019-06-15 10:58:38,22.559913,114.017927,16.12642455368052,88.44926273698104,1.2283389501911692
188,2019-06-15 10:58:39,22.559917,114.018087,17.354763503871688,92.43840205348454,0.5147913035364091
188,2019-06-15 10:58:40,22.55991,114.018265,17.869554807408097,89.27008439125342,-0.5147913035364091
188,2019-06-15 10:58:41,22.559912,114.018435,17.354763503871688,89.63066686455619,-0.4082630550035375
188,2019-06-15 10:58:42,22.559913,114.018603,16.94650044886815,88.08576128528352,-0.2904515299510883
188,2019-06-15 10:58:43,22.559918,114.018765,16.65604891891706,86.17581711318803,0.0752199218172542
188,2019-06-15 10:58:44,22.559928,114.018927,16.731268840734316,85.4419942883618,0.2837385169720186
188,2019-06-15 10:58:45,22.55994,114.01909,17.015007357706335,88.89218753128262,0.2933232594827615
188,2019-06-15 10:58:46,22.559943,114.019258,17.308330617189096,88.1649908766858,0.2597986577578659
188,2019-06-15 10:58:47,22.559948,114.019427,17.568129274946962,88.20738924199884,0.560151704347092
188,2019-06-15 10:58:48,22.559953,114.0196,18.12828097929405,89.31062728587176,0.4662223905446225
188,2019-06-15 10:58:49,22.559955,114.01978,18.59450336983868,87.27483801365565,-0.1864635570498372
188,2019-06-15 10:58:50,22.559963,114.019962,18.40803981278884,86.47920908500828,-0.0812707905884231
188,2019-06-15 10:58:51,22.559973,114.020138,18.326769022200416,85.18572616101142,0.422293127329084
188,2019-06-15 10:58:52,22.559987,114.020318,18.7490621495295,85.62498289928487,0.0426252900270824
188,2019-06-15 10:58:53,22.56,114.020502,18.791687439556583,85.893632263673,-0.242751296558783
188,2019-06-15 10:58:54,22.560012,114.020683,18.5489361429978,84.47140379959359,0.5020766060032891
188,2019-06-15 10:58:55,22.560028,114.020862,19.05101274900109,83.49713835109975,0.1247848076500552
188,2019-06-15 10:58:56,22.560048,114.021052,19.175797556651144,80.77401763682474,-0.4844351268911318
188,2019-06-15 10:58:57,22.560075,114.021232,18.69136242976001,82.12220559985974,0.2790859457081893
188,2019-06-15 10:58:58,22.560098,114.021412,18.9704483754682,80.04039602202266,0.4688514185931289
188,2019-06-15 10:58:59,22.560128,114.021597,19.43929979406133,80.1962144636658,-0.1292315493503864
188,2019-06-15 10:59:00,22.560158,114.021785,19.310068244710944,80.92271647593554,-0.1332211274464185
188,2019-06-15 10:59:01,22.560185,114.021968,19.17684711726453,79.3910353718444,0.1818200792650373
188,2019-06-15 10:59:02,22.560217,114.022153,19.358667196529563,78.42219400820773,0.0327807473090224
188,2019-06-15 10:59:03,22.560252,114.022338,19.391447943838585,78.42219115085345,-0.1043141670386624
188,2019-06-15 10:59:04,22.560287,114.022523,19.287133776799923,79.98734709745474,-0.1703450061848563
188,2019-06-15 10:59:05,22.560317,114.022707,19.116788770615067,80.59241688902603,-0.536797377924767
188,2019-06-15 10:59:06,22.560345,114.02289,18.5799913926903,78.67357431053694,-0.2717951622069243
188,2019-06-15 10:59:07,22.560377,114.023063,18.30819623048337,79.26111033987502,-0.0503959723601319
188,2019-06-15 10:59:08,22.560408,114.02324,18.257800258123243,78.60943493789148,-0.7828638606972689
188,2019-06-15 10:59:09,22.56044,114.023412,17.474936397425974,77.48581151977038,-0.4016565445424369
188,2019-06-15 10:59:10,22.560473,114.023573,17.073279852883537,78.0693636216958,-0.0501799685318822
188,2019-06-15 10:59:11,22.560505,114.023737,17.023099884351655,77.4100785425943,-0.0887726669950836
188,2019-06-15 10:59:12,22.560538,114.023897,16.93432721735657,76.02534641463438,0.3753496401298761
188,2019-06-15 10:59:13,22.560575,114.024058,17.309676857486448,77.21338361566518,0.3249757138946947
188,2019-06-15 10:59:14,22.56061,114.024225,17.634652571381142,77.28701032768004,0.124896410117298
188,2019-06-15 10:59:15,22.560645,114.024393,17.75954898149844,76.66266374431228,-0.2839545601166477
188,2019-06-15 10:59:16,22.560682,114.02456200000002,17.475594421381793,74.94191175323533,-0.0857618050962614
188,2019-06-15 10:59:17,22.560722,114.024723,17.38983261628553,76.15795648608639,0.4080395199008002
188,2019-06-15 10:59:18,22.56076,114.02488999999998,17.79787213618633,76.73832768844147,-0.1995938727080677
188,2019-06-15 10:59:19,22.560797,114.02506,17.598278263478264,75.83179384369373,0.04026020706603
188,2019-06-15 10:59:20,22.560835,114.025223,17.638538470544294,75.7055653182058,0.4350035517150878
188,2019-06-15 10:59:21,22.560875,114.025393,18.07354202225938,76.88716378888154,0.0987185123326135
188,2019-06-15 10:59:22,22.560912,114.025565,18.172260534591995,77.30120262467574,0.150165049882208
188,2019-06-15 10:59:23,22.560948,114.025738,18.322425584474203,77.10437061637634,0.0749494626230244
188,2019-06-15 10:59:24,22.560985,114.025913,18.397375047097228,76.69459729462386,-0.2419441265373016
188,2019-06-15 10:59:25,22.561023,114.02608700000002,18.15543092055993,73.82492026623925,-0.2884474095352622
188,2019-06-15 10:59:26,22.561068,114.026255,17.866983511024664,74.76556677183703,-0.1014142367933459
188,2019-06-15 10:59:27,22.56111,114.026422,17.765569274231318,76.23717022356152,-0.0434491533513714
188,2019-06-15 10:59:28,22.561148,114.02658999999998,17.722120120879946,77.28696234684821,-0.1876759577433056
188,2019-06-15 10:59:29,22.561183,114.026758,17.53444416313664,77.06352429143931,-0.0623537146990607
188,2019-06-15 10:59:30,22.561218,114.026923,17.47209044843758,77.56713944510813,0.0918783198085755
188,2019-06-15 10:59:31,22.561252,114.02709,17.563968768246156,79.05575280178789,0.0868782816235622
188,2019-06-15 10:59:32,22.561282,114.027258,17.650847049869718,79.88728568016211,0.3336610211073818
188,2019-06-15 10:59:33,22.56131,114.027428,17.9845080709771,78.39436274586956,0.3235647398247074
188,2019-06-15 10:59:34,22.561343,114.027602,18.308072810801807,79.54198155545589,0.2212788566734111
188,2019-06-15 10:59:35,22.561373,114.027778,18.52935166747522,79.71347940144261,0.2933418297889716
188,2019-06-15 10:59:36,22.561403,114.027957,18.82269349726419,78.50214234818066,0.1832536990050144
188,2019-06-15 10:59:37,22.561437,114.02813799999998,19.005947196269204,78.8915201342777,0.4427605893721811
188,2019-06-15 10:59:38,22.56147,114.02832,19.448707785641385,79.34831133335797,0.0609572259546631
188,2019-06-15 10:59:39,22.561503,114.02851,19.50966501159605,78.62449965046778,-0.1825774910080966
188,2019-06-15 10:59:40,22.561537,114.028693,19.327087520587952,80.14471476799582,-0.0586293378588997
188,2019-06-15 10:59:41,22.561567,114.02888,19.26845818272905,80.59233314207393,-0.2806204841863575
188,2019-06-15 10:59:42,22.561595,114.029063,18.98783769854269,80.87358527320816,-0.0506742427773971
188,2019-06-15 10:59:43,22.561622,114.029245,18.937163455765297,80.54157085018369,-0.0506704581908259
188,2019-06-15 10:59:44,22.56165,114.029427,18.88649299757447,80.82401532858933,-0.354567461516087
188,2019-06-15 10:59:45,22.561677,114.029608,18.531925536058385,80.17047472700824,-0.344942130988759
188,2019-06-15 10:59:46,22.561705,114.029783,18.186983405069626,80.1150928316739,-0.6447202678294772
188,2019-06-15 10:59:47,22.561733,114.029957,17.54226313724015,80.9408734146806,-1.1596680822327627
188,2019-06-15 10:59:48,22.561757,114.03012,16.382595055007386,80.69439013417451,-0.649213411845091
188,2019-06-15 10:59:49,22.56178,114.030272,15.733381643162296,79.76939253809957,-0.7078856807054912
188,2019-06-15 10:59:50,22.561805,114.030422,15.025495962456803,79.76939309286166,-0.6665743327360758
188,2019-06-15 10:59:51,22.561828,114.03056,14.358921629720728,79.25853813991165,-0.3735640050788049
188,2019-06-15 10:59:52,22.561852,114.030697,13.985357624641924,80.15207951558887,-0.2723179759952998
188,2019-06-15 10:59:53,22.561873,114.030828,13.713039648646625,79.76938934312648,0.0703060663836687
188,2019-06-15 10:59:54,22.561895,114.03096,13.783345715030292,79.31484372502814,-0.0504884096698727
188,2019-06-15 10:59:55,22.561918,114.031092,13.73285730536042,79.69295801184819,-0.7154190704373633
188,2019-06-15 10:59:56,22.56194,114.031223,13.017438234923056,81.20620787280285,-0.457865096192199
188,2019-06-15 10:59:57,22.561957,114.031342,12.559573138730856,81.98192267531465,0.4818519648907866
188,2019-06-15 10:59:58,22.561973,114.031465,13.041425103621645,80.39650194909473,0.4915541282060722
188,2019-06-15 10:59:59,22.561993,114.031593,13.532979231827715,80.68233296971385,0.5436340126726176
188,2019-06-15 11:00:00,22.562013,114.031725,14.076613244500331,79.3345685584527,0.4542053255064378
188,2019-06-15 11:00:01,22.562037,114.031863,14.53081857000677,79.0556975734736,0.0707386790995876
188,2019-06-15 11:00:02,22.562062,114.032003,14.601557249106358,80.77389308402525,0.1011056341565588
188,2019-06-15 11:00:03,22.562083,114.032143,14.702662883262915,79.2061922901778,-0.3942511220054516
188,2019-06-15 11:00:04,22.562108,114.03228500000002,14.308411761257464,79.76937227241223,-0.6260547943387529
188,2019-06-15 11:00:05,22.56213,114.032417,13.682356966918713,79.15430977194626,-0.1807772384419497
188,2019-06-15 11:00:06,22.562153,114.032547,13.501579728476765,78.52266648900286,0.3728195587421368
188,2019-06-15 11:00:07,22.562177,114.032675,13.8743992872189,81.08077781752564,0.7708314382696884
188,2019-06-15 11:00:08,22.562197,114.032813,14.645230725488588,84.45474587506817,0.7133902356036188
188,2019-06-15 11:00:09,22.56221,114.032958,15.358620961092209,81.89081018172772,0.4739008074983033
188,2019-06-15 11:00:10,22.56223,114.03311,15.83252176859051,81.14961428110792,-0.2097746740362911
188,2019-06-15 11:00:11,22.562252,114.033263,15.62274709455422,79.56511280192535,-0.2623917060147338
188,2019-06-15 11:00:12,22.562277,114.03341,15.360355388539483,81.2646790331969,-0.2426747025631819
188,2019-06-15 11:00:13,22.562298,114.033558,15.117680685976303,83.99000870939739,-0.493777075493746
188,2019-06-15 11:00:14,22.562312,114.033702,14.623903610482555,79.7693562716612,0.1694683715728029
188,2019-06-15 11:00:15,22.562335,114.03383999999998,14.79337198205536,78.59972277873226,-0.3024520015763237
188,2019-06-15 11:00:16,22.562362,114.03398500000002,14.490919980479037,79.31480837197978,-1.230049306608317
188,2019-06-15 11:00:17,22.562385,114.034117,13.26087067387072,77.38855440695534,-0.304040233985491
188,2019-06-15 11:00:18,22.56241,114.034238,12.956830439885229,76.8350354314303,0.1560849276182132
188,2019-06-15 11:00:19,22.562437,114.03436299999998,13.112915367503442,73.67410728594717,0.3901803237605126
188,2019-06-15 11:00:20,22.56247,114.034485,13.503095691263956,76.17371680878205,0.1300246757529475
188,2019-06-15 11:00:21,22.5625,114.034617,13.633120367016902,76.46954843556523,0.1367994858312045
188,2019-06-15 11:00:22,22.562528,114.034743,13.769919852848108,76.9047622946137,0.2753321581734624
188,2019-06-15 11:00:23,22.562557,114.034878,14.045252011021567,77.9594962570743,0.1002358805129333
188,2019-06-15 11:00:24,22.562583,114.03501,14.145487891534502,77.08947741536986,0.2005785808495748
188,2019-06-15 11:00:25,22.562612,114.035147,14.346066472384075,78.30372485356861,-0.2744116578438706
188,2019-06-15 11:00:26,22.562638,114.035283,14.071654814540208,77.51066817864438,0.3747471601927525
188,2019-06-15 11:00:27,22.562665,114.035415,14.44640197473296,78.02866909440331,0.1241505517637051
188,2019-06-15 11:00:28,22.562693,114.035558,14.570552526496664,76.81042590125469,-0.0902315203321535
188,2019-06-15 11:00:29,22.562722,114.035692,14.48032100616451,81.38784466839223,0.3201906358289559
188,2019-06-15 11:00:30,22.562742,114.035835,14.800511641993468,81.32811366312262,0.0853361806192047
188,2019-06-15 11:00:31,22.562762,114.035977,14.885847822612671,82.34376907035721,0.212073480665536
188,2019-06-15 11:00:32,22.56278,114.036122,15.097921303278207,78.59968695013009,0.1247798333453538
188,2019-06-15 11:00:33,22.562807,114.036267,15.22270113662356,77.37167464782226,0.162238903704976
188,2019-06-15 11:00:34,22.562837,114.036412,15.384940040328535,78.42198736341265,0.3686208134586941
188,2019-06-15 11:00:35,22.562865,114.03656,15.753560853787231,79.18133175419467,0.4033921353203418
188,2019-06-15 11:00:36,22.562892,114.036713,16.156952989107573,80.98572832765598,0.1660220286392508
188,2019-06-15 11:00:37,22.562915,114.03687,16.322975017746824,80.98572685149162,0.0050438320452208
188,2019-06-15 11:00:38,22.562938,114.037027,16.328018849792045,78.6181234827983,-0.2722170559222725
188,2019-06-15 11:00:39,22.562967,114.037183,16.055801793869772,81.49110308242882,-0.7553360606047708
188,2019-06-15 11:00:40,22.562988,114.037335,15.300465733265002,79.62831872783374,-0.6074676066061464
188,2019-06-15 11:00:41,22.563012,114.037477,14.692998126658855,80.77383061828016,-0.8087719513399545
188,2019-06-15 11:00:42,22.563033,114.037617,13.8842261753189,78.34536153728493,-1.5445798007728442
188,2019-06-15 11:00:43,22.563057,114.037743,12.339646374546057,79.9514951536325,-1.8885115247862263
188,2019-06-15 11:00:44,22.563075,114.037853,10.45113484975983,78.43986219927609,-1.1300199840162986
188,2019-06-15 11:00:45,22.563092,114.037943,9.321114865743532,82.37682178888019,-1.4532417598586589
188,2019-06-15 11:00:46,22.563103,114.038032,7.867873105884873,83.13909755138917,-2.0142583287827422
188,2019-06-15 11:00:47,22.56311,114.038095,5.8536147771021305,81.37935621988572,-1.7842471297284055
188,2019-06-15 11:00:48,22.563117,114.038145,4.069367647373725,76.93587655553097,-1.8676150775710691
188,2019-06-15 11:00:49,22.563123,114.038173,2.201752569802656,81.20615418685884,-1.3010538667603668
188,2019-06-15 11:00:50,22.563125,114.038187,0.9006987030422888,54.17355140925787,-0.7782229867572584
188,2019-06-15 11:00:51,22.563127,114.03819,0.1224757162850303,270.0000003946741,0.0443166736339823
188,2019-06-15 11:00:52,22.563127,114.038188,0.1667923899190126,31.618039887832083,0.4714882237161387
188,2019-06-15 11:00:53,22.56313,114.03819,0.6382806136351514,89.99999808583044,0.0291638847520229
188,2019-06-15 11:00:54,22.56313,114.0382,0.6674444983871743,89.99999940798881,-0.3876873913131821
188,2019-06-15 11:00:55,22.56313,114.038203,0.2797571070739922,285.1481141821192,2.28808094693278e-09
188,2019-06-15 11:00:56,22.563132,114.038195,0.2797571093620731,145.2937972033085,0.4180460979348593
188,2019-06-15 11:00:57,22.563128,114.038198,0.6978032072969325,129.6278147515256,0.0054886714681325
188,2019-06-15 11:01:00,22.563115,114.038215,0.7142692217013302,89.99999867502271,0.111423395719178
188,2019-06-15 11:01:01,22.563115,114.038222,0.8256926174205083,97.40388920391968,-0.0680070649220204
188,2019-06-15 11:01:04,22.563112,114.038247,0.621671422654447,204.7841272906413,-0.3511512646517164
188,2019-06-15 11:01:05,22.563108,114.038245,0.2705201580027305,89.99999905278224,0.4996082320844648
188,2019-06-15 11:01:06,22.563108,114.03825,0.7701283900871954,89.99999808583073,0.364853296296691
188,2019-06-15 11:01:07,22.563108,114.03826,1.1349816863838864,79.76932339558209,-0.2721024784135615
188,2019-06-15 11:01:08,22.56311,114.038272,0.8628792079703249,28.989716546888985,-0.3493339520233468
188,2019-06-15 11:01:09,22.563115,114.038275,0.5135452559469781,31.6180423036102,-0.1957389396482241
188,2019-06-15 11:01:10,22.563118,114.038277,0.317806316298754,24.7841254450172,0.2660394636357025
188,2019-06-15 11:01:11,22.56312,114.038278,0.5838457799344565,70.15232500906245,0.2960208370528324
188,2019-06-15 11:01:12,22.563123,114.038287,0.879866616987289,97.70875194168218,0.1529741485932275
188,2019-06-15 11:01:13,22.563122,114.038295,1.0328407655805163,74.85188574712095,0.1449103227924768
188,2019-06-15 11:01:14,22.563125,114.038307,1.1777510883729934,72.00277497309196,-0.1749932368763591
188,2019-06-15 11:01:15,22.563128,114.038317,1.0027578514966342,61.56695496895708,-1.8598290241200743e-08
188,2019-06-15 11:01:16,22.563132,114.038325,1.002757832898344,72.00277411840881,-0.0202410569508002
188,2019-06-15 11:01:17,22.563135,114.038335,0.9825167759475436,67.89877959942731,-0.0434320672357501
188,2019-06-15 11:01:18,22.563138,114.038343,0.9390847087117936,89.99999808583033,0.4515986195882325
188,2019-06-15 11:01:19,22.563138,114.038353,1.3906833283000262,82.73971151667007,0.6749979659561742
188,2019-06-15 11:01:20,22.56314,114.03837,2.0656812942562004,84.62065191107331,0.3106571871883017
188,2019-06-15 11:01:21,22.563142000000006,114.038393,2.376338481444502,68.5066082549829,0.2920550351173503
188,2019-06-15 11:01:22,22.56315,114.038415,2.6683935165618524,72.2108714598254,0.3460247498847977
188,2019-06-15 11:01:23,22.563158,114.038442,3.01441826644665,79.76931621366509,0.1158635161326624
188,2019-06-15 11:01:24,22.563163,114.038472,3.130281782579313,79.76931583992092,0.0216494739226811
188,2019-06-15 11:01:25,22.563168,114.038502,3.1519312565019937,75.819659799705,0.5538922478220805
188,2019-06-15 11:01:26,22.563175,114.038532,3.705823504324074,82.47707420962479,0.8612543109649535
188,2019-06-15 11:01:27,22.56318,114.038573,4.567077815289028,80.83815802115998,0.1016061158314078
188,2019-06-15 11:01:28,22.563187,114.03862,4.668683931120436,82.82324050642683,-0.0358908211527566
188,2019-06-15 11:01:29,22.563192,114.038663,4.632793109967679,88.6801205236203,0.7252531655264329
188,2019-06-15 11:01:30,22.563193,114.03871,5.358046275494112,82.42488864573244,0.6214387633473697
188,2019-06-15 11:01:31,22.5632,114.038767,5.9794850388414815,79.42435580994112,0.1362120345590289
188,2019-06-15 11:01:32,22.56321,114.038825,6.115697073400511,74.35470443356672,0.1680463895480848
188,2019-06-15 11:01:33,22.563225,114.038883,6.283743462948595,74.85186518169343,0.270210270549601
188,2019-06-15 11:01:34,22.56324,114.038943,6.553953733498196,77.59466650330319,-0.5382096169682944
188,2019-06-15 11:01:35,22.563253,114.039007,6.015744116529902,75.43150920586118,-0.0499413636960124
188,2019-06-15 11:01:36,22.563265,114.039057,5.9658027528338895,77.40399142112813,1.1881160527701429
188,2019-06-15 11:01:37,22.563278,114.03912,7.153918805604032,77.45539605774013,0.5636294397109749
188,2019-06-15 11:01:38,22.563293,114.039193,7.717548245315007,78.42196488313243,-0.0433794078171096
188,2019-06-15 11:01:39,22.563307,114.039267,7.674168837497898,80.73242516673054,-0.1205803061919557
188,2019-06-15 11:01:40,22.563318,114.03934,7.553588531305942,79.76929626797738,-0.1105201174844783
188,2019-06-15 11:01:41,22.56333,114.039412,7.443068413821464,81.32809117949108,-0.541664263958606
188,2019-06-15 11:01:42,22.56334,114.039483,6.9014041498628576,82.04568665694569,-0.9893233894567776
188,2019-06-15 11:01:43,22.563348,114.039545,5.91208076040608,81.70620219098782,-0.8211261531796623
188,2019-06-15 11:01:44,22.563355,114.039597,5.090954607226418,73.89284082954208,-0.5874684509101087
188,2019-06-15 11:01:45,22.563367,114.039642,4.503486156316309,77.77973343034,-0.7640388033022494
188,2019-06-15 11:01:46,22.563375,114.039682,3.73944735301406,76.2594609034017,-0.7458000612003794
188,2019-06-15 11:01:47,22.563382,114.039713,2.99364729181368,70.88754044879278,-0.179574865679748
188,2019-06-15 11:01:48,22.56339,114.039738,2.814072426133932,72.21084245120551,0.1007566249968237
188,2019-06-15 11:01:49,22.563398,114.039765,2.914829051130756,79.05561441710358,-0.2882239283180254
188,2019-06-15 11:01:50,22.563403,114.039793,2.6266051228127303,76.17364916317081,-0.2502709256352249
188,2019-06-15 11:01:51,22.563408,114.039815,2.3763341971775054,76.75314585482886,0.5527757969869334
188,2019-06-15 11:01:52,22.563413,114.039838,2.9291099941644387,73.06121768158391,1.0622176703900572
188,2019-06-15 11:01:53,22.563422,114.03987,3.991327664554496,71.46986731700389,0.6866673290537362
188,2019-06-15 11:01:54,22.563435,114.03991200000002,4.677994993608232,73.8928319610286,0.6498266396265757
188,2019-06-15 11:01:55,22.563447,114.039957,5.327821633234808,79.05560506463746,0.7378780828959881
188,2019-06-15 11:01:56,22.563457,114.040013,6.065699716130796,74.60717567667103,0.363459790443148
188,2019-06-15 11:01:57,22.563472,114.040072,6.429159506573944,69.24270686342766,0.0438167300816045
188,2019-06-15 11:01:58,22.563493,114.040132,6.4729762366555486,69.52383665697448,1.0034391028131422
188,2019-06-15 11:01:59,22.563513,114.04019,7.476415339468691,77.34678296954206,0.5426313500844113
188,2019-06-15 11:02:00,22.56353,114.040272,8.019046689553102,79.62829290602724,0.0792651295775588
188,2019-06-15 11:02:01,22.563542,114.040343,8.098311819130661,79.05559214349091,0.5149201622010899
188,2019-06-15 11:02:02,22.563557,114.040427,8.61323198133175,80.14061801701143,-0.1206048066825413
188,2019-06-15 11:02:03,22.56357,114.040508,8.49262717464921,80.25853557437915,-0.339704248923347
188,2019-06-15 11:02:04,22.563583,114.04059,8.152922925725862,82.59606645032784,-0.495792883367911
188,2019-06-15 11:02:05,22.563592,114.040665,7.657130042357951,83.23217888884653,-0.2051117921998617
188,2019-06-15 11:02:06,22.5636,114.040738,7.45201825015809,91.72294083354916,0.3568710386284577
188,2019-06-15 11:02:07,22.563598,114.04081,7.808889288786547,84.58720117787863,0.2050062791641647
188,2019-06-15 11:02:08,22.563605,114.04089,8.013895567950712,81.78408764766539,-0.5615039291508417
188,2019-06-15 11:02:09,22.563615,114.040965,7.45239163879987,78.3036556924842,-0.0735718163352903
188,2019-06-15 11:02:10,22.563628,114.041033,7.37881982246458,75.65771755756839,0.1669245032091399
188,2019-06-15 11:02:11,22.563645,114.041105,7.54574432567372,74.43971396218154,-0.3899218502782213
188,2019-06-15 11:02:12,22.563663,114.041175,7.155822475395499,76.87113842420723,-0.7738295235108632
188,2019-06-15 11:02:13,22.563677,114.04124,6.3819929518846354,81.35804003288081,-0.7266981112193314
188,2019-06-15 11:02:14,22.563685,114.041297,5.655294840665304,75.7053062116928,-0.8772244681685315
188,2019-06-15 11:02:15,22.563697,114.041348,4.778070372496773,80.77380524676443,-1.5466982396339517
188,2019-06-15 11:02:16,22.563703,114.04138799999998,3.231372132862821,78.86153590089572,-1.216734883616919
188,2019-06-15 11:02:17,22.563707,114.04141,2.014637249245902,89.99999673812073,-0.2142417386996931
188,2019-06-15 11:02:18,22.563707,114.041427,1.800395510546209,96.8609164574596,-6.519333961563233e-10
188,2019-06-15 11:02:19,22.563705,114.041445,1.8003955098942757,89.99999673812079,-0.5168537488327019
188,2019-06-15 11:02:20,22.563705,114.041462,1.2835417610615738,89.99999847063134,-0.205366681952742
188,2019-06-15 11:02:21,22.563705,114.04147,1.0781750791088318,89.9999975105066,0.9179308633794654
188,2019-06-15 11:02:22,22.563705,114.041483,1.9961059424882968,80.39639619765228,0.1980325671458337
188,2019-06-15 11:02:25,22.563715,114.041547,2.5902036439257983,76.097665128247,1.5659544985994909
188,2019-06-15 11:02:26,22.563723,114.041582,4.156158142525289,73.18505100665152,0.7027404103784614
188,2019-06-15 11:02:27,22.563735,114.041625,4.85889855290375,74.85181418718514,0.6382237301859126
188,2019-06-15 11:02:28,22.563747,114.041673,5.497122283089663,73.54631775712284,0.6382347991019204
188,2019-06-15 11:02:29,22.563762,114.041728,6.135357082191583,74.85180888176973,-0.056689588112631
188,2019-06-15 11:02:30,22.563777,114.04178799999998,6.078667494078952,77.77969520321972,-0.574311568259283
188,2019-06-15 11:02:31,22.563788,114.041843,5.504355925819669,78.9701635130611,-1.0391393894464809
188,2019-06-15 11:02:32,22.563797,114.041893,4.465216536373188,76.09765719262379,-1.4508115993896946
188,2019-06-15 11:02:33,22.563805,114.041928,3.0144049369834938,76.17361038436155,-1.0975924828790085
188,2019-06-15 11:02:34,22.56381,114.04195,1.9168124541044853,59.7537101010268,-0.1823575479070558
188,2019-06-15 11:02:35,22.563817,114.041963,1.7344549061974297,80.29721881920545,0.0932029252963986
188,2019-06-15 11:02:36,22.56382,114.041982,1.827657831493828,78.52255376102357,0.1617623857818779
188,2019-06-15 11:02:37,22.563823,114.041998,1.989420217275706,78.86152644600281,-0.0695479211923131
188,2019-06-15 11:02:38,22.563827,114.04202,1.919872296083393,85.87081579923455,-0.0686881303042314
188,2019-06-15 11:02:39,22.563828,114.042035,1.8511841657791612,69.2426664790575,0.6250929509638361
188,2019-06-15 11:02:40,22.563835,114.042055,2.4762771167429976,83.13906848547646,0.6756394667573167
188,2019-06-15 11:02:41,22.563838,114.042082,3.1519165835003142,73.54631204844168,0.8560399406007382
188,2019-06-15 11:02:42,22.563847,114.042115,4.007956524101052,74.16587234725273,0.9157310634048343
188,2019-06-15 11:02:43,22.563858,114.042157,4.923687587505887,73.13216226733073,0.998918981400058
188,2019-06-15 11:02:44,22.563872,114.042207,5.922606568905945,75.08898083860555,0.6089638003644735
188,2019-06-15 11:02:45,22.563887,114.042268,6.531570369270418,75.31901074932216,0.099329929111585
188,2019-06-15 11:02:46,22.563902,114.04233,6.630900298382003,75.5422002367527,0.0994305360305451
188,2019-06-15 11:02:47,22.563917,114.042393,6.730330834412548,75.7588434978341,-0.3475593559950702
188,2019-06-15 11:02:48,22.563932,114.042457,6.382771478417478,73.82462003980004,0.094823926747444
188,2019-06-15 11:02:49,22.563947,114.042513,6.477595405164922,73.30714498256083,0.5888715315043083
188,2019-06-15 11:02:50,22.563965,114.042578,7.06646693666923,73.77886497394434,-0.0454206587971297
188,2019-06-15 11:02:51,22.563983,114.042645,7.021046277872101,75.96921344561162,-0.4039163768350322
188,2019-06-15 11:02:52,22.563998,114.04271,6.617129901037068,75.81957178696882,-0.5514531502429252
188,2019-06-15 11:02:53,22.564012,114.04277,6.065676750794143,77.77967498047207,-0.0470664422108972
188,2019-06-15 11:02:54,22.564023,114.042825,6.018610308583246,79.76924745605658,-0.3154327492077406
188,2019-06-15 11:02:55,22.564033,114.042885,5.703177559375505,72.47157387800496,-1.0720201677018275
188,2019-06-15 11:02:56,22.564047,114.042933,4.6311573916736775,77.47610191954539,-0.7414304938903657
188,2019-06-15 11:02:57,22.564055,114.042972,3.889726897783312,77.779675301748,-0.4000699257731819
188,2019-06-15 11:02:58,22.564062,114.043007,3.48965697201013,74.38662127821215,0.0297857596479311
188,2019-06-15 11:02:59,22.56407,114.043038,3.519442731658061,89.99999290115062,0.4373723647799328
188,2019-06-15 11:03:00,22.56407,114.043075,3.956815096437994,85.35678740206367,0.0620102347048274
188,2019-06-15 11:03:01,22.564073,114.043115,4.018825331142821,73.68660128464347,-1.00392300704353
188,2019-06-15 11:03:02,22.564083,114.043152,3.014902324099291,61.566786492215726,-0.3552488354187528
188,2019-06-15 11:03:03,22.564092,114.04317,2.6596534886805383,63.30800093267595,0.6265701382495461
188,2019-06-15 11:03:04,22.564105,114.043198,3.2862236269300844,66.57976387597733,-0.0594329354852094
188,2019-06-15 11:03:05,22.564117,114.043228,3.226790691444875,73.36755114407777,0.1773496578406703
188,2019-06-15 11:03:06,22.564125,114.043257,3.4041403492855453,76.09762540013202,0.6360705489274059
188,2019-06-15 11:03:07,22.564133,114.043292,4.040210898212951,69.24262016273701,0.0620992656648144
188,2019-06-15 11:03:08,22.564147,114.043332,4.102310163877766,62.29872147770504,1.1698318642469625
188,2019-06-15 11:03:09,22.564163,114.043365,5.272142028124728,70.7446046458511,1.9912567331202595
188,2019-06-15 11:03:10,22.564183,114.043427,7.2633987612449875,67.33026612815922,0.3475595559319258
188,2019-06-15 11:03:11,22.56421,114.043497,7.610958317176913,69.88354171437618,-0.2421343889641258
188,2019-06-15 11:03:12,22.564233,114.043565,7.368823928212787,70.42573320709522,0.0911773880153541
188,2019-06-15 11:03:13,22.564255,114.043632,7.460001316228141,73.03612479651139,-0.0974538214309417
188,2019-06-15 11:03:14,22.564275,114.043703,7.3625474947972,69.8711576492118,0.3452808079094964
188,2019-06-15 11:03:15,22.564297,114.043768,7.707828302706696,72.07553391186536,0.6341126297060402
188,2019-06-15 11:03:16,22.56432,114.043845,8.341940932412736,73.0156183860027,0.4602716025595974
188,2019-06-15 11:03:17,22.564342,114.043923,8.802212534972334,75.35125559845335,0.9155434536353724
188,2019-06-15 11:03:18,22.564363,114.04401,9.717755988607706,72.89315040582835,0.3267646027048521
188,2019-06-15 11:03:19,22.56439,114.044105,10.044520591312558,75.00724945345513,1.4616628301059382
188,2019-06-15 11:03:20,22.564413,114.044198,11.506183421418497,77.77962648475204,1.2503603850349505
188,2019-06-15 11:03:21,22.564438,114.044323,12.756543806453449,75.96915841118823,-1.7812425857797187
188,2019-06-15 11:03:22,22.564465,114.04444,10.975301220673728,68.28223514556697,-1.1502191979936711
188,2019-06-15 11:03:23,22.564497,114.044527,9.825082022680055,71.94226404182973,0.4815114421662922
188,2019-06-15 11:03:24,22.564525,114.04462,10.30659346484635,76.01408409826632,-0.8354242315712224
188,2019-06-15 11:03:25,22.564548,114.04472,9.471169233275129,70.62880248231369,-1.5201107295294962
188,2019-06-15 11:03:26,22.564573,114.044797,7.951058503745631,72.80794171357917,-1.2841495553230375
188,2019-06-15 11:03:27,22.564593,114.044867,6.666908948422593,80.12727346239888,-1.294950914840954
188,2019-06-15 11:03:28,22.564602,114.044923,5.371958033581639,79.55627314220413,-0.999140582640301
188,2019-06-15 11:03:29,22.56461,114.04497,4.372817450941338,81.6745556370413,-0.8376146424306015
188,2019-06-15 11:03:30,22.564615,114.045007,3.5352028085107365,80.09259071443898,-0.8792870371139152
188,2019-06-15 11:03:31,22.56462,114.045038,2.6559157713968213,80.77374848846108,-1.4187168362501703
188,2019-06-15 11:03:32,22.564623,114.045058,1.2371989351466508,105.14826816477309,-0.8145668108798061
188,2019-06-15 11:03:33,22.564622,114.04506200000002,0.4226321242668447,28.989450057963893,1.1252429112572
188,2019-06-15 11:03:34,22.564627,114.045065,1.5478750355240447,54.85888422649322,1.2073632613787957
188,2019-06-15 11:03:35,22.56464,114.045085,2.7552382969028404,79.76920857204738,0.7487323278014801
188,2019-06-15 11:03:36,22.564645,114.045115,3.5039706247043205,78.42186180024413,0.8959360281037543
188,2019-06-15 11:03:37,22.564652,114.045152,4.399906652808075,68.94174943898162,0.2460496601078112
188,2019-06-15 11:03:38,22.564668,114.045197,4.645956312915886,75.20479319333703,-0.0927410876367069
188,2019-06-15 11:03:39,22.564678,114.04523799999998,4.553215225279179,76.46935897901659,-0.3920777278395837
188,2019-06-15 11:03:40,22.564688,114.045283,4.161137497439595,86.45904764762099,-0.1036505491008101
188,2019-06-15 11:03:41,22.56469,114.045318,4.057486948338785,89.99999155925991,0.8005145797471425
188,2019-06-15 11:03:42,22.56469,114.045362,4.858001528085928,77.7796176989358,0.7492233166798679
188,2019-06-15 11:03:43,22.5647,114.045412,5.607224844765796,84.66669024630187,-0.1172623174492839
188,2019-06-15 11:03:44,22.564705,114.04547,5.489962527316512,79.76920029126325,-0.2121441880849399
188,2019-06-15 11:03:45,22.564713,114.045518,5.277818339231572,73.74595213351023,0.7378649448198473
188,2019-06-15 11:03:46,22.564727,114.04557,6.015683284051419,79.12442520776494,-0.0447988965272436
188,2019-06-15 11:03:47,22.564738,114.045632,5.970884387524175,84.1668696025265,-0.9803811352281252
188,2019-06-15 11:03:48,22.564743,114.045685,4.99050325229605,70.15210262137225,-0.5570061476633157
188,2019-06-15 11:03:49,22.564757,114.045727,4.433497104632735,73.41659389304743,-0.2724059488316293
188,2019-06-15 11:03:50,22.564768,114.045767,4.161091155801105,65.7147001050983,-0.4549490478070246
188,2019-06-15 11:03:51,22.564783,114.045803,3.7061421079940806,66.57966110685527,-0.3733384649652231
188,2019-06-15 11:03:52,22.564795,114.045833,3.332803643028857,64.10629505942859,0.0467308815315132
188,2019-06-15 11:03:53,22.564808,114.045862,3.3795345245603707,67.25718600095865,0.4167942184180253
188,2019-06-15 11:03:54,22.56482,114.045893,3.796328742978396,74.48178654248852,0.518445368877889
188,2019-06-15 11:03:55,22.56483,114.045932,4.314774111856285,80.002262278834,0.9208205535978228
188,2019-06-15 11:03:56,22.564837,114.045975,5.235594665454108,83.6081247197065,0.2034723325011667
188,2019-06-15 11:03:57,22.564843,114.046033,5.439066997955274,80.83804940715555,0.0076665337208998
188,2019-06-15 11:03:58,22.56485,114.04608,5.446733531676174,82.55392698177803,0.1780978122056051
188,2019-06-15 11:03:59,22.564857,114.04613799999998,5.624831343881779,77.77960335633281,0.0416238468039384
188,2019-06-15 11:04:00,22.564867,114.046188,5.666455190685718,83.71558567695888,0.7542484715897135
188,2019-06-15 11:04:01,22.564873,114.046247,6.420703662275431,81.47257782832173,0.2850704984254877
188,2019-06-15 11:04:02,22.564882,114.046312,6.705774160700919,75.54210179225743,0.1875269175487934
188,2019-06-15 11:04:03,22.564897,114.046375,6.893301078249713,75.50075813270666,0.1492362271279335
188,2019-06-15 11:04:04,22.564913,114.046442,7.042537305377646,76.1734946295955,0.099407802941343
188,2019-06-15 11:04:05,22.564928,114.046508,7.141945108318989,79.48330483487683,0.0722415730869334
188,2019-06-15 11:04:06,22.56494,114.046578,7.214186681405923,83.73063914111248,-0.0154420862582496
188,2019-06-15 11:04:07,22.564947,114.046647,7.198744595147673,81.20602872638563,0.3496706314594293
188,2019-06-15 11:04:08,22.564957,114.046717,7.548415226607102,85.11352384903353,0.3399699199481949
188,2019-06-15 11:04:09,22.564963,114.046793,7.888385146555297,84.37758487667304,0.0974187795171452
188,2019-06-15 11:04:10,22.56497,114.04687,7.985803926072442,86.02906734843657,0.0795563311186171
188,2019-06-15 11:04:11,22.564975,114.046948,8.06536025719106,89.99998484231207,-0.0030668458259803
188,2019-06-15 11:04:12,22.564975,114.047027,8.06229341136508,87.61499080917253,0.4864188277928463
188,2019-06-15 11:04:13,22.564978,114.047105,8.548712239157926,83.68015626544815,0.2905451033789852
188,2019-06-15 11:04:14,22.564987,114.047193,8.83925734253691,91.47693509966064,-0.3672306734233732
188,2019-06-15 11:04:15,22.564985,114.047277,8.472026669113538,89.99998445888781,-0.2053465254676449
188,2019-06-15 11:04:16,22.564985,114.047358,8.266680143645893,91.55074819395736,-0.3039410640077058
188,2019-06-15 11:04:17,22.564983,114.047438,7.962739079638187,92.48026285181017,-0.3078517261249596
188,2019-06-15 11:04:18,22.56498,114.047513,7.654887353513227,91.67641780858708,0.5272740423490978
188,2019-06-15 11:04:19,22.564978,114.047587,8.182161395862325,95.81948302747992,0.5635322083863912
188,2019-06-15 11:04:20,22.56497,114.047672,8.745693604248716,91.4595663839915,-0.1203721005339595
188,2019-06-15 11:04:21,22.564968,114.047757,8.625321503714757,88.50524648224041,-0.2567058754700611
188,2019-06-15 11:04:22,22.56497,114.04784,8.368615628244696,91.55074802780052,0.1043242078347947
188,2019-06-15 11:04:23,22.564968,114.04792,8.47293983607949,90.72989344594448,0.3621211481775663
188,2019-06-15 11:04:24,22.564967000000006,114.048005,8.835060984257057,92.85030481428488,0.0131104313202161
188,2019-06-15 11:04:25,22.564963,114.048092,8.848171415577273,94.37117840595852,0.5637044069157682
188,2019-06-15 11:04:26,22.564957,114.048177,9.41187582249304,92.5308106918535,0.8858245146191521
188,2019-06-15 11:04:27,22.564953,114.048275,10.297700337112191,96.06018901461816,-0.0198303511242183
188,2019-06-15 11:04:28,22.564943,114.048377,10.277869985987977,88.73394900797695,-0.2661797260283709
188,2019-06-15 11:04:29,22.564945,114.048475,10.011690259959604,91.91820279444426,-0.0678038632441158
188,2019-06-15 11:04:30,22.564942,114.048572,9.943886396715488,97.70883520640348,-0.0982181464652498
188,2019-06-15 11:04:31,22.56493,114.048668,9.845668250250238,97.87081838112726,-0.6071156641199416
188,2019-06-15 11:04:32,22.564918,114.048762,9.238552586130297,93.64480401405832,-1.0119248422733325
188,2019-06-15 11:04:33,22.564913,114.048847,8.226627743856964,92.48026158894923,-0.9738643952799632
188,2019-06-15 11:04:34,22.56491,114.048922,7.252763348577001,94.68991344899098,0.2124460886497674
188,2019-06-15 11:04:35,22.564905,114.048988,7.465209437226768,93.9207935325134,1.1391851783076454
188,2019-06-15 11:04:36,22.5649,114.049067,8.604394615534414,95.62238060879338,0.2950214417611736
188,2019-06-15 11:04:37,22.564892,114.049155,8.899416057295587,91.4595655633114,-0.7827400343553386
188,2019-06-15 11:04:38,22.56489,114.04924,8.116676022940249,92.54812594130544,-0.5349854400389393
188,2019-06-15 11:04:39,22.564887,114.04931299999998,7.581690582901309,98.32543910267287,-0.4236350401702466
188,2019-06-15 11:04:40,22.564877,114.049387,7.158055542731063,89.99998752813934,-0.5863775833183791
188,2019-06-15 11:04:41,22.564877,114.049452,6.571677959412684,89.99998791216836,-0.5111168294409429
188,2019-06-15 11:04:42,22.564877,114.049515,6.060561129971741,86.61960915664986,-0.5131998736674754
188,2019-06-15 11:04:43,22.56488,114.04957,5.547361256304265,89.999989831427,-0.4120340096794885
188,2019-06-15 11:04:44,22.56488,114.049623,5.135327246624777,87.36161710673645,-0.1400438647926742
188,2019-06-15 11:04:45,22.564882,114.04967,4.995283381832103,101.02990195100097,-0.0862807662437781
188,2019-06-15 11:04:46,22.564873,114.04972,4.909002615588324,91.37851737654417,-0.439202027958812
188,2019-06-15 11:04:47,22.564872,114.049765,4.469800587629512,92.95193167770005,-0.2084780056830695
188,2019-06-15 11:04:48,22.56487000000001,114.049807,4.261322581946443,86.97618589652564,-0.5134123055678557
188,2019-06-15 11:04:49,22.564872,114.049848,3.747910276378587,93.87194157292254,-0.693878592106421
188,2019-06-15 11:04:50,22.56487000000001,114.04988,3.054031684272166,101.33951810607186,-0.3560698899479311
188,2019-06-15 11:04:51,22.564865,114.049907,2.697961794324235,94.95128440404612,0.181981555902098
188,2019-06-15 11:04:52,22.564863,114.049932,2.879943350226333,92.0006527562614,0.4614027829073817
188,2019-06-15 11:04:53,22.564862,114.049963,3.341346133133715,93.6448123697977,0.2542604423286754
188,2019-06-15 11:04:54,22.56486,114.049997,3.5956065754623903,89.99999309311596,0.0090154500772872
188,2019-06-15 11:04:55,22.56486,114.050033,3.6046220255396775,99.04837158345396,-0.0620764384039009
188,2019-06-15 11:04:56,22.564855,114.050067,3.5425455871357765,81.20604136895588,-0.6412153037481749
188,2019-06-15 11:04:57,22.56486,114.050102,2.9013302833876016,84.11170560886728,-0.1660817957176195
188,2019-06-15 11:04:58,22.564862,114.050123,2.735248487669982,84.2030764346294,0.6019320893445825
188,2019-06-15 11:04:59,22.564865,114.050155,3.3371805770145646,95.6223898501304,-0.0983849034143271
188,2019-06-15 11:05:00,22.564862,114.050188,3.238795673600237,89.99999424426323,0.1057867776972449
188,2019-06-15 11:05:01,22.564862,114.050218,3.3445824512974824,97.0550495357346,-0.0055498559917159
188,2019-06-15 11:05:02,22.564858,114.050253,3.3390325953057665,85.87078214476446,-0.0013888143630031
188,2019-06-15 11:05:03,22.56486,114.050283,3.3376437809427637,95.3029961215782,0.5229706991256049
188,2019-06-15 11:05:04,22.564857,114.050318,3.860614480068368,93.09924780564938,0.717204260461612
188,2019-06-15 11:05:05,22.564855,114.050358,4.57781874052998,93.79315157511428,0.3311848246724445
188,2019-06-15 11:05:06,22.564852,114.050407,4.909003565202425,99.35761902308168,0.5229548108234585
188,2019-06-15 11:05:07,22.564845,114.050453,5.431958376025883,95.24340586418128,1.214357489400859
188,2019-06-15 11:05:08,22.56484,114.050512,6.646315865426742,94.42301012055692,0.7165039787591772
188,2019-06-15 11:05:09,22.564835,114.050582,7.362819844185919,94.24191891272947,0.2649188634316193
188,2019-06-15 11:05:10,22.56483,114.050655,7.627738707617539,95.77131171861993,-0.0162267638319528
188,2019-06-15 11:05:11,22.564823,114.05073,7.611511943785586,90.84986366995508,-0.3157560406793305
188,2019-06-15 11:05:12,22.564822,114.050803,7.295755903106255,84.6205777809393,-0.6643386232914299
188,2019-06-15 11:05:13,22.564828,114.050872,6.631417279814825,89.99998848852931,-0.9257621857816308
188,2019-06-15 11:05:14,22.564828,114.050932,5.705655094033195,96.06019344938886,-0.7390969614784213
188,2019-06-15 11:05:15,22.564823,114.050983,4.966558132554773,98.21596043816815,-0.108560880640792
188,2019-06-15 11:05:16,22.564817,114.051028,4.857997251913981,95.05180703424048,0.8429274331753369
188,2019-06-15 11:05:17,22.564813,114.051077,5.700924685089318,100.06652584550818,-0.2187627256518212
188,2019-06-15 11:05:18,22.564803,114.051138,5.482161959437497,112.41777441617104,-0.8849746200476529
188,2019-06-15 11:05:19,22.564787,114.05118,4.597187339389844,104.13526528413996,-0.4410586369641232
188,2019-06-15 11:05:20,22.564777,114.051223,4.156128702425721,107.19206030576164,-0.6292994022039093
188,2019-06-15 11:05:21,22.564767,114.051258,3.526829300221812,97.70883803214956,0.0590813050595095
188,2019-06-15 11:05:22,22.564763,114.05129,3.585910605281321,99.95989030480716,0.1256824868671278
188,2019-06-15 11:05:23,22.564757,114.051327,3.711593092148449,89.99999328482227,-0.2093361927428736
188,2019-06-15 11:05:24,22.564757,114.051362,3.5022568994055754,99.31781804299771,0.4376140345178316
188,2019-06-15 11:05:25,22.564752,114.051395,3.939870933923407,104.45786373304918,0.9503249423821024
188,2019-06-15 11:05:26,22.56474200000001,114.051437,4.890195876305509,100.81877153741482,0.7966169793664841
188,2019-06-15 11:05:27,22.564733,114.051488,5.6868128556719935,93.15166605106327,0.6562671571277132
188,2019-06-15 11:05:28,22.56473,114.051547,6.343080012799707,104.45785725787827,-0.0750565894763353
188,2019-06-15 11:05:29,22.564715,114.05161,6.268023423323371,89.99998887074196,-1.1263735916934057
188,2019-06-15 11:05:30,22.564715,114.051668,5.141649831629966,97.34585345569536,-1.23368176948979
188,2019-06-15 11:05:31,22.56471,114.05171,3.907968062140176,102.936755563926,-0.9255053145739494
188,2019-06-15 11:05:32,22.564703,114.051743,2.982462747566226,80.17029285017998,0.2026393092906024
188,2019-06-15 11:05:33,22.564707,114.051768,3.185102056856829,93.34998480420325,0.9016093496612124
188,2019-06-15 11:05:34,22.564705,114.051805,4.086711406518042,100.23078189793053,0.4295329101970226
188,2019-06-15 11:05:35,22.564698,114.051847,4.516244316715064,96.86096003830004,-0.1433887500858652
188,2019-06-15 11:05:36,22.564693,114.051892,4.372855566629199,89.99999232350103,-0.1960392664524821
188,2019-06-15 11:05:37,22.564693,114.051932,4.176816300176717,79.52513068464447,-0.3246134640260858
188,2019-06-15 11:05:38,22.5647,114.051973,3.852202836150631,99.0483612517491,-0.1351986821685846
188,2019-06-15 11:05:39,22.564695,114.052007,3.7170041539820464,93.26201959876852,0.297254336043808
188,2019-06-15 11:05:40,22.564693,114.052045,4.014258490025854,94.64321803621932,0.4527808500337729
188,2019-06-15 11:05:41,22.56469,114.052085,4.467039340059627,87.36162073723364,0.4182999015942812
188,2019-06-15 11:05:42,22.564692,114.052132,4.8853392416539085,86.12804803886803,0.5571228359971121
188,2019-06-15 11:05:43,22.564695,114.05218,5.442462077651021,92.1384974550594,0.4628346511506613
188,2019-06-15 11:05:44,22.564693,114.052238,5.905296728801682,89.999989063248,-0.561172079948812
188,2019-06-15 11:05:45,22.564693,114.052295,5.34412464885287,84.73439214297673,-0.8605088028629897
188,2019-06-15 11:05:46,22.564697,114.052342,4.48361584598988,85.35676638395631,-0.8789897138195735
188,2019-06-15 11:05:47,22.5647,114.052382,3.604626132170307,85.87078685700465,-1.1377363890283174
188,2019-06-15 11:05:48,22.564702,114.05241200000002,2.4668897431419894,103.53063057248454,-0.2586976631054543
188,2019-06-15 11:05:49,22.564698,114.05243,2.208192080036535,110.63941271117812,-0.0654117784553234
188,2019-06-15 11:05:50,22.56469,114.052453,2.142780301581212,100.8187743094448,-0.2229197546406343
188,2019-06-15 11:05:51,22.564687,114.05247,1.9198605469405772,96.1804683032309,0.4957414143468999
188,2019-06-15 11:05:52,22.564685,114.05249,2.4156019612874773,89.99999481801632,0.666882576387422
188,2019-06-15 11:05:53,22.564685,114.052517,3.0824845376748997,86.24504183696405,0.771724031337949
188,2019-06-15 11:05:54,22.564687,114.05255,3.854208569012848,88.52304392034728,0.869518654731606
188,2019-06-15 11:05:55,22.564688,114.052592,4.723727223744454,89.9999904053634,0.461744524983759
188,2019-06-15 11:05:56,22.564688,114.052642,5.185471748728213,89.9999902142925,-0.0513413065963908
188,2019-06-15 11:05:57,22.564688,114.052693,5.134130442131823,89.9999906002057,-0.1527827331850462
188,2019-06-15 11:05:58,22.564688,114.052742,4.981347708946776,87.41651136972501,-0.0475679012615577
188,2019-06-15 11:05:59,22.56469,114.05279,4.933779807685219,87.41651132546423,0.3616759444801989
188,2019-06-15 11:06:00,22.564692,114.052838,5.2954557521654175,86.61961367964068,0.2261256489730181
188,2019-06-15 11:06:01,22.564695,114.052893,5.521581401138436,81.70612229335347,-0.598739251180044
188,2019-06-15 11:06:02,22.564702,114.052945,4.922842149958392,82.82316248532493,-0.4437100249649957
188,2019-06-15 11:06:03,22.564707,114.05298799999998,4.479132124993396,88.59014959890851,-0.4227886122977802
188,2019-06-15 11:06:04,22.564708,114.053032,4.056343512695616,89.99999328482465,-0.6455418498896863
188,2019-06-15 11:06:05,22.564708,114.053067,3.410801662805929,76.25933310426683,-0.020452138499607
188,2019-06-15 11:06:06,22.564715,114.053098,3.3903495243063224,98.79393609738293,-0.0305487377782749
188,2019-06-15 11:06:07,22.56471,114.053133,3.3598007865280475,94.129201875516,0.2340899496069974
188,2019-06-15 11:06:08,22.564708,114.05316299999998,3.593890736135045,86.90074014007479,0.1131203564384897
188,2019-06-15 11:06:09,22.56471,114.053203,3.707011092573535,84.20308278382697,-0.6651458048253374
188,2019-06-15 11:06:10,22.564713,114.05323500000002,3.0418652877481973,85.41384609375143,-0.7315070077832133
188,2019-06-15 11:06:11,22.564715,114.05326200000002,2.310358279964984,96.86096613394947,-0.513412977385731
188,2019-06-15 11:06:12,22.564713,114.05328,1.796945302579253,82.73962949518227,0.413528899027521
188,2019-06-15 11:06:13,22.564715,114.053297,2.210474201606774,89.99999501338675,0.0034931922316765
188,2019-06-15 11:06:14,22.564715,114.053323,2.2139673938384505,100.81877621352812,-0.800153791762755
188,2019-06-15 11:06:15,22.564712,114.05334,1.4138136020756955,102.22037214944028,0.2992657709417461
188,2019-06-15 11:06:16,22.56471,114.05335,1.7130793730174416,85.28072663215562,0.0152813149269427
188,2019-06-15 11:06:29,22.564727,114.053573,1.9117364670676975,89.9999929011168,1.9905976700623615
188,2019-06-15 11:06:30,22.564727,114.05361,3.90233413713006,91.07890390962012,0.0003960041571371
188,2019-06-15 11:06:33,22.564725,114.053725,3.903522149601471,93.34998523938162,-0.2886208664114389
188,2019-06-15 11:06:34,22.564723,114.053762,3.614901283190032,99.31781579854146,-0.9589873846132356
188,2019-06-15 11:06:35,22.564718,114.053795,2.6559138985767965,100.2307875899694,-1.367574061026555
188,2019-06-15 11:06:36,22.564715,114.053813,1.2883398375502415,52.27805884326085,-0.338502133640692
188,2019-06-15 11:06:37,22.56472,114.05382,0.9498377039095496,55.9093756644275,-0.5714527762003623
188,2019-06-15 11:06:38,22.564725,114.053828,0.3783849277091872,270.00000059201807,-6.208745968150353e-05
188,2019-06-15 11:06:39,22.564725,114.053825,0.3783228402495057,94.95127939390125,0.0704136494979539
188,2019-06-15 11:06:44,22.564723,114.05385,0.7303910877392755,107.66666734898786,1.44378794506344
188,2019-06-15 11:06:45,22.564718,114.053867,2.1741790328027157,89.99999520860081,0.8036159764852409
188,2019-06-15 11:06:46,22.564718,114.053892,2.977795009287956,89.99999366720118,0.0005189874983297
188,2019-06-15 11:06:47,22.564718,114.053925,2.978313996786286,92.48026768820642,-0.382427248999341
188,2019-06-15 11:06:48,22.564717,114.05395,2.595886747786945,62.95522750787802,0.0770801742558107
188,2019-06-15 11:06:51,22.56475,114.05402,2.827127270554377,84.3776020279264,-0.1291633111864962
188,2019-06-15 11:06:52,22.564753,114.054053,2.697963959367881,77.15726198035838,-0.6764492166692868
188,2019-06-15 11:06:53,22.564757,114.054072,2.021514742698594,86.90074288832727,-0.0422327808599385
188,2019-06-15 11:06:54,22.564758,114.054092,1.9792819618386557,73.25841942401007,0.1109203223437573
188,2019-06-15 11:06:55,22.564763,114.05411,2.090202284182413,84.37760364560665,-0.0178221364830055
188,2019-06-15 11:06:56,22.564765,114.054132,2.0723801476994077,79.76920186448046,-0.1835647741486732
188,2019-06-15 11:06:57,22.564768,114.05415,1.888815373550734,76.4693559132246,-0.0704956068894764
188,2019-06-15 11:06:58,22.564772,114.054168,1.8183197666612576,86.3551801946063,-0.141874942381432
188,2019-06-15 11:06:59,22.564773,114.054185,1.6764448242798256,70.1521044099639,0.0901623346978872
188,2019-06-15 11:07:00,22.564778,114.0542,1.7666071589777128,76.46935497720341,-0.5906876000714021
188,2019-06-15 11:07:01,22.564782,114.054218,1.1759195589063107,75.59363482277149,0.006237433493315
188,2019-06-15 11:07:21,22.564833,114.054433,1.3006682287726108,82.98462152598086,3.2155716030837107
188,2019-06-15 11:07:22,22.564838,114.054477,4.516239831856321,80.00226171201774,-0.2188004113174058
188,2019-06-15 11:07:23,22.564845,114.05452,4.297439420538916,85.35676141055342,0.1913391539368429
188,2019-06-15 11:07:24,22.564848,114.05456,4.488778574475759,83.4283614029307,0.5867038249629175
188,2019-06-15 11:07:25,22.564853,114.054607,5.075482399438676,81.54581617478743,-0.2080992476329468
188,2019-06-15 11:07:26,22.56486,114.054658,4.867383151805729,75.54210827480381,-0.4833182691307405
188,2019-06-15 11:07:27,22.56487000000001,114.0547,4.384064882674989,72.002555560149,-0.2291205253777564
188,2019-06-15 11:07:28,22.564882,114.05474,4.154944357297232,72.15436723999755,-0.2293880627542708
188,2019-06-15 11:07:29,22.564893,114.054777,3.9255562945429614,73.25840021910943,-0.8642211353808702
188,2019-06-15 11:07:30,22.564903,114.054813,3.061335159162091,32.879100142685274,-0.1858514974507836
188,2019-06-15 11:07:31,22.564923,114.054827,2.8754836617113075,66.57963989634999,0.1875417795603109
188,2019-06-15 11:07:32,22.564935,114.054857,3.0630254412716185,73.74593273396681,-0.6598118447897163
188,2019-06-15 11:07:33,22.564942,114.054883,2.403213596481902,86.9007387184169,-0.7518500544404525
188,2019-06-15 11:07:34,22.564943,114.054903,1.6513635420414496,79.76919011102109,-0.4079370123022072
188,2019-06-15 11:07:35,22.564945,114.054915,1.2434265297392424,114.28531673285312,0.4079370123022072
188,2019-06-15 11:07:36,22.56494,114.054927,1.6513635420414496,83.81951266494372,-0.2095155995421778
188,2019-06-15 11:07:37,22.564942,114.054947,1.4418479424992718,89.99999847061764,0.0004146444765482
188,2019-06-15 11:07:38,22.564942,114.054955,1.44226258697582,78.38360303582652,0.0047944468457275
188,2019-06-15 11:07:59,22.564998000000006,114.05525,1.5429459707360975,70.8082358283803,1.883802104683019
188,2019-06-15 11:08:00,22.565007,114.055278,3.4267480754191166,81.67453200714539,0.0417474563335482
188,2019-06-15 11:08:01,22.565012,114.055315,3.468495531752665,83.81950751696405,-0.6911949472411356
188,2019-06-15 11:08:02,22.565015,114.055345,2.7773005845115293,71.75886919737343,-0.1249606278381421
188,2019-06-15 11:08:03,22.565022,114.055368,2.652339956673387,78.66045895278796,-0.025764383169105
188,2019-06-15 11:08:04,22.565027,114.055395,2.626575573504282,76.75299579167046,-0.1621990196897034
188,2019-06-15 11:08:05,22.565032,114.055418,2.4643765538145788,102.22039666651592,-0.1373596161714663
188,2019-06-15 11:08:06,22.565027,114.055443,2.3270169376431125,89.99999616174125,-0.7827730235009751
188,2019-06-15 11:08:07,22.565027,114.055463,1.5442439141421374,102.2203992624864,-0.1403064191725291
188,2019-06-15 11:08:08,22.565025,114.055473,1.4039374949696082,97.26038012489244,-0.1156005052308786
188,2019-06-15 11:08:09,22.565023,114.05549,1.2883369897387296,61.56662527727417,0.6867295463594876
188,2019-06-15 11:08:10,22.565027,114.055498,1.9750665360982167,75.59361028890777,0.0133362856045224
188,2019-06-15 11:08:21,22.565078,114.05571299999998,2.121765677747964,65.71465449567324,0.2135916764231371
188,2019-06-15 11:08:22,22.565088,114.055737,2.335357354171101,55.90930263905665,0.0198178777096393
188,2019-06-15 11:08:23,22.56509800000001,114.055753,2.3551752318807404,68.70192416091504,0.3439498999228649
188,2019-06-15 11:08:24,22.565107,114.055778,2.6991251318036054,75.43132673902227,-0.3273072079404913
188,2019-06-15 11:08:25,22.565113,114.055803,2.371817923863114,68.24976906514536,-0.7825065284128525
188,2019-06-15 11:08:26,22.56512,114.055822,1.5893113954502616,72.00253133577758,0.0109798471847859
188,2019-06-15 11:08:27,22.565123,114.055832,1.6002912426350475,89.99999596862733,0.3891108950237452
188,2019-06-15 11:08:28,22.565123,114.055853,1.9894021376587927,65.96785018969416,-0.781977596309313
188,2019-06-15 11:08:29,22.56513,114.05587,1.2074245413494795,74.67104856099797,0.0005643209605664
188,2019-06-15 11:09:26,22.565292000000003,114.05651,1.2395908361017698,84.98211818955645,2.4627403275794184
188,2019-06-15 11:09:27,22.56529500000001,114.056547,3.702331163681188,66.89696635368273,-0.5043613541399119
188,2019-06-15 11:09:28,22.565308,114.05658,3.1979698095412763,55.42845789656633,-0.1665741349426879
188,2019-06-15 11:09:29,22.565322,114.056602,3.0313956745985884,59.88080266583989,0.1601911593395693
188,2019-06-15 11:09:30,22.565337,114.05663,3.1915868339381577,56.986493226306266,-0.2767063288945111
188,2019-06-15 11:09:31,22.565352,114.056655,2.9148805050436466,58.530174583612734,-0.407907355670674
188,2019-06-15 11:09:32,22.565365,114.056678,2.506973149372973,60.31902600069316,-0.0808312443153185
188,2019-06-15 11:09:33,22.565375,114.056697,2.426141905057654,64.7876190190812,0.0916374110115065
188,2019-06-15 11:09:34,22.565385,114.05672,2.5177793160691606,68.50629050243009,-0.2570790648806844
188,2019-06-15 11:09:35,22.565393,114.056742,2.260700251188476,61.56655852821064,-0.4535938480192556
188,2019-06-15 11:09:36,22.565402,114.05676,1.8071064031692208,54.17309993264564,-0.328692363063255
188,2019-06-15 11:09:37,22.56541,114.056772,1.4784140401059656,51.77718647127841,0.0522495634218964
188,2019-06-15 11:09:38,22.565418,114.056783,1.530663603527862,61.566555181610966,-0.4078687811550128
188,2019-06-15 11:09:39,22.565425,114.056797,1.1227948223728492,56.986481475050425,-0.342400845256028
188,2019-06-15 11:09:40,22.565428,114.056802,0.7803939771168212,40.24752498706152,0.0558560424358226
188,2019-06-15 11:09:42,22.56544,114.056813,0.8921060619884665,33.408895086656855,0.1447460031121427
188,2019-06-15 11:09:43,22.565447,114.056818,1.0368520651006092,38.93861038602381,0.3916684028956765
188,2019-06-15 11:09:44,22.565455,114.056825,1.4285204679962855,72.33323759085874,0.3446904076109578
188,2019-06-15 11:09:45,22.56546,114.056842,1.7732108756072436,63.18997788708458,-0.0718285069051622
188,2019-06-15 11:09:46,22.565467,114.056857,1.7013823687020813,66.57956077877242,0.1405966571178405
188,2019-06-15 11:09:47,22.565473,114.056872,1.8419790258199216,67.16258108725663,0.0464030352452049
188,2019-06-15 11:09:48,22.56548,114.05689,1.8883820610651267,59.991430760473406,-0.0812764844765245
188,2019-06-15 11:09:49,22.565488,114.056905,1.8071055765886024,56.98646701348753,0.352189024850094
188,2019-06-15 11:09:50,22.565497,114.05692,2.159294601438696,82.59597456919039,0.1934746947672301
188,2019-06-15 11:09:51,22.5655,114.056945,2.3527692962059263,74.85163495241682,-0.1934748629478386
188,2019-06-15 11:09:52,22.565505,114.056965,2.159294433258088,69.24243553274704,0.0572184495029888
188,2019-06-15 11:09:53,22.565512,114.056985,2.2165128827610765,66.57955283440924,0.0679882779532747
188,2019-06-15 11:09:54,22.565520000000006,114.057005,2.2845011607143517,61.56653601638271,0.0508504025890359
188,2019-06-15 11:09:55,22.56553,114.057025,2.3353515633033872,61.56653424592969,0.0418803485422998
188,2019-06-15 11:09:56,22.56554,114.057045,2.377231911845687,68.50626853230074,-0.0418806096731487
188,2019-06-15 11:09:57,22.565548,114.057067,2.3353513021725383,54.17306961996235,-0.2606874092227675
188,2019-06-15 11:09:58,22.56556,114.057085,2.0746638929497707,40.4445062872399,-0.1069241148823512
188,2019-06-15 11:09:59,22.565573,114.057097,1.9677397780674195,75.54204092210796,0.2765399506129957
188,2019-06-15 11:10:00,22.565578,114.057118,2.2442797286804157,64.01965848066106,-0.3097029233435642
188,2019-06-15 11:10:01,22.565587,114.057138,1.934576805336851,65.10385356745633,-0.2280364072067351
188,2019-06-15 11:10:02,22.565593,114.057152,1.706540398130116,56.98644709732815,-0.4386505018548674
188,2019-06-15 11:10:03,22.565602,114.057167,1.2678898962752485,61.56652502190633,-0.6384296660664276
188,2019-06-15 11:10:04,22.565605,114.057173,0.6294602302088209,66.57954201112176,-0.138209633442703
188,2019-06-15 11:10:05,22.565607,114.057178,0.4912505967661179,74.85162696916797,0.1224727314244357
188,2019-06-15 11:10:06,22.565608,114.057182,0.6137233281905536,335.2162698661932,0.3187147035926807
188,2019-06-15 11:10:07,22.565618,114.057177,0.9324380317832344,310.90321312876006,0.0173955828179129
188,2019-06-15 11:10:08,22.565622,114.057172,0.9498336146011472,303.0135571700647,-0.0605051796762859
188,2019-06-15 11:10:09,22.565628,114.057162,0.8893284349248614,293.4204613352998,-0.6276257094370841
188,2019-06-15 11:10:10,22.56563,114.057157,0.2617027254877773,47.936201192584576,0.2897588528475156
188,2019-06-15 11:10:12,22.565635,114.057163,0.8412204311828085,79.18114656301555,0.9973746804181572
188,2019-06-15 11:10:13,22.565638,114.05718,1.8385951116009656,76.46927367599176,-0.3987934323622331
188,2019-06-15 11:10:14,22.565642,114.057198,1.4398016792387327,70.15199041924848,-0.3995243582124053
188,2019-06-15 11:10:15,22.565645,114.057207,1.0402773210263274,89.99999788307287,-0.262176920216293
188,2019-06-15 11:10:16,22.565645,114.057218,0.7781004008100344,118.4334801274324,-0.6267468951035781
188,2019-06-15 11:10:17,22.565643,114.057222,0.1513535057064563,270.0000003946813,0.0935971389200918
188,2019-06-15 11:10:18,22.565643,114.05722,0.2449506446265481,0.0,0.0513946266865975
188,2019-06-15 11:10:19,22.565647,114.05722,0.2963452713131457,298.4334817222634,-0.1581874628472067
188,2019-06-15 11:10:20,22.565648,114.057218,0.1381578084659389,89.99999808579548,0.0324139860446072
188,2019-06-15 11:10:25,22.565648,114.057228,0.3002277386889749,58.25061403992822,0.7346059515720214
188,2019-06-15 11:10:26,22.565652,114.057235,1.0348336902609965,56.98643702605699,0.6271025817130318
188,2019-06-15 11:10:27,22.565658,114.057245,1.661936271974028,61.56651248782043,0.6924288740039373
188,2019-06-15 11:10:28,22.565667,114.057263,2.3543651459779653,70.15198387723865,-0.1532365845692358
188,2019-06-15 11:10:29,22.565675,114.05728700000002,2.201128561408729,45.011270758478986,0.5441165004241069
188,2019-06-15 11:10:30,22.565687,114.0573,2.7452450618328363,74.02431666488349,0.2385687619680068
188,2019-06-15 11:10:33,22.56571,114.057387,3.4609513477368568,75.8646264134365,1.2554065331931694
188,2019-06-15 11:10:34,22.56572,114.05743,4.716357880930026,80.83799211145504,0.3863391859468956
188,2019-06-15 11:10:35,22.565727,114.057477,5.102697066876922,74.27510885551112,0.6340155475155775
188,2019-06-15 11:10:36,22.56574,114.057527,5.736712614392499,61.11578828582611,0.6333020156424931
188,2019-06-15 11:10:37,22.565767,114.05758,6.3700146300349925,63.71255222660375,-0.0754192103821678
188,2019-06-15 11:10:38,22.565793,114.057637,6.294595419652825,63.87788295404113,0.4063378882818123
188,2019-06-15 11:10:39,22.565817000000006,114.05769,6.700933307934637,60.04141252387029,1.2068307430037493
188,2019-06-15 11:10:40,22.56585,114.057752,7.907764050938386,65.20111321729638,0.5765092230850257
188,2019-06-15 11:10:41,22.565882,114.057827,8.484273274023412,66.85502135957131,-0.393303794647851
188,2019-06-15 11:10:42,22.565912,114.057903,8.09096947937556,59.75331749605772,-0.9933835951965309
188,2019-06-15 11:10:43,22.565947,114.057968,7.09758588417903,55.50193722552132,-0.7869966193109992
188,2019-06-15 11:10:44,22.56598,114.05802,6.310589264868031,53.33229463177168,-0.6226201650240348
188,2019-06-15 11:10:45,22.566013,114.058068,5.687969099843996,59.43057607247624,-1.9535811834379908
188,2019-06-15 11:10:46,22.566037,114.058112,3.734387916406005,23.73663996711116,-1.5543927347721858
188,2019-06-15 11:10:47,22.566058,114.058122,2.1799951816338194,55.90911554903198,-0.5580179973993047
188,2019-06-15 11:10:48,22.566068,114.058138,1.6219771842345148,32.87888170983973,-0.1084443206648879
188,2019-06-15 11:10:49,22.566078,114.058145,1.5135328635696268,50.20543235115815,-0.0010184138722355
188,2019-06-15 11:10:50,22.566088,114.058158,1.5125144496973912,52.83651580807691,-0.0397329480389283
188,2019-06-15 11:10:51,22.566095,114.058168,1.4727815016584629,47.93610339861823,-0.1145206472144912
188,2019-06-15 11:10:52,22.566105,114.05818,1.3582608544439716,42.72053758077931,-0.048804183700182
188,2019-06-15 11:10:53,22.566112,114.05818700000002,1.3094566707437896,20.112251090264124,0.0124007445826237
188,2019-06-15 11:10:58,22.56617,114.05821,1.371460393656908,12.999511925566424,0.3260164635603193
188,2019-06-15 11:10:59,22.566182,114.058213,1.6974768572172274,54.17293761693844,0.0219439028980721
188,2019-06-15 11:11:02,22.566212,114.058258,1.7633085659114438,49.09666333407813,-0.2435791078692484
188,2019-06-15 11:11:03,22.56622,114.058268,1.5197294580421954,58.25050592143185,0.554878817172378
188,2019-06-15 11:11:04,22.566228,114.058282,2.0746082752145734,71.75871933578662,0.6608985061741706
188,2019-06-15 11:11:05,22.566235,114.058305,2.735506781388744,68.14534305471011,0.5394837837349251
188,2019-06-15 11:11:06,22.566245,114.058332,3.274990565123669,71.83248408304979,0.4429982893061566
188,2019-06-15 11:11:07,22.566255,114.058365,3.7179888544298256,68.08880174464446,-0.429017199242343
188,2019-06-15 11:11:08,22.566268,114.0584,3.2889716551874826,55.42827149228276,-0.6748339676945663
188,2019-06-15 11:11:09,22.566282,114.058422,2.6141376874929163,69.36036024307089,-0.3976355273250478
188,2019-06-15 11:11:10,22.56629,114.058445,2.2165021601678685,65.96766981091861,0.2397399364530921
188,2019-06-15 11:11:11,22.566297,114.058462,2.4562420966209606,72.80774817228337,0.6910461040559475
188,2019-06-15 11:11:12,22.566305,114.05849,3.147288200676908,55.712517449687255,0.0739286610613283
188,2019-06-15 11:11:13,22.566322,114.058517,3.2212168617382364,49.71883563051961,0.2399293051447877
188,2019-06-15 11:11:14,22.56634,114.05854,3.461146166883024,58.65280333635724,0.5875202615829149
188,2019-06-15 11:11:15,22.566358,114.058572,4.048666428465939,45.73634472161899,0.2303542735231003
188,2019-06-15 11:11:16,22.566385,114.058602,4.279020701989039,58.9681126226543,0.801728687677187
188,2019-06-15 11:11:17,22.566405,114.058638,5.080749389666226,70.15187949232586,0.373291390770353
188,2019-06-15 11:11:18,22.566423,114.058692,5.454040780436579,61.0114115983813,-0.1164206925359971
188,2019-06-15 11:11:19,22.566445,114.058735,5.337620087900582,70.50453469171686,-0.0493229143232945
188,2019-06-15 11:11:20,22.566462,114.058787,5.288297173577288,70.15187386461656,-0.1685264546157308
188,2019-06-15 11:11:21,22.566477,114.058832,5.119770718961557,74.27502755099954,-0.2439245375740837
188,2019-06-15 11:11:22,22.56649,114.058882,4.875846181387473,67.89828659790402,-0.5793385329381815
188,2019-06-15 11:11:23,22.566505,114.058922,4.296507648449292,69.67181338492446,0.2214379307444707
188,2019-06-15 11:11:24,22.566518,114.05896,4.517945579193762,71.3809859752858,-0.5282477023022909
188,2019-06-15 11:11:25,22.566532,114.059005,3.989697876891472,62.46232505556896,-0.8424139944273401
188,2019-06-15 11:11:26,22.566545,114.059032,3.147283882464132,65.10369836915578,0.3366808300841586
188,2019-06-15 11:11:27,22.566557,114.05906,3.48396471254829,80.03996808305612,-0.2198216893815017
188,2019-06-15 11:11:28,22.566563,114.059097,3.2641430231667883,73.13185534602724,-1.039063712975099
188,2019-06-15 11:11:29,22.56657,114.059122,2.2250793101916893,96.86105755726464,-0.5081850334713458
188,2019-06-15 11:11:30,22.566568,114.05914,1.7168942767203434,102.220530709868,-0.3306979587451124
188,2019-06-15 11:11:31,22.566565,114.059155,1.386196317975231,74.85152493014209,-0.0810233586271209
188,2019-06-15 11:11:32,22.566568,114.059167,1.30517295934811,55.42821607251062,0.2073382144490763
188,2019-06-15 11:11:33,22.566575,114.059178,1.5125111737971864,47.93600416683893,0.1652436720978667
188,2019-06-15 11:11:34,22.566585,114.05919,1.677754845895053,63.18978973072058,0.1590304564754345
188,2019-06-15 11:11:35,22.566592,114.059205,1.836785302370488,51.5456022243244,-0.2277782609725833
188,2019-06-15 11:11:36,22.566603,114.05922,1.6090070413979043,80.5412686406537,0.2519026046449184
188,2019-06-15 11:11:37,22.566605,114.059233,1.8609096460428227,67.8982629248631,0.1316918020170202
188,2019-06-15 11:11:41,22.566632,114.059305,2.387676854110904,54.60000378935439,2.0759205473696207
188,2019-06-15 11:11:42,22.566653,114.059337,4.463597401480524,56.98623960468689,0.8650563913601719
188,2019-06-15 11:11:43,22.566677,114.059377,5.328653792840696,53.276752741935695,0.8018611655707648
188,2019-06-15 11:11:44,22.566708,114.059422,6.130514958411461,56.82189953794176,0.7044675915271297
188,2019-06-15 11:11:45,22.56674,114.059475,6.834982549938591,59.22181005746256,1.150342046407726
188,2019-06-15 11:11:46,22.566773,114.059535,7.985324596346317,63.79198434560209,0.998748579083964
188,2019-06-15 11:11:47,22.566808,114.05961200000002,8.98407317543028,60.95474928793675,0.3572640253936896
188,2019-06-15 11:11:48,22.566848,114.05969,9.34133720082397,62.15464426011488,0.7722468572237329
188,2019-06-15 11:11:49,22.566888,114.059772,10.113584058047705,60.78131929866936,0.942871399823094
188,2019-06-15 11:11:50,22.566935,114.059863,11.056455457870795,60.8295203398053,0.4962897662597143
188,2019-06-15 11:11:51,22.566985,114.05996,11.552745224130511,63.48117802655065,0.4731915743379762
188,2019-06-15 11:11:52,22.567032,114.06006200000002,12.025936798468488,67.2415039913364,0.1131519914796967
188,2019-06-15 11:11:53,22.567075,114.060173,12.139088789948184,69.81674876635077,-0.2154533403004173
188,2019-06-15 11:11:54,22.567112,114.060282,11.923635449647769,76.00865933354129,-0.2500073026477043
188,2019-06-15 11:11:55,22.567138,114.060395,11.673628147000064,81.59977883941798,-0.2052984741075256
188,2019-06-15 11:11:56,22.567153,114.060505,11.468329672892535,91.6467813878088,0.6121519364355716
188,2019-06-15 11:11:57,22.56715,114.060618,12.080481609328109,94.06179228064946,0.4402966419142018
188,2019-06-15 11:11:58,22.567142,114.06074,12.52077825124231,106.36605646844272,0.4264748328407357
188,2019-06-15 11:11:59,22.56711,114.060858,12.947253084083046,112.10176817359228,0.6524142542149765
188,2019-06-15 11:12:00,22.567065,114.060978,13.599667338298024,112.57949234692272,0.3407605697059246
188,2019-06-15 11:12:01,22.567017,114.061103,13.940427908003947,114.42404108865696,-0.0841590565013028
188,2019-06-15 11:12:02,22.566965,114.061227,13.856268851502644,120.06225515311512,-0.2130454841761153
188,2019-06-15 11:12:03,22.566903,114.061343,13.643223367326527,117.39854312330272,1.890596083597984e-05
188,2019-06-15 11:12:04,22.566847,114.06146,13.643242273287363,116.39686087548064,0.3810095749896174
188,2019-06-15 11:12:05,22.566792,114.06158,14.024251848276982,118.82546742873296,0.2565915040539508
188,2019-06-15 11:12:06,22.56673,114.061702,14.280843352330931,119.41566447455853,-0.6376021065978232
188,2019-06-15 11:12:07,22.566667,114.061823,13.64324124573311,118.00350748938706,-0.8802359037030136
188,2019-06-15 11:12:08,22.566612,114.061935,12.763005342030096,120.44987534699068,-0.8841159710904236
188,2019-06-15 11:12:09,22.566555,114.06204,11.878889370939673,124.91031348763954,-0.7539896330569107
188,2019-06-15 11:12:10,22.566497,114.06213,11.124899737882762,127.39461901343634,-0.4869555291825644
188,2019-06-15 11:12:11,22.566437,114.062215,10.637944208700198,140.18347471662827,-1.1563441984870693
188,2019-06-15 11:12:12,22.566365,114.06228,9.481600010213128,149.93471844256146,-0.5215037223336392
188,2019-06-15 11:12:13,22.566298,114.062322,8.96009628787949,170.13917991945164,0.387819989287939
188,2019-06-15 11:12:14,22.566213,114.06233799999998,9.347916277167428,167.6299492794053,-0.0097329750036259
188,2019-06-15 11:12:15,22.566133,114.062357,9.338183302163802,170.74445944593378,0.2299216145027713
188,2019-06-15 11:12:16,22.566048,114.062372,9.568104916666574,176.31376054412988,0.1663264098896064
188,2019-06-15 11:12:17,22.565962,114.062378,9.73443132655618,180.0,0.7766243660294787
188,2019-06-15 11:12:18,22.565873,114.062378,10.51105569258566,177.35641785861037,0.6810043164975639
188,2019-06-15 11:12:19,22.565773,114.062383,11.192060009083225,176.33801804628877,1.0782182605138413
188,2019-06-15 11:12:20,22.565672,114.06239,12.270278269597064,174.67995261603585,0.3804896345217354
188,2019-06-15 11:12:21,22.565553,114.062402,12.6507679041188,177.55198521232842,-0.1375463954376865
188,2019-06-15 11:12:22,22.565445,114.062407,12.513221508681111,179.54779259895406,0.7214645765402139
188,2019-06-15 11:12:23,22.565328,114.062408,13.234686085221329,182.62177571513485,-0.1683743732774321
188,2019-06-15 11:12:24,22.565207,114.062402,13.066311711943897,178.60791993821954,0.1102870955483847
188,2019-06-15 11:12:25,22.565093,114.062405,13.17659880749228,181.29025748682943,-1.162170323550976
188,2019-06-15 11:12:26,22.56497,114.062402,12.014428483941304,174.3293902828891,-0.6029651000202687
188,2019-06-15 11:12:27,22.564877,114.062412,11.411463383921037,179.52760373509545,1.0450138175740005
188,2019-06-15 11:12:28,22.564765,114.062413,12.456477201495035,178.11105529686984,-0.8665902371025602
188,2019-06-15 11:12:29,22.564653,114.062417,11.589886964392475,173.95990977236102,-0.1728811001157861
188,2019-06-15 11:12:30,22.564557,114.062428,11.417005864276687,179.02927267336122,-0.0722186249090732
188,2019-06-15 11:12:31,22.564448,114.06243,11.344787239367616,178.32963955726586,-0.7807701546520676
188,2019-06-15 11:12:32,22.564353,114.062433,10.564017084715548,180.5569274605717,3.237282102933035
188,2019-06-15 11:12:33,22.564258,114.062432,13.801299187648585,192.0815638568569,2.887449079070679
188,2019-06-15 11:12:34,22.564107,114.062397,16.688748266719262,186.8994763387048,-0.2501480068659809
188,2019-06-15 11:12:35,22.563962,114.062378,16.43860025985328,185.3112388645242,-0.2369702796208663
188,2019-06-15 11:12:36,22.563813,114.062363,16.201629980232415,185.98213918764023,-1.099767798182354
188,2019-06-15 11:12:37,22.563672,114.062347,15.10186218205006,181.6275635959988,1.449171150918529
188,2019-06-15 11:12:38,22.563542,114.062343,16.55103333296859,185.6841647146584,-0.0066903554028172
188,2019-06-15 11:12:39,22.563375,114.062325,16.544342977565773,180.81394774027552,-2.6441237580184627
188,2019-06-15 11:12:40,22.563245,114.062323,13.90021921954731,180.44090970646167,-0.1560376135467827
188,2019-06-15 11:12:41,22.563125,114.062322,13.744181606000527,184.1588427737329,0.0099694748996999
188,2019-06-15 11:12:42,22.562998,114.062312,13.754151080900227,182.2035089750255,-0.9641580256915638
188,2019-06-15 11:12:43,22.562878,114.062307,12.789993055208663,180.0,-0.5002722630947787
188,2019-06-15 11:12:44,22.562768,114.062307,12.289720792113885,177.6180224066875,0.0102911567533219
188,2019-06-15 11:12:45,22.562657,114.062312,12.300011948867208,177.1164135921972,-0.1172416057964138
188,2019-06-15 11:12:46,22.562547,114.062318,12.182770343070793,179.02925854454975,-0.0030295799499171
188,2019-06-15 11:12:47,22.562438,114.06232,12.179740763120876,183.84226741113065,0.2491780959499703
188,2019-06-15 11:12:48,22.562328,114.062312,12.428918859070846,184.20654089304315,0.7065394035718473
188,2019-06-15 11:12:49,22.562215,114.062303,13.135458262642691,181.2902844130789,0.3802143332325602
188,2019-06-15 11:12:50,22.562092,114.0623,13.515672595875252,189.6883929158782,-0.4924886883262314
188,2019-06-15 11:12:51,22.561973,114.062278,13.023183907549022,186.0643236964461,-0.6749525931520299
188,2019-06-15 11:12:52,22.56186,114.062265,12.348231314396992,189.7933557066576,-0.9031899776019632
188,2019-06-15 11:12:53,22.561753,114.062245,11.445041336795027,189.28740945911213,-1.522917567329051
188,2019-06-15 11:12:54,22.561657,114.062228,9.922123769465978,189.8233768979109,-1.2924944919381964
188,2019-06-15 11:12:55,22.561577,114.062213,8.629629277527782,184.28207700404724,-0.8458150819106551
188,2019-06-15 11:12:56,22.561503,114.062207,7.7838141956171265,175.99812213464656,0.1049538401910465
188,2019-06-15 11:12:57,22.561437,114.06221200000002,7.888768035808173,165.9860697305935,0.916099651061998
188,2019-06-15 11:12:58,22.561363,114.062232,8.804867686870171,167.00004161088702,0.5811810922890182
188,2019-06-15 11:12:59,22.561283,114.062252,9.38604877915919,158.24649957589338,0.1399553025316695
188,2019-06-15 11:13:00,22.561202,114.062287,9.52600408169086,170.63588591312475,-0.3884601850436997
188,2019-06-15 11:13:01,22.561118,114.062302,9.13754389664716,169.92979608511223,-0.0873608217578461
188,2019-06-15 11:13:02,22.56104,114.062317,9.050183074889311,173.02239397498738,0.1255201684877942
188,2019-06-15 11:13:03,22.560957,114.062328,9.175703243377107,168.8974792490069,-0.3511956598595649
188,2019-06-15 11:13:04,22.560877,114.062345,8.824507583517542,166.1656443543253,0.0175573731685467
188,2019-06-15 11:13:05,22.560802,114.062365,8.84206495668609,164.95135556417654,0.3111662829297739
188,2019-06-15 11:13:06,22.560723,114.06238799999998,9.153231239615865,167.77757590944975,-0.1528898685735509
188,2019-06-15 11:13:07,22.560642,114.062407,9.000341371042312,173.04607239750362,0.0989303067793949
188,2019-06-15 11:13:09,22.560483,114.062428,9.198201984601102,176.99643297340538,0.9890801900326592
188,2019-06-15 11:13:10,22.560395,114.062433,10.18728217463376,177.21738490479004,0.4879246674409323
188,2019-06-15 11:13:11,22.5603,114.062438,10.675206842074694,181.6359881464809,0.4461822231159562
188,2019-06-15 11:13:12,22.560203,114.062435,11.12138906519065,176.40879185273388,-0.0018964006222947
188,2019-06-15 11:13:13,22.5601,114.062442,11.119492664568355,183.8127112177526,-0.6942814690258992
188,2019-06-15 11:13:14,22.560003,114.062435,10.425211195542456,184.69271783217727,-0.7837188722299118
188,2019-06-15 11:13:15,22.559913,114.062427,9.641492323312544,183.1841560312367,-0.1899235582879797
188,2019-06-15 11:13:16,22.55983,114.062422,9.451568765024565,176.96195920056653,0.4580893993109445
188,2019-06-15 11:13:17,22.559743,114.062427,9.909658164335507,177.0952636000393,-0.0111789367126053
188,2019-06-15 11:13:18,22.559652,114.062432,9.898479227622904,185.45705022234156,-0.2109053370964204
188,2019-06-15 11:13:19,22.559565,114.062423,9.687573890526483,180.60815655946985,0.0421176599932842
188,2019-06-15 11:13:20,22.559478,114.062422,9.729691550519767,180.0,-0.2219707818273644
188,2019-06-15 11:13:21,22.55939,114.062422,9.507720768692405,181.27476970452776,-0.6121266371438185
188,2019-06-15 11:13:22,22.559307,114.06242,8.895594131548584,178.62593353086788,-0.504922994446833
188,2019-06-15 11:13:23,22.55923,114.062422,8.390671137101751,168.55749833833158,0.0098043099645579
188,2019-06-15 11:13:24,22.559157,114.062438,8.40047544706631,158.95401434289963,0.4545558231519688
188,2019-06-15 11:13:25,22.559085,114.062468,8.855031270218278,171.04003970178087,0.6521560591093412
188,2019-06-15 11:13:26,22.559003,114.062482,9.50718732932762,176.39713187553855,1.064313360235344
188,2019-06-15 11:13:27,22.558915,114.062488,10.571500689562964,178.96262586193507,1.4958798217260725
188,2019-06-15 11:13:28,22.558813,114.06249,12.067380511289036,178.61995630418767,1.3320016297536572
188,2019-06-15 11:13:29,22.558698,114.062493,13.399382141042691,182.0987416161208,0.7802950887150466
188,2019-06-15 11:13:30,22.558572,114.062488,14.17967722975774,180.0,0.7763929297046683
188,2019-06-15 11:13:31,22.558443,114.062488,14.956070159462408,179.2441572982675,1.0563285473090485
188,2019-06-15 11:13:32,22.558303,114.06249,16.012398706771457,180.0,1.0007349720924452
188,2019-06-15 11:13:33,22.558155,114.06249,17.013133678863902,179.3302561142957,0.8928568539876238
188,2019-06-15 11:13:34,22.557997,114.062492,17.905990532851526,178.38724804084313,0.6721490003451294
188,2019-06-15 11:13:35,22.557833,114.062497,18.57813953319665,178.1331677879457,0.3475767451131979
188,2019-06-15 11:13:36,22.557663,114.062503,18.925716278309853,176.27028630419863,0.0608082689235622
188,2019-06-15 11:13:37,22.557493,114.062515,18.98652454723341,177.52610294945907,0.2656086523845822
188,2019-06-15 11:13:38,22.557322,114.062523,19.252133199618,177.88446180612743,-0.1210242065282223
188,2019-06-15 11:13:39,22.557147,114.06253,19.13110899308977,179.37384069848804,-0.5544593558823614
188,2019-06-15 11:13:40,22.556978,114.062532,18.576649637207414,177.43625153630012,-0.3319377543592949
188,2019-06-15 11:13:41,22.556813,114.06253999999998,18.24471188284812,179.02624050908935,-0.3972614515622652
188,2019-06-15 11:13:42,22.55665,114.062543,17.847450431285854,180.0,-0.8895245432064236
188,2019-06-15 11:13:43,22.556492,114.062543,16.95792588807943,181.0797254457467,-0.8873059698171524
188,2019-06-15 11:13:44,22.556345,114.06253999999998,16.070619918262278,181.1177355976564,-0.3837302800873114
188,2019-06-15 11:13:45,22.556203,114.062537,15.686889638174966,182.64376801751604,-0.6712725134935109
188,2019-06-15 11:13:46,22.556063,114.06253,15.015617124681455,180.0,-0.8378920842723279
188,2019-06-15 11:13:47,22.555933,114.06253,14.177725040409127,180.84654664928323,-0.6671511947572544
188,2019-06-15 11:13:48,22.555808,114.062528,13.510573845651871,180.0,-1.1113827135180865
188,2019-06-15 11:13:49,22.55569,114.062528,12.399191132133788,181.51145220208448,-1.0012485534083186
188,2019-06-15 11:13:50,22.555585,114.062525,11.397942578725468,177.35622092997323,-0.5553430406031907
188,2019-06-15 11:13:51,22.555485,114.06253,10.842599538122276,181.1138212778782,-0.3897720057554945
188,2019-06-15 11:13:52,22.55539,114.062528,10.452827532366785,180.0,-0.2783621894987611
188,2019-06-15 11:13:53,22.555297,114.062528,10.174465342868022,180.58790433128144,0.1110653717516072
188,2019-06-15 11:13:54,22.555207,114.062527,10.285530714619629,179.44303561498748,0.2859704136254404
188,2019-06-15 11:13:55,22.555112,114.062528,10.57150112824507,176.10712515604666,-0.1736344840498045
188,2019-06-15 11:13:56,22.555017000000007,114.062535,10.397866644195265,185.73224941534653,-0.1625582591721617
188,2019-06-15 11:13:57,22.554925,114.062525,10.235308385023105,191.59750188606372,0.0128843837059076
188,2019-06-15 11:13:58,22.554835,114.062505,10.24819276872901,193.2793247982415,-0.3042319478312105
188,2019-06-15 11:13:59,22.554745,114.062482,9.9439608208978,190.46475294230228,-1.4129153873636042
188,2019-06-15 11:14:00,22.55466,114.062465,8.531045433534196,194.3454879599984,0.0254263586919556
188,2019-06-15 11:14:01,22.55459500000001,114.062447,8.556471792226152,180.0,0.6241478055001881
188,2019-06-15 11:14:02,22.554507,114.062447,9.18061959772634,184.7990678010009,-0.8393527173776842
188,2019-06-15 11:14:03,22.55443,114.06244,8.341266880348655,188.75025871212637,-1.4649608445388154
188,2019-06-15 11:14:04,22.554358,114.062428,6.87630603580984,190.464779003157,-1.476095511471807
188,2019-06-15 11:14:05,22.554308,114.062418,5.400210524338033,186.86868050917184,-1.2225052286857307
188,2019-06-15 11:14:06,22.554262,114.062412,4.177705295652302,178.1760087976238,-1.4529457771146077
188,2019-06-15 11:14:07,22.554233,114.062413,2.7247595185376947,180.0,-0.214457926028174
188,2019-06-15 11:14:08,22.554213,114.062413,2.5103015925095207,171.59463961508186,0.182470911810161
188,2019-06-15 11:14:09,22.554188,114.062417,2.6927725043196817,173.1313146730639,-0.8573378980709288
188,2019-06-15 11:14:10,22.554165,114.06242,1.835434606248753,190.46479036389235,-0.5525762535172027
188,2019-06-15 11:14:11,22.554155,114.062418,1.2828583527315502,180.0,0.2191510157615297
188,2019-06-15 11:14:12,22.554142,114.062418,1.50200936849308,183.77407933676795,0.1306280277465876
188,2019-06-15 11:14:13,22.554128,114.062417,1.6326373962396676,193.8350005292264,0.0735719960154022
188,2019-06-15 11:14:14,22.554113,114.062413,1.7062093922550698,190.46479454769843,1.0737823169579357
188,2019-06-15 11:14:15,22.554098,114.06241,2.779991709213005,178.75516757349658,0.2823169520090394
188,2019-06-15 11:14:18,22.554013,114.062412,3.626942565240124,168.40242726429074,1.789841367050654
188,2019-06-15 11:14:19,22.553968,114.062422,5.416783932290778,171.7571477541885,0.6017755962730567
188,2019-06-15 11:14:20,22.553917,114.06243,6.018559528563834,180.0,0.3759733683859974
188,2019-06-15 11:14:21,22.55386,114.06243,6.394532896949832,181.82399688571644,0.2868369554333316
188,2019-06-15 11:14:22,22.553802,114.062428,6.681369852383163,184.2593788687576,-0.1562337969493423
188,2019-06-15 11:14:23,22.55374,114.062423,6.525136055433821,184.7990935783534,-0.387899059578074
188,2019-06-15 11:14:24,22.553685,114.062418,6.137236995855747,184.7990954821204,1.730174137293261e-08
188,2019-06-15 11:14:25,22.55363,114.062413,6.137237013157488,184.79909738671165,-0.2850698223880012
188,2019-06-15 11:14:26,22.553575,114.062408,5.852167190769487,183.17159014434304,-1.0127358153648078
188,2019-06-15 11:14:27,22.553525,114.062405,4.839431375404679,180.0,-0.2662935556247534
188,2019-06-15 11:14:28,22.553488,114.062405,4.573137819779926,171.82487819803077,0.6984157258141375
188,2019-06-15 11:14:29,22.553443,114.062412,5.271553545594063,165.95724896919955,0.6585367549337553
188,2019-06-15 11:14:30,22.553395,114.062425,5.9300903005278185,164.0684707697642,0.861130105467522
188,2019-06-15 11:14:31,22.55334,114.062442,6.7912204059953405,162.62998944032142,0.9258203459598427
188,2019-06-15 11:14:32,22.553278,114.062463,7.717040751955183,164.03087499308162,0.7892818981916854
188,2019-06-15 11:14:33,22.553207,114.062485,8.506322650146869,166.5109608552484,0.3182079119279279
188,2019-06-15 11:14:34,22.55313,114.062505,8.824530562074797,168.6195093246107,0.0344392502342323
188,2019-06-15 11:14:35,22.553052,114.062522,8.858969812309029,164.57804381381584,-0.2051892960103618
188,2019-06-15 11:14:36,22.552975,114.062545,8.653780516298667,164.44689987931497,-0.2857061526479665
188,2019-06-15 11:14:37,22.552902,114.062567,8.3680743636507,170.78456617375252,-0.7446178044968192
188,2019-06-15 11:14:38,22.552828,114.06258,7.623456559153881,168.86552323302,-0.722796678035901
188,2019-06-15 11:14:39,22.552767000000006,114.062593,6.9006598811179805,175.7405892949339,-0.5326705169758874
188,2019-06-15 11:14:40,22.552705,114.062598,6.367989364142093,172.91329183441076,-0.796637430751657
188,2019-06-15 11:14:41,22.552653,114.062605,5.571351933390436,180.0,-0.2895929179326639
188,2019-06-15 11:14:42,22.552605,114.062605,5.281759015457772,180.0,0.4677527095294405
188,2019-06-15 11:14:43,22.552558,114.062605,5.7495117249872125,189.36468862215364,0.3877256389045307
188,2019-06-15 11:14:44,22.552502,114.062595,6.137237363891743,180.0,-0.0751564969954827
188,2019-06-15 11:14:45,22.552448,114.062595,6.0620808668962605,177.11620168514526,0.336779624354377
188,2019-06-15 11:14:46,22.552393,114.062598,6.3988604912506375,178.2367452177691,0.4427109949427263
188,2019-06-15 11:14:47,22.552333,114.0626,6.841571486193364,178.3206596947864,0.1654022414482039
188,2019-06-15 11:14:48,22.55227,114.062602,7.006973727641568,179.160149095453,0.2208788845914293
188,2019-06-15 11:14:49,22.552207,114.062603,7.227852612232997,180.0,0.2266296301213604
188,2019-06-15 11:14:50,22.55214,114.062603,7.454482242354357,183.9426048804889,-0.6036685455129671
188,2019-06-15 11:14:51,22.552073,114.062598,6.85081369684139,182.83239423899724,-0.9304794441852922
188,2019-06-15 11:14:52,22.552017000000006,114.062595,5.920334252656098,188.4054938498377,-0.8787695086593557
188,2019-06-15 11:14:53,22.551967,114.062587,5.041564743996743,185.2764831575135,-1.2992348204163924
188,2019-06-15 11:14:54,22.551927,114.062583,3.74232992358035,185.858883758391,-1.013702820182626
188,2019-06-15 11:14:55,22.5519,114.06258,2.728627103397724,180.0,-0.224634595243339
188,2019-06-15 11:14:56,22.551878,114.06258,2.503992508154385,184.59141023531285,-0.2215888007858932
188,2019-06-15 11:14:57,22.551855,114.062578,2.282403707368492,203.4899457358456,-1.280333016496137
188,2019-06-15 11:14:58,22.551838,114.06257,1.002070690872355,98.79313348667154,0.0236141332192443
188,2019-06-15 11:14:59,22.551837,114.062577,1.025684824091599,124.56891907641932,0.1990899656888816
188,2019-06-15 11:15:00,22.55183,114.062588,1.2247747897804806,184.06352303968123,-1.0840664298054468
188,2019-06-15 11:15:01,22.551817,114.062587,0.1407083599750339,166.99917061939118,0.0002559345435012
188,2019-06-15 11:16:31,22.551717,114.06261200000002,0.1637424688901489,180.0,3.493963350864162
188,2019-06-15 11:16:32,22.551685,114.06261200000002,3.657705819754311,162.88929371023085,0.9671560438620834
188,2019-06-15 11:16:33,22.551652,114.062623,4.6248618636163945,185.27649555481747,1.1718467178713825
188,2019-06-15 11:16:34,22.551602,114.062618,5.796708581487777,182.9371273090763,0.5546991676173905
188,2019-06-15 11:16:35,22.551548,114.062615,6.351407749105167,184.40088088303403,0.2429630645114757
188,2019-06-15 11:16:36,22.551488,114.06261,6.594370813616643,187.25948126953847,0.0781150726667609
188,2019-06-15 11:16:37,22.55143,114.062602,6.672485886283404,171.5276636188338,0.0224675529825315
188,2019-06-15 11:16:38,22.551368,114.06261200000002,6.694953439265936,165.21841650300894,-0.8827367275316851
188,2019-06-15 11:16:39,22.551312,114.062628,5.8122167117342505,160.36253154325937,-0.8081895483090822
188,2019-06-15 11:16:40,22.551268,114.062645,5.004027163425168,157.43263682289012,-0.2951808572372378
188,2019-06-15 11:16:41,22.551228,114.062663,4.70884630618793,136.36871580744844,-0.2568540407437067
188,2019-06-15 11:16:42,22.551197,114.062695,4.451992265444224,92.63810347897544,0.2771017672560489
188,2019-06-15 11:16:43,22.551195,114.062742,4.729094032700273,92.75517642794426,-0.0552553258767627
188,2019-06-15 11:16:44,22.551193,114.062787,4.67383870682351,89.99999118065432,0.6195066960769537
188,2019-06-15 11:16:45,22.551193,114.062833,5.293345402900464,85.65469069944726,1.2335606864629778
188,2019-06-15 11:16:46,22.551197,114.06289,6.526906089363441,89.11377879547456,1.034097204443138
188,2019-06-15 11:16:47,22.551198,114.06296,7.561003293806579,84.37814236597478,0.8106262228173877
188,2019-06-15 11:16:48,22.551205,114.063037,8.371629516623967,82.74031966415669,1.613409455357976
188,2019-06-15 11:16:49,22.551215,114.063122,9.985038971981943,83.13967445024991,1.495519777969438
188,2019-06-15 11:16:50,22.551227,114.06323,11.48055874995138,88.38198628231015,0.6930890366884395
188,2019-06-15 11:16:51,22.55123,114.063345,12.17364778663982,88.47477530940654,0.6640141721992396
188,2019-06-15 11:16:52,22.551233,114.063467,12.83766195883906,89.99997545523593,-0.0960105125342281
188,2019-06-15 11:16:53,22.551233,114.063595,12.741651446304832,94.12878247592188,-0.1539439166645575
188,2019-06-15 11:16:54,22.551225,114.063715,12.587707529640277,89.99997602956199,0.2661980997518025
188,2019-06-15 11:16:55,22.551225,114.06383999999998,12.853905629392075,95.93445498043673,0.2108603050127602
188,2019-06-15 11:16:56,22.551213,114.063965,13.064765934404836,96.27564423673108,0.346381166431307
188,2019-06-15 11:16:57,22.5512,114.064093,13.411147100836144,94.68943664865446,0.1771943494122485
188,2019-06-15 11:16:58,22.55119,114.064225,13.588341450248391,93.28633877516006,0.0376188871168086
188,2019-06-15 11:16:59,22.551183,114.064357,13.625960337365202,92.7965253436966,-0.0926069229415436
188,2019-06-15 11:17:00,22.551177,114.06449,13.533353414423658,94.76125262088868,-0.5083922102712286
188,2019-06-15 11:17:01,22.551167,114.06462,13.02496120415243,93.5262194377006,0.0085417358535213
188,2019-06-15 11:17:02,22.55116,114.064743,13.03350294000595,95.70773907105348,0.4524003535969925
188,2019-06-15 11:17:03,22.551148,114.064873,13.485903293602943,92.34863816547244,-0.0137585301549432
188,2019-06-15 11:17:04,22.551143,114.065005,13.472144763448,93.81215297819938,-0.3052567309285976
188,2019-06-15 11:17:05,22.551135,114.065135,13.166888032519402,98.37713469106636,-0.1058669617901024
188,2019-06-15 11:17:06,22.551118,114.06526,13.0610210707293,97.2879091432436,-0.0587051954127169
188,2019-06-15 11:17:07,22.551103,114.06538700000002,13.002315875316585,93.96416303931466,-0.1453932483276112
188,2019-06-15 11:17:08,22.551095,114.065512,12.856922626988972,92.48000383738616,-0.2134865762486715
188,2019-06-15 11:17:09,22.55109,114.065637,12.6434360507403,92.56188141259946,-0.0512960414053882
188,2019-06-15 11:17:10,22.551085,114.065758,12.592140009334912,92.4999787983814,0.3547873792092026
188,2019-06-15 11:17:11,22.55108,114.065882,12.946927388544117,91.4537127615755,-0.6026206190245453
188,2019-06-15 11:17:12,22.551077,114.06601,12.34430676951957,95.52205229172388,-0.8799753257950815
188,2019-06-15 11:17:13,22.551067,114.066122,11.464331443724488,96.73670005680192,-0.0624318532298193
188,2019-06-15 11:17:14,22.551055,114.066232,11.401899590494669,94.46224483069034,0.3115423051201595
188,2019-06-15 11:17:15,22.551047,114.066343,11.713441895614828,89.46974120912336,0.0962260186320058
188,2019-06-15 11:17:16,22.551048,114.06646,11.809667914246834,90.54898298813488,-0.5047105323703462
188,2019-06-15 11:17:17,22.551047,114.066573,11.304957381876488,94.05186509140242,-0.5591707233328531
188,2019-06-15 11:17:18,22.55104,114.06668,10.745786658543636,91.8240527749722,-0.3732209688761365
188,2019-06-15 11:17:19,22.551037,114.066782,10.372565689667498,86.90103518045436,-0.1032884990422839
188,2019-06-15 11:17:20,22.551042,114.066882,10.269277190625214,93.09892646808277,-0.9942096699374456
188,2019-06-15 11:17:21,22.551037,114.066982,9.275067520687768,96.9452014523614,-1.399421393542073
188,2019-06-15 11:17:22,22.551028,114.067062,7.875646127145695,90.84977868792868,0.9495342616557734
188,2019-06-15 11:17:23,22.551027,114.067135,8.825180388801469,99.41027243371305,-0.0110128746510618
188,2019-06-15 11:17:24,22.551012,114.067233,8.814167514150407,96.0094612898854,-1.5909179986101778
188,2019-06-15 11:17:25,22.551005,114.067305,7.223249515540229,101.86492118025546,-0.0527885113261836
188,2019-06-15 11:17:26,22.550992,114.067372,7.1704610042140455,100.51562859317936,-0.1007163398356665
188,2019-06-15 11:17:27,22.55098,114.067442,7.069744664378379,102.21918111824186,-0.0127268027177773
188,2019-06-15 11:17:28,22.550967,114.067507,7.057017861660602,106.83289875917508,-0.6120016936564951
188,2019-06-15 11:17:29,22.550948,114.067575,6.4450161680041065,107.3458541042857,0.2211449527030149
188,2019-06-15 11:17:30,22.550933,114.067627,6.666161120707121,119.86475081990308,-0.0168591599937739
188,2019-06-15 11:17:31,22.550898,114.067693,6.6493019607133474,134.17872145175,-0.3813747410303589
188,2019-06-15 11:17:32,22.550863,114.067732,6.2679272196829885,154.4665184194289,0.584387936044112
188,2019-06-15 11:17:33,22.550805,114.06776200000002,6.8523151557271005,153.99187933407302,0.3644717738581731
188,2019-06-15 11:17:34,22.550752,114.06779,7.216786929585274,165.01369910509584,1.1512936525985769
188,2019-06-15 11:17:35,22.550683,114.06781,8.36808058218385,169.92904987229713,1.1922093261458553
188,2019-06-15 11:17:36,22.550605,114.067825,9.560289908329706,172.5648913340283,2.9728272751062725
188,2019-06-15 11:17:37,22.550513,114.067838,12.533117183435978,191.00274571675868,1.451345588657798
188,2019-06-15 11:17:38,22.55038,114.06781,13.984462772093776,180.90445722457764,-1.085442486814598
188,2019-06-15 11:17:39,22.550263,114.067808,12.899020285279178,178.16010443751634,0.3431346259474033
188,2019-06-15 11:17:40,22.550148,114.06781200000002,13.242154911226582,186.0008339058731,0.0188014538147367
188,2019-06-15 11:17:41,22.550025,114.067798,13.260956365041318,181.38013157070452,-1.0268203488608023
188,2019-06-15 11:17:42,22.54991,114.067795,12.234136016180516,181.00780687653287,-1.0029789180695443
188,2019-06-15 11:17:43,22.549805,114.067793,11.231157098110971,180.0,-1.223613699787256
188,2019-06-15 11:17:44,22.549708,114.067793,10.007543398323715,180.0,-1.7789586210281725
188,2019-06-15 11:17:45,22.549625,114.067793,8.228584777295543,180.8140285057268,-3.595748466200779
188,2019-06-15 11:17:46,22.54956,114.067792,4.632836311094764,199.75614014829327,-1.0465146829416647
188,2019-06-15 11:17:47,22.549542,114.067785,3.5863216281531,189.32399976426785,0.7097451799574883
188,2019-06-15 11:17:48,22.549497,114.067777,4.296066808110588,178.34685111271222,-0.3957854549824628
188,2019-06-15 11:17:49,22.549465,114.067778,3.900281353128125,188.29659533611732,0.6875350434166916
188,2019-06-15 11:17:50,22.549427,114.067772,4.587816396544817,184.79924254056812,0.8598590744696493
188,2019-06-15 11:17:51,22.549383,114.067768,5.447675471014466,190.85084868029213,0.6275664448420217
188,2019-06-15 11:17:52,22.54933,114.067757,6.075241915856488,186.70394117427207,-0.3429510386535632
188,2019-06-15 11:17:53,22.549275,114.06775,5.732290877202924,177.79627317003246,-0.2718969421130062
188,2019-06-15 11:17:54,22.549227,114.067752,5.460393935089918,174.72341223361468,0.621443708507976
188,2019-06-15 11:17:55,22.549177,114.067757,6.081837643597894,175.5247518159107,0.5414296336404671
188,2019-06-15 11:17:56,22.549118,114.06776200000002,6.623267277238361,179.1181429009157,0.0484283212904541
188,2019-06-15 11:17:57,22.549058,114.067763,6.671695598528816,180.8818574824673,-0.1013562620014116
188,2019-06-15 11:17:58,22.548998,114.06776200000002,6.570339336527404,172.74038914699054,0.134665957838223
188,2019-06-15 11:17:59,22.54894,114.06777,6.705005294365627,175.74047158836674,-0.0206758349827422
188,2019-06-15 11:18:00,22.548878,114.067775,6.684329459382885,177.26506030723215,-0.3547801338888101
188,2019-06-15 11:18:01,22.548820000000006,114.067778,6.3295493254940745,168.60731112335316,0.0282619620380506
188,2019-06-15 11:18:02,22.548765,114.06779,6.357811287532125,173.6398705312463,0.2605064180728087
188,2019-06-15 11:18:03,22.548707,114.067797,6.618317705604934,171.24938471151904,0.6401113754662999
188,2019-06-15 11:18:04,22.548647,114.067807,7.258429081071234,177.73336363638953,0.5456819747945705
188,2019-06-15 11:18:05,22.548577,114.06781,7.804111055865804,173.97478692380014,0.5067612042534249
188,2019-06-15 11:18:06,22.548507,114.067818,8.310872260119229,176.65470233224323,0.5328517784354752
188,2019-06-15 11:18:07,22.548428,114.067823,8.843724038554704,180.0,0.2222984253454374
188,2019-06-15 11:18:08,22.548348,114.067823,9.066022463900142,176.81557755946244,0.2857765385572115
188,2019-06-15 11:18:09,22.548265,114.067828,9.351799002457351,177.5114041653103,0.1020011376046952
188,2019-06-15 11:18:10,22.54818,114.067832,9.453800140062048,180.0,-0.1132851651705575
188,2019-06-15 11:18:11,22.548095,114.067832,9.34051497489149,179.36248407485687,0.2812720462957898
188,2019-06-15 11:18:12,22.548012,114.067833,9.62178702118728,183.52328834586024,-0.0555775486242851
188,2019-06-15 11:18:13,22.547922,114.067827,9.566209472562996,179.3547093150297,-0.8223180514577955
188,2019-06-15 11:18:14,22.54784,114.067828,8.7438914211052,173.67587601926903,-0.007692470967747
188,2019-06-15 11:18:15,22.547765,114.067837,8.736198950137453,181.2904191454912,-0.1179802515480901
188,2019-06-15 11:18:16,22.547683,114.067835,8.618218698589363,180.0,-0.8345738336390784
188,2019-06-15 11:18:17,22.54761,114.067835,7.7836448649502845,180.0,-0.3884691536313438
188,2019-06-15 11:18:18,22.547543,114.067835,7.395175711318941,178.3968969030659,-0.3150211868469146
188,2019-06-15 11:18:19,22.547477,114.067837,7.080154524472026,164.51360967901303,-0.047315217621807
188,2019-06-15 11:18:20,22.547417000000006,114.067855,7.032839306850219,177.55918870023515,0.4743988386554036
188,2019-06-15 11:18:21,22.547352,114.067858,7.507238145505623,180.0,0.5570100496659034
188,2019-06-15 11:18:22,22.547282,114.067858,8.064248195171526,177.18007566392134,0.3942066124225434
188,2019-06-15 11:18:23,22.547207,114.067862,8.45845480759407,177.9392133650731,0.1689370149266054
188,2019-06-15 11:18:24,22.54713,114.067865,8.627391822520675,176.61187946751977,0.44211990901975
188,2019-06-15 11:18:25,22.547052,114.06787,9.069511731540423,178.7551040241915,0.3820570333073085
188,2019-06-15 11:18:26,22.546967,114.067872,9.451568764847734,181.24489674227985,0.0005579034541582
188,2019-06-15 11:18:27,22.546882,114.06787,9.452126668301892,180.0,-0.0526483832046427
188,2019-06-15 11:18:28,22.546797,114.06787,9.39947828509725,176.8533754139091,-0.7818714700214091
188,2019-06-15 11:18:29,22.546713,114.067875,8.61760681507584,183.72127495254747,-1.0556544328668096
188,2019-06-15 11:18:30,22.546642,114.06787,7.56195238220903,177.5591750098547,-1.1630914575417002
188,2019-06-15 11:18:31,22.546577,114.067873,6.39886092466733,177.88429911612138,-1.1724471260782323
188,2019-06-15 11:18:32,22.546527,114.067875,5.226413798589098,183.60319194225784,-0.5424154531006771
188,2019-06-15 11:18:33,22.546483,114.067872,4.683998345488421,185.27669167781835,-0.5129241611003108
188,2019-06-15 11:18:34,22.546443,114.067868,4.17107418438811,176.97899575044596,-0.1095370453086488
188,2019-06-15 11:18:35,22.546408,114.06787,4.061537139079461,186.9287413999913,-0.0016232489062506
188,2019-06-15 11:18:36,22.54637,114.067865,4.059913890173211,169.53462967322866,-0.0097505787482381
188,2019-06-15 11:18:37,22.546335,114.067872,4.050163311424972,172.88588554880266,-0.1015087660722908
188,2019-06-15 11:18:38,22.546298,114.067877,3.9486545453526816,167.37984749773375,0.3143372224102192
188,2019-06-15 11:18:39,22.546265,114.067885,4.262991767762901,176.31323448062744,0.6682335329569771
188,2019-06-15 11:18:40,22.546222,114.06788799999998,4.931225300719878,169.53461788780805,0.5492653938777625
188,2019-06-15 11:18:41,22.546177,114.067897,5.48049069459764,169.92872965326444,0.3750511178551727
188,2019-06-15 11:18:42,22.546125,114.067907,5.855541812452813,171.91309378015058,0.198182429490374
188,2019-06-15 11:18:43,22.546073,114.067915,6.053724241943187,173.41455703477413,0.5356494538820034
188,2019-06-15 11:18:44,22.54601700000001,114.067922,6.589373695825191,175.74038169846096,0.3238078280535896
188,2019-06-15 11:18:45,22.545955,114.067927,6.91318152387878,175.7403797698861,-0.0867000250964098
188,2019-06-15 11:18:46,22.545893,114.067932,6.82648149878237,171.2492090376768,-0.2731129541475239
188,2019-06-15 11:18:47,22.545833,114.067942,6.553368544634846,163.182011080606,0.4717829598131953
188,2019-06-15 11:18:48,22.545778,114.06796,7.025151504448042,178.48843965296396,1.10003238322971
188,2019-06-15 11:18:49,22.545708,114.067962,8.125183887677752,176.5228986754837,-0.010740558362114
188,2019-06-15 11:18:50,22.545632,114.067967,8.114443329315637,170.12897505936758,0.094597516179661
188,2019-06-15 11:18:51,22.545563,114.06798,8.209040845495299,178.64340805017014,0.6902575281200196
188,2019-06-15 11:18:52,22.545485,114.067982,8.899298373615318,178.06474824284874,0.1957606947282695
188,2019-06-15 11:18:53,22.545403,114.067985,9.095059068343588,172.20881907059845,0.2170569780855356
188,2019-06-15 11:18:54,22.545322,114.067997,9.312116046429123,156.31298032862765,0.6885008489285305
188,2019-06-15 11:18:55,22.545242,114.068035,10.000616895357654,155.21303389770048,0.4696750208190678
188,2019-06-15 11:18:56,22.545158,114.068077,10.470291916176722,159.72419158819696,0.5292443162365501
188,2019-06-15 11:18:57,22.545068,114.06811299999998,10.999536232413272,160.4061668852487,0.4238901788224023
188,2019-06-15 11:18:58,22.544972,114.06815,11.423426411235674,156.3713407106054,0.2707687575455395
188,2019-06-15 11:18:59,22.544877,114.068195,11.694195168781214,155.43820625499313,0.0173980061809579
188,2019-06-15 11:19:00,22.54478,114.068243,11.711593174962172,149.67515990439455,-0.4994158169844045
188,2019-06-15 11:19:01,22.54469,114.0683,11.212177357977769,147.29946717922644,-0.3756590785152038
188,2019-06-15 11:19:02,22.544608,114.068357,10.836518279462563,151.76570195176822,0.2195906238772611
188,2019-06-15 11:19:03,22.544522,114.068407,11.056108903339824,155.2129187193409,-0.0546863603630818
188,2019-06-15 11:19:04,22.54443,114.068453,11.001422542976742,148.99895560932407,-0.2192508452723753
188,2019-06-15 11:19:05,22.544347,114.068507,10.782171697704367,155.9523367010488,-0.1048986384344186
188,2019-06-15 11:19:06,22.544258,114.06855,10.677273059269949,153.94338334985127,-0.210194799056655
188,2019-06-15 11:19:07,22.544173,114.068595,10.467078260213292,152.39071027283944,0.1598501422933793
188,2019-06-15 11:19:08,22.54409,114.068642,10.626928402506673,157.18134473609757,0.3740642240559531
188,2019-06-15 11:19:09,22.544,114.068683,11.000992626562626,161.2081757363277,0.75401704321518
188,2019-06-15 11:19:10,22.543905,114.068718,11.755009669777806,166.07165002442616,0.3652835753474939
188,2019-06-15 11:19:11,22.543797,114.068747,12.1202932451253,166.99844035833098,-0.3112407242152617
188,2019-06-15 11:19:12,22.543693,114.068773,11.809052520910038,172.4837430565792,-0.2937337033290959
188,2019-06-15 11:19:13,22.543588,114.06878799999998,11.515318817580942,171.07683325260348,-0.2046729209390996
188,2019-06-15 11:19:14,22.543488,114.068805,11.310645896641844,171.16377407783295,0.1021383473638106
188,2019-06-15 11:19:15,22.543387,114.068822,11.412784244005652,171.7565213426832,-0.0392025966847366
188,2019-06-15 11:19:16,22.543285,114.068838,11.373581647320917,170.0469462762277,0.6600075587093777
188,2019-06-15 11:19:17,22.543185,114.068857,12.033589206030294,176.323807650734,0.4995305223463404
188,2019-06-15 11:19:18,22.54307,114.068865,12.533119728376636,176.6363640707558,0.1606664470499144
188,2019-06-15 11:19:19,22.54296,114.068872,12.693786175426547,177.31123032611254,0.4853137652401003
188,2019-06-15 11:19:20,22.542842,114.068878,13.17909994066665,180.44468043916424,0.1254510209076347
188,2019-06-15 11:19:21,22.542723,114.068877,13.304550961574284,185.27683769969744,-0.093427903677755
188,2019-06-15 11:19:22,22.542603,114.068865,13.211123057896527,188.15589605242707,-0.4623516454580212
188,2019-06-15 11:19:23,22.542487,114.068847,12.748771412438508,191.39320252114456,-0.3579669718644922
188,2019-06-15 11:19:24,22.542377,114.068823,12.390804440574016,194.98048507821755,-0.6298162708716504
188,2019-06-15 11:19:25,22.54227,114.068792,11.760988169702363,199.7845193005092,-0.0351149741534566
188,2019-06-15 11:19:26,22.542175,114.068755,11.725873195548909,204.7874534922819,-0.8418793893943288
188,2019-06-15 11:19:27,22.542075,114.068705,10.88399380615458,208.99343630146532,-1.5693560109271996
188,2019-06-15 11:19:28,22.542,114.06866,9.31463779522738,261.4480782786182,0.8672446394662963
188,2019-06-15 11:19:29,22.541985,114.068552,10.181882434693676,251.02073673202136,-0.1243702891079756
188,2019-06-15 11:19:30,22.541958,114.068467,10.0575121455857,249.05416890092204,-0.3509580506365175
188,2019-06-15 11:19:31,22.541923,114.068368,9.706554094949183,266.35580179024083,-0.7203431229080408
188,2019-06-15 11:19:32,22.541918,114.068283,8.986210972041142,273.442276473366,-0.2678314958843053
188,2019-06-15 11:19:33,22.541923,114.068193,8.718379476156837,314.50234833537166,0.5259526933847205
188,2019-06-15 11:19:34,22.541982,114.068128,9.244332169541558,308.2677959697046,-1.171697391534572
188,2019-06-15 11:19:35,22.542033,114.068058,8.072634778006986,317.8880872717375,-1.3253557680864576
188,2019-06-15 11:19:36,22.54208,114.068012,6.747279009920528,331.94930515219926,1.7385646340144154
188,2019-06-15 11:19:37,22.542132,114.067982,8.485843643934944,7.887526640173178,0.7634513392039199
188,2019-06-15 11:19:38,22.542232,114.067997,9.249294983138864,6.485171431734727,-2.7736313232397825
188,2019-06-15 11:19:39,22.542297,114.068005,6.475663659899081,12.498278691177973,-1.0804956202656824
188,2019-06-15 11:19:40,22.542347,114.068017,5.395168039633399,21.137580319205316,-0.4158072492354909
188,2019-06-15 11:19:41,22.54239,114.068035,4.979360790397908,45.29023946022983,0.2331293775559855
188,2019-06-15 11:19:42,22.542422,114.06807,5.212490167953893,54.81500646792995,-0.1669574214376172
188,2019-06-15 11:19:43,22.54245,114.06811299999998,5.045532746516276,58.584747958188245,0.5032322255367516
188,2019-06-15 11:19:44,22.542472,114.068152,5.548764972053028,72.0052846882914,1.6870739972435969
188,2019-06-15 11:19:45,22.54249,114.06821200000002,7.235838969296624,69.65539217302864,0.4050362193981787
188,2019-06-15 11:19:46,22.542515,114.068285,7.640875188694803,78.63070129218835,-0.167498014873713
188,2019-06-15 11:19:47,22.542528,114.068355,7.47337717382109,79.90803124496875,0.4545479334862383
188,2019-06-15 11:19:48,22.54254,114.068428,7.927925107307328,79.89760282353063,1.132119654631654
188,2019-06-15 11:19:49,22.542553,114.068507,9.060044761938984,80.93431160884319,0.382696069171125
188,2019-06-15 11:19:50,22.542567,114.068602,9.442740831110108,78.61088638611807,-0.1981049862441395
188,2019-06-15 11:19:51,22.542583,114.068688,9.244635844865968,77.12476136809886,1.0125100286525832
188,2019-06-15 11:19:52,22.542602,114.068778,10.257145873518551,77.78150431368954,2.2152568222194238
188,2019-06-15 11:19:53,22.54262300000001,114.068883,12.472402695737976,81.27201887512348,0.7777537963207521
188,2019-06-15 11:19:54,22.542642,114.069017,13.250156492058728,78.27621712823463,-0.5946347338939368
188,2019-06-15 11:19:55,22.542665,114.069137,12.65552175816479,82.47816370536162,0.929954561945756
188,2019-06-15 11:19:56,22.54268,114.06926,13.585476320110546,78.90251497905308,0.2502236289005175
188,2019-06-15 11:19:57,22.542705,114.069398,13.835699949011063,80.32363478915624,-0.9108606446221844
188,2019-06-15 11:19:58,22.542725,114.069525,12.92483930438888,86.47394837758861,-0.2141307375313577
188,2019-06-15 11:19:59,22.542732,114.069648,12.71070856685752,86.00416449847444,-0.3879136897426054
188,2019-06-15 11:20:00,22.54274,114.069772,12.322794877114916,83.55402206182293,-1.36150272356951
188,2019-06-15 11:20:01,22.542752,114.069887,10.961292153545406,89.36698966550091,-0.7927294643573539
188,2019-06-15 11:20:02,22.542753,114.069985,10.168562689188052,88.75946078041045,0.2577512280874661
188,2019-06-15 11:20:03,22.542755,114.070085,10.426313917275518,88.79558103511732,0.210147945319111
188,2019-06-15 11:20:04,22.542757,114.070188,10.63646186259463,87.02018398711505,-0.3411672308638138
188,2019-06-15 11:20:05,22.542762,114.070292,10.295294631730815,84.84430026733412,0.4179024217067937
188,2019-06-15 11:20:06,22.54277,114.070388,10.713197053437607,86.12864907141454,0.9729253449172646
188,2019-06-15 11:20:07,22.542777,114.0705,11.686122398354874,85.69258358310788,0.8571469933142595
188,2019-06-15 11:20:08,22.542785,114.070615,12.543269391669131,82.76880510307478,0.3057827120837935
188,2019-06-15 11:20:09,22.5428,114.070743,12.849052103752928,78.68078246731773,-0.5246434999261478
188,2019-06-15 11:20:10,22.542822,114.070862,12.32440860382678,83.19767340042677,0.0546390425318126
188,2019-06-15 11:20:11,22.542835,114.07098,12.379047646358591,85.93887416579673,0.4972594651684421
188,2019-06-15 11:20:12,22.542843,114.071102,12.876307111527034,85.16494324978225,0.157975048204479
188,2019-06-15 11:20:13,22.542853,114.07123,13.034282159731513,85.54241778734831,0.2092836636182138
188,2019-06-15 11:20:14,22.542862,114.071355,13.243565823349726,84.84428959239955,0.4348340293560451
188,2019-06-15 11:20:15,22.542873,114.071487,13.678399852705772,83.49795100571862,-0.0055387211382935
188,2019-06-15 11:20:16,22.542887,114.07162,13.672861131567478,85.31079361246196,0.2275521667474507
188,2019-06-15 11:20:17,22.542897,114.071752,13.900413298314929,86.40840905020218,0.6658883716962674
188,2019-06-15 11:20:18,22.542905,114.07189,14.566301670011196,85.72956860912774,0.2525001859552755
188,2019-06-15 11:20:19,22.542915,114.072035,14.818801855966472,86.96609522527467,-0.5636489342115301
188,2019-06-15 11:20:20,22.542922,114.072178,14.255152921754942,85.38047465947653,-0.6697556420131097
188,2019-06-15 11:20:21,22.542932,114.072312,13.585397279741832,87.13916510011973,-0.3330528254891494
188,2019-06-15 11:20:22,22.542938,114.072442,13.252344454252682,89.99997546441853,-0.6173335564477576
188,2019-06-15 11:20:23,22.542938,114.07257,12.635010897804923,92.62677009750088,-0.8245181318912902
188,2019-06-15 11:20:24,22.542933,114.072688,11.810492765913637,87.78551835100433,-1.7935016659688523
188,2019-06-15 11:20:25,22.542937,114.0728,10.016991099944782,89.25260745264063,-0.9198185796970382
188,2019-06-15 11:20:26,22.542938,114.072883,9.097172520247744,95.26475497817546,-0.7600109110204443
188,2019-06-15 11:20:27,22.54293,114.072977,8.3371616092273,91.82395218736876,-1.8328293250807135
188,2019-06-15 11:20:28,22.542928,114.073045,6.504332284146586,100.5741023901562,-1.605903944224468
188,2019-06-15 11:20:29,22.542918,114.073103,4.898428339922118,86.65052880555032,-1.804948374121794
188,2019-06-15 11:20:30,22.54292,114.07314,3.093479965800324,81.9615332755825,-0.9655876047644688
188,2019-06-15 11:20:31,22.542923,114.073163,2.127892361035855,65.97127940722464,-0.864543060460828
188,2019-06-15 11:20:32,22.54293,114.07318,1.2633493005750271,107.18950430405852,-1.0733620327543143
188,2019-06-15 11:20:33,22.542928,114.073187,0.1899872678207128,270.0000007892327,0.1439568963577622
188,2019-06-15 11:20:34,22.542928,114.073183,0.3339441641784751,99.45712472549894,0.0196747984327595
188,2019-06-15 11:20:48,22.54292,114.073235,0.6093913422371083,78.42363572973329,3.6537879934119752
188,2019-06-15 11:20:49,22.542927,114.073272,4.263179335649084,83.14009477149034,0.6150139958592229
188,2019-06-15 11:20:50,22.542932,114.073317,4.878193331508307,96.1794955110886,0.2867577986414096
188,2019-06-15 11:20:51,22.542927,114.073367,5.164951130149716,96.17949527883592,0.6590667057845812
188,2019-06-15 11:20:52,22.542922,114.073417,5.824017835934297,93.93257990716052,1.023759415199157
188,2019-06-15 11:20:53,22.542918,114.07348,6.847777251133454,94.42231014368724,0.0846156452975392
188,2019-06-15 11:20:54,22.542913,114.07355,6.9323928964309935,86.18803612534509,0.0053487040793509
188,2019-06-15 11:20:55,22.542917000000006,114.073615,6.9377416005103445,89.11383196511406,0.1026173389137818
188,2019-06-15 11:20:56,22.542918,114.073685,7.040358939424126,86.30150454767443,-0.2394738292544103
188,2019-06-15 11:20:57,22.542922,114.073752,6.800885110169716,84.2925616274348,-0.3155901272594654
188,2019-06-15 11:20:58,22.542928,114.073817,6.485294982910251,87.96688222224554,-0.6817471385320673
188,2019-06-15 11:20:59,22.54293,114.073878,5.803547844378183,89.9999900321427,-0.7187410912918129
188,2019-06-15 11:21:00,22.54293,114.07393,5.0848067530863705,87.36203627123768,-0.3012282717551136
188,2019-06-15 11:21:01,22.542932,114.073977,4.783578481331257,85.96088394152525,-0.2617539811780611
188,2019-06-15 11:21:02,22.542935,114.074023,4.521824500153196,89.99999194794702,-0.2052512714387582
188,2019-06-15 11:21:03,22.542935,114.074065,4.316573228714438,85.57766772690667,-0.2924564907253604
188,2019-06-15 11:21:04,22.542938,114.074107,4.024116737989077,83.14009598478378,-0.3949977708685268
188,2019-06-15 11:21:05,22.542942,114.074143,3.6291189671205504,80.95302872644152,-0.0751220583442897
188,2019-06-15 11:21:06,22.542947,114.074177,3.5539969087762606,89.9999932915212,-0.5674404061651583
188,2019-06-15 11:21:07,22.542947,114.07421200000002,2.9865565026111023,100.66395952850512,-1.1884678978654737
188,2019-06-15 11:21:08,22.542943,114.07423500000002,1.7980886047456286,65.71810331692018,-0.5962967854883658
188,2019-06-15 11:21:09,22.54294800000001,114.074247,1.2017918192572628,95.62150667398066,-0.1106313918683574
188,2019-06-15 11:21:10,22.542947,114.074258,1.0911604273889053,102.21850228004688,-0.6256836023182606
188,2019-06-15 11:21:11,22.542945,114.074268,0.4654768250706447,342.8882778424775,-0.1476595941016011
188,2019-06-15 11:21:12,22.54294800000001,114.074267,0.3178172309690435,317.27466716704936,-0.0650175634054046
188,2019-06-15 11:21:13,22.54295,114.074265,0.2527996675636388,340.89662240765585,0.0002902469995858
188,2019-06-15 11:21:28,22.542982,114.074253,0.257153372557426,342.8882821614316,0.1876263341879924
188,2019-06-15 11:21:29,22.542985,114.074252,0.4447797067454184,10.465618227773462,-0.0663673374416383
188,2019-06-15 11:21:30,22.54299,114.074253,0.3784123693037801,89.99999921076699,-0.1216654680427331
188,2019-06-15 11:21:31,22.54299,114.074257,0.2567469012610469,89.99999980269172,-0.1810644277972415
188,2019-06-15 11:21:32,22.54299,114.074258,0.0756824734638053,234.17752124287205,0.0709261220932075
188,2019-06-15 11:21:35,22.542988,114.074255,0.2884608397434279,180.0,0.3231112567441725
188,2019-06-15 11:21:36,22.54298,114.074255,0.6115720964876005,180.0,-0.280729319784879
188,2019-06-15 11:21:37,22.542977,114.074255,0.3308427767027215,111.01646876265976,0.0066394159942982
188,2019-06-15 11:21:57,22.542955,114.074317,0.4636310965886859,80.09411530079774,3.224324277358617
188,2019-06-15 11:21:58,22.54296,114.074348,3.687955373947303,82.29235170144273,0.8015283492988097
188,2019-06-15 11:21:59,22.542965,114.07438799999998,4.489483723246113,86.04654579652134,1.877840556442128
188,2019-06-15 11:22:00,22.542968,114.074435,6.3673242796882406,92.41553199627988,1.0916102496889597
188,2019-06-15 11:22:01,22.542965,114.074512,7.4589345293772,94.55184156367363,0.0389008323425246
188,2019-06-15 11:22:02,22.54296,114.07458,7.497835361719725,84.4500933908281,0.3594082846177642
188,2019-06-15 11:22:03,22.542967,114.074658,7.857243646337489,94.12854471831406,-0.462095611892849
188,2019-06-15 11:22:04,22.542962,114.074733,7.39514803444464,87.30476824244408,-0.3337485212257265
188,2019-06-15 11:22:05,22.542965,114.074802,7.061399513218913,82.74075180397818,-0.7297831729847131
188,2019-06-15 11:22:06,22.542973,114.07487,6.3316163402342,89.99998945656523,-0.8361069759256097
188,2019-06-15 11:22:07,22.542973,114.074925,5.495509364308591,87.61537571624501,-0.4629623624646033
188,2019-06-15 11:22:08,22.542975,114.074977,5.032547001843987,94.03909959284442,-0.0876669505474518
188,2019-06-15 11:22:09,22.542972,114.075023,4.944880051296535,94.95049779423942,-0.0616216520757166
188,2019-06-15 11:22:10,22.542968,114.075073,4.883258399220819,89.99999137543801,-0.5609611086545492
188,2019-06-15 11:22:11,22.542968,114.075118,4.3222972905662695,97.90279866886004,-0.6761837644206246
188,2019-06-15 11:22:12,22.542963,114.075157,3.646113526145645,101.83564809316772,-0.5093630801509823
188,2019-06-15 11:22:13,22.542957,114.07518799999998,3.1367504459946627,83.82048786976651,-0.3076129783305505
188,2019-06-15 11:22:14,22.54296,114.075218,2.829137467664112,89.99999520935643,-0.3130172988998656
188,2019-06-15 11:22:15,22.54296,114.075243,2.5161201687642465,89.99999540436272,0.0895905886131411
188,2019-06-15 11:22:16,22.54296,114.075267,2.605710757377388,71.57463851407408,-0.0522406306688032
188,2019-06-15 11:22:17,22.542968,114.075293,2.5534701267085844,78.86316801382452,-0.232070672119216
188,2019-06-15 11:22:18,22.542972,114.075315,2.3213994545893684,89.99999559058983,-0.1105777230870952
188,2019-06-15 11:22:19,22.542972,114.075338,2.210821731502273,96.17950309639002,-0.7708006878854095
188,2019-06-15 11:22:20,22.54297,114.075358,1.4400210436168637,127.7175669700622,-0.6519280136441145
188,2019-06-15 11:22:21,22.542965,114.075365,0.7880930299727492,74.85399798365864,-0.1719003579555723
188,2019-06-15 11:22:22,22.542967,114.075373,0.6161926720171769,118.4295366282846,-0.003798362562861
188,2019-06-15 11:22:23,22.542965,114.075377,0.6123943094543158,173.4144123874222,-0.0869989383605818
188,2019-06-15 11:22:24,22.542957,114.075378,0.525395371093734,68.85906703958483,0.0801328698533959
188,2019-06-15 11:22:26,22.542962,114.075392,0.6856611108005258,125.82247246556204,0.0002767748397125
188,2019-06-15 11:22:27,22.542958,114.075398,0.6859378856402384,123.00925309639098,0.1212754842273136
188,2019-06-15 11:22:28,22.542955,114.075403,0.807213369867552,169.53437833803378,-0.6596433682021214
188,2019-06-15 11:22:29,22.542945,114.075405,0.1475700016654305,54.17752471661839,0.0040788661992921
188,2019-06-15 11:22:42,22.542957,114.075423,0.200595262256229,50.92179271628612,0.1450419870848729
188,2019-06-15 11:22:43,22.54296,114.075427,0.3456372493411019,0.0,-0.166543643803095
188,2019-06-15 11:22:44,22.542962,114.075427,0.1790936055380069,8.750969681119159,-0.0114149233830161
188,2019-06-15 11:22:48,22.542968,114.075428,0.1334339120059424,270.0000001973082,-0.0422489520927489
188,2019-06-15 11:22:49,22.542968,114.075427,0.0911849599131934,24.787308950226816,0.0161356455996503
188,2019-06-15 11:23:01,22.542978,114.075432,0.2848127071089973,73.74838297249971,3.242615743495844
188,2019-06-15 11:23:02,22.542985,114.075458,3.527428450604841,87.04851962802195,1.3074116530677302
188,2019-06-15 11:23:03,22.542987,114.0755,4.834840103672571,86.42564553683047,0.7134006424142312
188,2019-06-15 11:23:04,22.54299,114.075552,5.548240746086802,89.99998926431653,0.5132813790542992
188,2019-06-15 11:23:05,22.54299,114.075608,6.061522125141101,92.9989786712552,0.8336554153311679
188,2019-06-15 11:23:06,22.542987,114.07567,6.895177540472269,94.29993684617703,1.7920836659770665
188,2019-06-15 11:23:07,22.542982,114.075742,8.687261206449335,102.84075573035692,1.3534687611140352
188,2019-06-15 11:23:08,22.542962,114.075837,10.04072996756337,95.67847972855748,-0.2685169577461419
188,2019-06-15 11:23:09,22.542953,114.07593500000002,9.772213009817229,90.67425325248144,-0.5251425564860348
188,2019-06-15 11:23:10,22.542952,114.076027,9.247070453331194,92.81751819139804,-0.3386070275749357
188,2019-06-15 11:23:11,22.54294800000001,114.076115,8.908463425756258,95.8185601949067,-0.2360213755287645
188,2019-06-15 11:23:12,22.54294,114.0762,8.672442050227493,95.95777015348176,0.0746431069336939
188,2019-06-15 11:23:13,22.542932,114.076283,8.747085157161187,91.42579872058536,0.9738641784193208
188,2019-06-15 11:23:14,22.54293,114.07637,9.720949335580508,94.85388588495402,1.0637151378136096
188,2019-06-15 11:23:15,22.542922,114.076472,10.784664473394118,87.13035461351615,0.4233036243921138
188,2019-06-15 11:23:16,22.542927,114.07658,11.207968097786232,87.18244426629451,0.0901317802970265
188,2019-06-15 11:23:17,22.542932,114.07669,11.298099878083258,91.12775644349904,0.1576743529851487
188,2019-06-15 11:23:18,22.54293,114.0768,11.455774231068409,85.61663660816401,0.2196172976332882
188,2019-06-15 11:23:19,22.542938,114.076913,11.675391528701695,87.82433039527228,-0.1665441959902267
188,2019-06-15 11:23:20,22.542942,114.077027,11.508847332711468,88.30858545517583,-0.0573916461985515
188,2019-06-15 11:23:21,22.542945,114.077137,11.451455686512915,92.74282722290444,0.3621769092567106
188,2019-06-15 11:23:22,22.54294,114.07725,11.813632595769628,89.99997757263566,0.256677409297664
188,2019-06-15 11:23:23,22.54294,114.077367,12.070310005067292,87.37318452766488,0.2747212469411657
188,2019-06-15 11:23:24,22.542945,114.077485,12.345031252008456,85.93887094066395,0.1729383394737542
188,2019-06-15 11:23:25,22.542953,114.077607,12.517969591482212,84.88667052448545,0.2629815858137316
188,2019-06-15 11:23:26,22.542963,114.077728,12.780951177295943,77.78146931781265,-0.2560262737623677
188,2019-06-15 11:23:27,22.542988,114.077853,12.524924903533575,79.24463954387056,-0.9104635294285188
188,2019-06-15 11:23:28,22.543008,114.077967,11.614461374105057,78.66220529591948,-0.5588450799110589
188,2019-06-15 11:23:29,22.543028,114.078075,11.055616294193998,84.69781116836168,-0.4145267395483323
188,2019-06-15 11:23:30,22.543037,114.07818,10.641089554645664,89.99998044713146,0.0640044579002534
188,2019-06-15 11:23:31,22.543037,114.078282,10.70509401254592,82.43606216666979,0.1320095209751244
188,2019-06-15 11:23:32,22.54305,114.078388,10.837103533521043,78.01405040607773,-0.2298792772538096
188,2019-06-15 11:23:33,22.54307,114.07849,10.607224256267234,83.94072548786193,-0.1738215791261002
188,2019-06-15 11:23:34,22.54308,114.078592,10.433402677141132,91.2282249889459,0.3642836044652959
188,2019-06-15 11:23:35,22.543078,114.078693,10.79768628160643,94.5435203379775,0.2564142332154375
188,2019-06-15 11:23:36,22.54307,114.078802,11.054100514821869,91.17030440081312,-0.2123998813778591
188,2019-06-15 11:23:37,22.543068,114.078908,10.841700633444008,92.95145389245664,-0.0560440967072217
188,2019-06-15 11:23:38,22.543063,114.079013,10.785656536736786,84.69780982906417,-0.1039795494332818
188,2019-06-15 11:23:39,22.543072,114.079118,10.681676987303504,83.94072540263181,-0.2756373779953183
188,2019-06-15 11:23:40,22.543082,114.07922,10.406039609308186,86.90121346773253,-0.1324090057577152
188,2019-06-15 11:23:41,22.543087,114.07932,10.27363060355047,89.99998083148887,0.0058649050393153
188,2019-06-15 11:23:42,22.543087,114.07942,10.279495508589786,85.04946912738967,0.2035602194010923
188,2019-06-15 11:23:43,22.543095,114.07952,10.483055727990878,82.81047527691607,0.1209427195068073
188,2019-06-15 11:23:44,22.543107,114.079623,10.603998447497686,83.33999722426887,0.0624719382499421
188,2019-06-15 11:23:45,22.543118,114.079725,10.666470385747628,87.04850468077086,0.3588999739511713
188,2019-06-15 11:23:46,22.543123,114.07983,11.0253703596988,78.6621960932095,-0.3202819829271135
188,2019-06-15 11:23:47,22.543143,114.07993799999998,10.705088376771686,109.6618366528462,0.477352618156651
188,2019-06-15 11:23:48,22.54311,114.080038,11.182440994928337,97.16301530220204,-0.498198005533661
188,2019-06-15 11:23:49,22.543097,114.08015,10.684242989394676,116.20408171289604,-1.1123829344130147
188,2019-06-15 11:23:50,22.543057,114.080238,9.57186005498166,99.6656797421573,-0.9316988924410924
188,2019-06-15 11:23:51,22.543043,114.080327,8.640161162540569,93.97027352156896,-1.3999013557781712
188,2019-06-15 11:23:52,22.543038,114.080405,7.240259806762397,85.08857483524946,-1.8474303267628545
188,2019-06-15 11:23:53,22.543043,114.080468,5.392829479999543,94.42231952770732,-1.591350244859166
188,2019-06-15 11:23:54,22.54304,114.08051,3.801479235140377,80.3978141208604,-0.5545476393607447
188,2019-06-15 11:23:55,22.543045000000006,114.080542,3.2469315957796323,89.99999406165546,-0.1146206609114943
188,2019-06-15 11:23:56,22.543045000000006,114.080573,3.132310934868138,89.99999424517341,0.1582779231758233
188,2019-06-15 11:23:57,22.543045000000006,114.080603,3.2905888580439613,84.54280620434304,0.0586757977682754
188,2019-06-15 11:23:58,22.543048,114.080637,3.3492646558122368,86.0041732879613,-0.5228618256205175
188,2019-06-15 11:23:59,22.54305,114.080668,2.8264028301917192,89.99999540435977,-0.4831369302446222
188,2019-06-15 11:24:00,22.54305,114.080692,2.343265899947097,109.8450068575097,-0.5950338088996312
188,2019-06-15 11:24:01,22.543043,114.080713,1.7482320910474658,123.00926799395666,-0.7152427303278603
188,2019-06-15 11:24:02,22.543037,114.080723,1.0329893607196057,49.10142678040376,-0.2950028645645854
188,2019-06-15 11:24:03,22.543045000000006,114.080733,0.73798649615502,143.5402888452876,0.9048792271604964
188,2019-06-15 11:24:04,22.54304,114.080737,1.6428657233155164,215.51487007566857,0.2147391774560836
188,2019-06-15 11:24:05,22.543018,114.08072,1.8576049007716,245.10743740808604,-1.2192375871414307
188,2019-06-15 11:24:06,22.543015,114.080713,0.6383673136301693,270.0000009470798,-0.3302710898786937
188,2019-06-15 11:24:07,22.543015,114.080708,0.3080962237514755,270.0000001973083,0.2547930963743305
188,2019-06-15 11:24:08,22.543015,114.080707,0.5628893201258061,250.8901677428161,0.0327466313319677
188,2019-06-15 11:24:12,22.543007,114.080682,0.6938758454536771,252.8104866462757,-0.0018111308187397
188,2019-06-15 11:24:13,22.543005,114.080675,0.6920647146349374,268.1488420515041,-0.0006855009429491
188,2019-06-15 11:24:23,22.543003,114.080608,0.6852097052054463,227.94087855696185,-0.055666443979862
188,2019-06-15 11:24:24,22.542998,114.080602,0.6295432612255842,270.0000009470797,-0.2839060481401778
188,2019-06-15 11:24:25,22.542998,114.080597,0.3456372130854064,10.465617413617622,-0.0136400832208549
188,2019-06-15 11:24:26,22.543003,114.080598,0.3319971298645515,153.63762207056843,0.0150295451844413
188,2019-06-15 11:24:39,22.542962,114.08062,0.5273812172622887,144.76733351134055,2.264052638132525
188,2019-06-15 11:24:40,22.542945,114.080633,2.7914338553948137,124.28295321399531,1.1876727374150686
188,2019-06-15 11:24:41,22.542928,114.08066,3.9791065928098814,91.29218363772328,1.5844366498199167
188,2019-06-15 11:24:42,22.542927,114.080708,5.563543242629799,97.19936503708806,1.265689902004178
188,2019-06-15 11:24:43,22.54292,114.080768,6.829233144633977,96.8598821340974,1.8409360636266865
188,2019-06-15 11:24:44,22.542912,114.08084,8.670169208260663,99.70131648235446,1.5311598144669656
188,2019-06-15 11:24:45,22.542897,114.080935,10.201329022727627,89.99998025577781,1.3955493312207192
188,2019-06-15 11:24:46,22.542897,114.081038,11.596878353948348,80.92384511506248,1.1168075058058875
188,2019-06-15 11:24:47,22.542915,114.08116,12.713685859754236,82.47815024118484,0.028458796252238
188,2019-06-15 11:24:48,22.54293,114.081283,12.742144656006474,86.50230783855307,-0.4615806450108959
188,2019-06-15 11:24:49,22.542937,114.081407,12.280564010995578,89.4605523351749,-0.4188526658782514
188,2019-06-15 11:24:50,22.542938,114.081522,11.861711345117326,90.53475343556408,0.6161927072674427
188,2019-06-15 11:24:51,22.542937,114.08163799999998,12.477904052384767,89.51151678540589,0.7263845208322675
188,2019-06-15 11:24:52,22.542938,114.081765,13.204288573217037,86.66336382418211,0.2510918217100588
188,2019-06-15 11:24:53,22.542945,114.081895,13.455380394927095,91.40959434884992,0.7693805658919022
188,2019-06-15 11:24:54,22.542942,114.082027,14.224760960818998,89.99997220539888,0.2045269102912232
188,2019-06-15 11:24:55,22.542942,114.082172,14.42928787111022,89.54383811718355,-0.7703480296985337
188,2019-06-15 11:24:56,22.542943,114.082308,13.658939841411687,90.4771623636184,-0.4616763197074256
188,2019-06-15 11:24:57,22.542942,114.08243799999998,13.197263521704262,88.53488289712209,0.3881317986814192
188,2019-06-15 11:24:58,22.542945,114.082565,13.58539532038568,84.1339485019231,0.4648155099782993
188,2019-06-15 11:24:59,22.542958,114.082702,14.05021083036398,88.17600829724529,-0.1818621508724103
188,2019-06-15 11:25:00,22.542962,114.082838,13.86834867949157,94.61947496790695,0.1041069840055115
188,2019-06-15 11:25:01,22.542952,114.082972,13.97245566349708,88.65161846843569,0.1496125907309373
188,2019-06-15 11:25:02,22.542955,114.08311,14.12206825422802,89.99997373784493,0.4124688805472765
188,2019-06-15 11:25:03,22.542955,114.083247,14.534537134775295,92.1235123508634,0.7740442966453536
188,2019-06-15 11:25:04,22.54295,114.083393,15.308581431420649,84.70936656548736,-0.5608220719356609
188,2019-06-15 11:25:05,22.542963,114.083545,14.747759359484988,91.37828129322509,-1.114638878853368
188,2019-06-15 11:25:06,22.54296,114.08368,13.63312048063162,95.70740218409397,0.0771669723049033
188,2019-06-15 11:25:07,22.54294800000001,114.08381,13.710287452936525,84.58238568220611,0.0450196361526717
188,2019-06-15 11:25:08,22.54296,114.083947,13.755307089089197,104.92342991483572,0.0656140240960247
188,2019-06-15 11:25:09,22.542928,114.084077,13.82092111318522,85.96086633448601,0.1165180689668137
188,2019-06-15 11:25:10,22.542937,114.084215,13.937439182152032,87.66908904685641,-0.4467276414587253
188,2019-06-15 11:25:11,22.542942,114.084348,13.490711540693308,83.77294108825345,-0.1004198562405882
188,2019-06-15 11:25:12,22.542955,114.084477,13.39029168445272,82.87889392697065,0.2312825863349079
188,2019-06-15 11:25:13,22.54297,114.084607,13.621574270787628,82.12063649690464,0.7381852093923715
188,2019-06-15 11:25:14,22.542987,114.08474,14.35975948018,85.30434878587903,0.4555914981114863
188,2019-06-15 11:25:15,22.542998,114.084885,14.815350978291486,87.83192377825287,-1.2076524256503056
188,2019-06-15 11:25:16,22.543003,114.085028,13.60769855264118,93.04803923565515,-0.564957247923795
188,2019-06-15 11:25:17,22.542997,114.08515,13.042741304717383,87.18243861845724,0.0631474861819487
188,2019-06-15 11:25:18,22.543003,114.085282,13.105888790899334,87.98338483991881,-0.258797194559385
188,2019-06-15 11:25:19,22.543007,114.085405,12.847091596339949,87.55909858107549,-1.0334647303903903
188,2019-06-15 11:25:20,22.543012,114.085532,11.813626865949558,89.99998025576133,-2.103490752181168
188,2019-06-15 11:25:21,22.543012,114.085635,9.71013611376839,120.77382352104831,-0.9971600949224086
188,2019-06-15 11:25:22,22.542968,114.085715,8.712976018845982,74.85398130745034,-0.4803916632684615
188,2019-06-15 11:25:23,22.54299,114.085803,8.23258435557752,82.844858355636,-2.0967676291942663
188,2019-06-15 11:25:24,22.542998,114.085872,6.135816726383254,87.52010786376974,-1.9583492357612176
188,2019-06-15 11:25:25,22.543000000000006,114.085922,4.177467490622036,80.094112147673,-1.2677075337535788
188,2019-06-15 11:25:26,22.543005,114.085953,2.9097599568684576,82.59716821888651,-1.0141435280780562
188,2019-06-15 11:25:27,22.543008,114.085978,1.8956164287904012,24.78730195286488,-0.9456804662651568
188,2019-06-15 11:25:28,22.543022,114.085985,0.9499359625252448,118.42954526666028,-0.3337435443115712
188,2019-06-15 11:25:29,22.543018,114.085993,0.6161924182136734,42.725317618788495,0.4477530774575823
188,2019-06-15 11:25:30,22.543022,114.085997,1.0639454956712555,272.58307886733417,0.3324842222628981
188,2019-06-15 11:25:31,22.543023,114.085973,1.3964297179341538,305.8224869537053,-0.4347130725823052
188,2019-06-15 11:25:32,22.543025,114.08597,0.9617166453518486,328.3782348754441,0.1933730780388125
188,2019-06-15 11:25:33,22.543037,114.085962,1.1550897233906612,37.67470557729109,0.0494668852793153
188,2019-06-15 11:25:40,22.543098,114.086013,1.5013579203458685,87.18245346423203,3.384743521952145
188,2019-06-15 11:25:41,22.5431,114.086057,4.886101442298013,86.35574463321501,0.512740626396047
188,2019-06-15 11:25:42,22.543103,114.086108,5.39884206869406,87.70359584904332,-0.3152576063472123
188,2019-06-15 11:25:43,22.543105,114.08616200000002,5.083584462346848,92.75501517725826,-0.9741328610822384
188,2019-06-15 11:25:44,22.543103,114.086207,4.10945160126461,82.94603829518604,-0.0657996507969729
188,2019-06-15 11:25:45,22.543107,114.086242,4.043651950467637,81.4087965206993,0.9385883162098798
188,2019-06-15 11:25:46,22.543113,114.086285,4.9822402666775165,81.86174970286464,-0.2316757918735223
188,2019-06-15 11:25:47,22.54312,114.08633799999998,4.750564474803994,86.82192958070448,-1.281187953828384
188,2019-06-15 11:25:48,22.543122,114.086377,3.4693765209756102,52.06123925882616,-0.639711639910848
188,2019-06-15 11:25:49,22.54314,114.086402,2.829664881064762,71.76156990593768,-0.899291973629553
188,2019-06-15 11:25:50,22.543147,114.086425,1.9303729074352087,75.97125923291458,-0.6475542267080452
188,2019-06-15 11:25:51,22.54315,114.086438,1.282818680727164,19.55642719211255,-0.0115502171319847
188,2019-06-15 11:25:52,22.543163,114.086443,1.2712684635951792,42.72528664819299,-0.2363147791344355
188,2019-06-15 11:25:53,22.54317,114.08645,1.0349536844607437,72.00521007243327,0.2793830999980533
188,2019-06-15 11:25:54,22.543173,114.08646,1.314336784458797,71.91617166690378,0.0702036039550511
188,2019-06-15 11:25:59,22.543192,114.086523,1.6653548042340525,110.91385963960704,3.7236608325993767
188,2019-06-15 11:26:00,22.54318,114.086557,5.389015636833429,68.85902375304727,0.5819702450099529
188,2019-06-15 11:26:01,22.543205,114.086627,5.970985881843382,79.52672601978924,-1.5555995146189288
188,2019-06-15 11:26:02,22.543212,114.086668,4.415386367224453,82.98570996578354,0.2463404110238674
188,2019-06-15 11:26:03,22.543217,114.086712,4.661726778248321,81.9615117012732,0.2243704645950845
188,2019-06-15 11:26:04,22.543223,114.086758,4.886097242843405,91.26582353083164,0.3589026828840067
188,2019-06-15 11:26:05,22.543222,114.086807,5.244999925727412,94.67156541248904,-0.1052569662701214
188,2019-06-15 11:26:06,22.543218,114.08686000000002,5.1397429594572905,89.99999099097386,-0.2615599129313297
188,2019-06-15 11:26:07,22.543218,114.086907,4.878183046525961,89.9999907963765,-0.3427167281988668
188,2019-06-15 11:26:08,22.543218,114.086955,4.535466318327094,79.27090018662318,-0.9302822640368804
188,2019-06-15 11:26:09,22.543225,114.086995,3.6051840542902136,94.12856106324,-1.1758102340284498
188,2019-06-15 11:26:10,22.543223,114.087025,2.429373820261764,65.97123307190918,-1.7380997963005391
188,2019-06-15 11:26:11,22.54323,114.087042,0.6912740239612246,289.8450371548008,0.1540850060680032
188,2019-06-15 11:26:12,22.543233,114.087033,0.8453590300292279,317.2747271793008,0.2682313525742988
188,2019-06-15 11:26:13,22.543238,114.087028,1.1135903826035267,235.91352295239608,0.061382028086554
188,2019-06-15 11:26:14,22.543228,114.08701200000002,1.1749724106900807,245.86637206424737,-0.0091633100993208
188,2019-06-15 11:26:23,22.543192,114.086925,1.0925026197961931,212.8832180424372,0.0300265710664151
188,2019-06-15 11:26:24,22.543182,114.086918,1.1225291908626085,220.61705713792423,-0.0832909706960421
188,2019-06-15 11:26:26,22.543168,114.086905,0.9559472494705242,247.90167363575532,0.2428063044666503
188,2019-06-15 11:26:27,22.543165,114.086897,1.1987535539371743,266.2830797306028,0.058611641829443
188,2019-06-15 11:26:31,22.543162,114.086847,1.4332001212549468,226.30810497269,0.2292828181551744
188,2019-06-15 11:26:32,22.543147,114.08683,1.6624829394101213,241.57043301016623,-0.8559963750225885
188,2019-06-15 11:26:33,22.543143,114.086822,0.8064865643875327,210.78925085088264,-0.045506800144593
188,2019-06-15 11:26:38,22.543112,114.086802,0.5789525636645676,56.99071506971194,0.6551112560153447
188,2019-06-15 11:26:39,22.543115,114.086807,1.2340638196799123,111.29496463768668,0.1247395833563586
188,2019-06-15 11:26:45,22.543088,114.086882,1.982501319818064,104.873007370648,4.040080892966159
188,2019-06-15 11:26:46,22.543075,114.086935,6.022582212784224,92.95146211286232,0.283594598067121
188,2019-06-15 11:26:47,22.543072,114.086998,6.306176810851345,100.3988329447103,-0.4512949272863311
188,2019-06-15 11:26:48,22.543062,114.087057,5.854881883565014,81.05010491722447,-0.3776006786650123
188,2019-06-15 11:26:49,22.54307,114.087112,5.4772812049000015,86.35574541928133,-0.3396380799945735
188,2019-06-15 11:26:50,22.543073,114.087163,5.137643124905428,89.99999060570508,-0.0528416378004923
188,2019-06-15 11:26:51,22.543073,114.087212,5.084801487104936,87.52010652586341,0.1255651077098702
188,2019-06-15 11:26:52,22.543075,114.087262,5.210366594814806,81.54713139007924,-0.0679127220658264
188,2019-06-15 11:26:53,22.543082,114.087313,5.14245387274898,92.53041936713988,-0.8291088234690251
188,2019-06-15 11:26:54,22.54308,114.087362,4.313345049279954,86.45960081836034,-0.7081574107183433
188,2019-06-15 11:26:55,22.543082,114.087397,3.605187638561611,84.69782262504009,-1.232671746936976
188,2019-06-15 11:26:56,22.543085,114.087432,2.372515891624635,124.5672214361884,-1.067160998969662
188,2019-06-15 11:26:57,22.543078,114.087443,1.305354892654973,105.14600971482156,0.2337922925343087
188,2019-06-15 11:26:58,22.543075,114.087455,1.5391471851892815,57.50694310474961,0.3122993810390821
188,2019-06-15 11:26:59,22.543085,114.087472,1.851446566228364,96.8599007906114,-0.2509024735909611
188,2019-06-15 11:27:00,22.543083,114.08749,1.6005440926374028,67.39146679554864,0.1341446409285276
188,2019-06-15 11:27:01,22.543088,114.087503,1.7346887335659305,74.09621252135503,0.4792699349520304
188,2019-06-15 11:27:02,22.543093,114.087522,2.213958668517961,79.33602033558986,0.1134229982396752
188,2019-06-15 11:27:03,22.543097,114.087545,2.327381666757636,87.18245772507856,-1.4580458712297943
188,2019-06-15 11:27:04,22.543098,114.087567,0.8693357955278417,248.39047529151705,0.1259987687700781
188,2019-06-15 11:27:11,22.543068,114.08748500000002,1.751327176918389,255.7803080946177,4.1382163437342925
188,2019-06-15 11:27:12,22.543057,114.087438,5.889543520652681,251.91621235872043,2.583100075690425
188,2019-06-15 11:27:13,22.543038,114.087375,8.472643596343106,281.4027465103333,3.2540046481670317
188,2019-06-15 11:27:14,22.543057,114.087273,11.726648244510136,266.5577367483929,-0.162212579350804
188,2019-06-15 11:27:15,22.54305,114.087147,11.564435665159332,268.74696971503465,-0.0319869101350462
188,2019-06-15 11:27:16,22.543048,114.087048,11.532448755024287,278.3766997177717,1.8956549974652912
188,2019-06-15 11:27:17,22.543065,114.086923,13.428103752489578,269.08781145065564,-0.0743781791428919
188,2019-06-15 11:27:18,22.543063,114.08678700000002,13.353725573346686,268.4994999505154,-0.8225101306627387
188,2019-06-15 11:27:19,22.54306,114.086663,12.531215442683948,273.6139797168518,0.4053483109957643
188,2019-06-15 11:27:20,22.543067,114.086543,12.936563753679712,276.1327255846292,0.8107875180396267
188,2019-06-15 11:27:21,22.54308,114.086412,13.74735127171934,276.859930254559,0.0331982408280193
188,2019-06-15 11:27:22,22.543095,114.086277,13.780549512547358,274.6892134167372,0.1159509179291227
188,2019-06-15 11:27:23,22.543105,114.086145,13.89650043047648,273.14361460503244,0.8972283695379062
188,2019-06-15 11:27:24,22.543112,114.086007,14.793728800014389,270.0000287531008,-0.666021862287586
188,2019-06-15 11:27:25,22.543112,114.085857,14.1277069377268,281.35561819879,-0.9540788750594889
188,2019-06-15 11:27:26,22.543135,114.085733,13.173628062667312,271.4204028104856,0.3426836755998259
188,2019-06-15 11:27:27,22.543138,114.085602,13.516311738267138,273.2861982397234,-0.3796938000143672
188,2019-06-15 11:27:28,22.54314500000001,114.08547,13.13661793825277,276.02994278397705,3.31874988626223
188,2019-06-15 11:27:29,22.543157,114.085347,16.455367824515,290.04049797711,1.1221521578494205
188,2019-06-15 11:27:30,22.54322,114.08516000000002,17.57751998236442,270.8382916122743,-2.656260887787271
188,2019-06-15 11:27:31,22.543222,114.085012,14.92125909457715,276.52476447073025,0.1370187702035856
188,2019-06-15 11:27:32,22.543237,114.08487,15.058277864780736,274.12859611679164,0.860098499648867
188,2019-06-15 11:27:33,22.543247,114.08472,15.918376364429603,266.51481532027555,3.831437450543637
188,2019-06-15 11:27:34,22.543238,114.08456,19.74981381497324,245.59549935172151,-2.0133252238846424
188,2019-06-15 11:27:35,22.54315,114.08435,17.736488591088598,263.7166013121591,-4.3596430862960585
188,2019-06-15 11:27:36,22.543138,114.084232,13.37684550479254,268.6896388036424,1.0679947589518424
188,2019-06-15 11:27:37,22.543135,114.08409,14.444840263744382,260.20675034489943,-4.171213229578548
188,2019-06-15 11:27:38,22.543113,114.083952,10.273627034165834,286.53498620045286,-2.389720019467076
188,2019-06-15 11:27:39,22.54313,114.08389,7.883907014698758,272.0669823165865,1.5210754797265995
188,2019-06-15 11:27:40,22.543133,114.0838,9.404982494425358,272.66630086800853,0.7646159876625394
188,2019-06-15 11:27:41,22.543137,114.083707,10.169598482087896,270.0000201273433,0.3080244473603706
188,2019-06-15 11:27:42,22.543137,114.083602,10.477622929448268,267.4951163956853,-1.028692700954478
188,2019-06-15 11:27:43,22.543133,114.083503,9.44893022849379,271.45936809147173,-1.911630954142928
188,2019-06-15 11:27:44,22.543135,114.083418,7.537299274350862,282.02410480061394,0.1280086658147059
188,2019-06-15 11:27:45,22.543147,114.083357,7.665307940165568,274.27042767056446,1.1092840164381217
188,2019-06-15 11:27:46,22.543153,114.08327,8.77459195660369,277.4322494593219,-0.9534727595813556
188,2019-06-15 11:27:47,22.543163,114.083187,7.821119197022334,269.1010162814268,-1.9081903003808296
188,2019-06-15 11:27:48,22.543162,114.083118,5.912928896641504,251.3839398452257,-2.0029818376424453
188,2019-06-15 11:27:49,22.543148,114.083073,3.909947058999059,256.9377138186354,-2.455068583782305
188,2019-06-15 11:27:50,22.543142,114.083045,1.4548784752167538,0.0,-0.8830132133878773
188,2019-06-15 11:27:51,22.543152,114.083045,0.5718652618288765,252.81046965303636,3.0429820175659064
188,2019-06-15 11:27:52,22.54315,114.083038,3.614847279394783,216.17339715402508,1.4807065749892327
188,2019-06-15 11:27:53,22.543102,114.083,5.095553854384016,219.1028522472841,-2.09724500547731
188,2019-06-15 11:27:54,22.543077,114.082978,2.9983088489067056,253.1345742437589,1.941352639913453
188,2019-06-15 11:27:55,22.54307,114.082953,4.939661488820159,182.03444959055585,1.3347111541129817
188,2019-06-15 11:27:56,22.542992,114.08295,6.27437264293314,198.05461024599248,-2.5411103939806927
188,2019-06-15 11:27:57,22.542958,114.08293799999998,3.733262248952448,197.11172477394075,-0.0265244085949576
188,2019-06-15 11:27:58,22.542928,114.082928,3.7067378403574898,319.27235175846533,3.281429697290708
188,2019-06-15 11:27:59,22.542987,114.082873,6.988167537648198,310.00052632193126,-1.996660278908452
188,2019-06-15 11:28:00,22.543018,114.082833,4.9915072587397455,298.429555845349,-2.0077624494430646
188,2019-06-15 11:28:01,22.543038,114.082793,2.983744809296681,279.4571449506213,-1.2577864298072052
188,2019-06-15 11:28:02,22.54304,114.08278,1.7259583794894755,307.3899453201669,1.6948189989839395
188,2019-06-15 11:28:03,22.543052,114.082763,3.4207773784734155,280.6639811257013,-0.0812174473980658
188,2019-06-15 11:28:04,22.54306,114.082717,3.3395599310753497,240.3230202365384,-1.2379797911925077
188,2019-06-15 11:28:05,22.54305,114.082698,2.101580139882842,275.8873700858003,1.2379797898866762
188,2019-06-15 11:28:06,22.543052,114.082677,3.339559929769518,270.000008434932,3.682478056929588
188,2019-06-15 11:28:07,22.543052,114.082633,7.0220379866991065,292.09833058540625,0.8592661158985049
188,2019-06-15 11:28:08,22.543085,114.082545,7.881304102597611,295.16714702335514,-2.659349871604673
188,2019-06-15 11:28:09,22.543108,114.082492,5.221954230992938,292.0983281828476,-1.431911294315932
188,2019-06-15 11:28:10,22.543123,114.082452,3.790042936677006,270.00000613505966,-0.810794691717684
188,2019-06-15 11:28:11,22.543123,114.08242,2.979248244959322,293.41705694286054,-0.4839440256027889
188,2019-06-15 11:28:12,22.543133,114.082395,2.495304219356533,261.96153002452843,-0.066668254927412
188,2019-06-15 11:28:13,22.54313,114.082372,2.428635964429121,36.45968164838274,3.102707621125058
188,2019-06-15 11:28:14,22.543175,114.082408,5.531343585554179,31.966130512285417,0.689356221424795
188,2019-06-15 11:28:15,22.543212,114.082433,6.220699806978974,31.84171925639401,0.5133038159400067
188,2019-06-15 11:28:16,22.54327,114.082472,6.734003622918981,31.621712436501014,-1.0481132916568925
188,2019-06-15 11:28:17,22.543315,114.082502,5.6858903312620885,11.485552367901391,-2.76193878477759
188,2019-06-15 11:28:18,22.543365,114.082513,2.9239515464844987,354.73982027583816,-0.0029120802239378
188,2019-06-15 11:28:43,22.543997,114.08245,2.8511495408860528,18.56458199102235,1.042027660465941
188,2019-06-15 11:28:44,22.54403,114.082462,3.893177201351994,340.7372886465071,0.4482863302741271
188,2019-06-15 11:28:45,22.544067,114.082448,4.341463531626121,12.694809838285323,0.1358761198525524
188,2019-06-15 11:28:46,22.544108,114.082458,4.477339651478673,0.0,0.0842541947399366
188,2019-06-15 11:28:47,22.544147,114.082458,4.56159384621861,356.3131803239855,0.0532812936714259
188,2019-06-15 11:28:48,22.54419,114.082455,4.614875139890036,2.6439944290573294,-0.1008792585965983
188,2019-06-15 11:28:49,22.54423,114.082457,4.513995881293438,16.707899036388824,-0.0687340930999953
188,2019-06-15 11:28:50,22.54427,114.08247,4.445261788193442,24.1608903144338,-0.3739182170181481
188,2019-06-15 11:28:51,22.544305,114.082487,4.071343571175294,23.40921380936527,-0.2675155042402366
188,2019-06-15 11:28:52,22.544337,114.082502,3.8038280669350577,0.0,-0.5689704492081562
188,2019-06-15 11:28:53,22.544372,114.082502,3.234857617726901,11.352834794244131,0.6307276650890419
188,2019-06-15 11:28:54,22.544395,114.082507,3.865585282815944,104.73246958974022,0.0385117301936062
188,2019-06-15 11:28:55,22.544378,114.082577,3.9040970130095496,20.275898530529275,-1.8287563967355236
188,2019-06-15 11:28:56,22.544393,114.082583,2.075340616274026,218.2531154523884,1.1616583867467734
188,2019-06-15 11:28:57,22.544352,114.082548,3.2369990030208,229.1011609060799,-2.4565462715679423
188,2019-06-15 11:28:58,22.544348,114.082543,0.7804527314528574,222.72504690838957,-0.0341527067765835
188,2019-06-15 11:29:00,22.544337,114.082532,0.7121473178996903,204.7870949266065,-0.0678387199021018
188,2019-06-15 11:29:01,22.544333,114.08253,0.6443085979975884,105.14614111865312,-0.6443085979975884
188,2019-06-15 11:29:02,22.54433,114.082542,0.0,105.14614111865312,0.0
